time_My,species
0.000000,2
272.400000,3
316.289526,4
388.995415,5
434.482340,6
445.855377,7
502.715340,8
527.118198,9
536.996940,10
545.312140,11
571.375740,12
627.750340,13
633.496940,14
645.450951,15
664.366840,16
693.531340,17
718.145340,18
732.822073,19
738.518155,20
770.441007,21
777.388340,22
801.473540,23
806.808340,24
811.018340,26
826.152340,27
861.228340,28
882.203340,29
901.018340,31
921.557726,32
922.417840,33
938.198340,34
943.989340,39
956.628340,40
957.287265,41
1001.018340,42
1014.093340,43
1021.617540,44
1048.897340,45
1050.183640,46
1050.540840,47
1055.745340,48
1058.018340,50
1065.102340,51
1073.690340,52
1074.281340,53
1098.844340,54
1105.018340,58
1128.306340,59
1191.018340,62
1191.744590,63
1192.367840,64
1194.018934,65
1201.588340,66
1210.639173,67
1221.018340,68
1222.137740,69
1223.018340,70
1225.342973,71
1244.422613,72
1245.017340,73
1252.018340,75
1255.018340,78
1265.222340,79
1274.018340,81
1277.023190,82
1285.019840,83
1293.218340,84
1293.390590,85
1297.018340,90
1300.008340,91
1308.018340,93
1309.623767,94
1316.018340,95
1324.018430,96
1327.018340,99
1337.018340,100
1347.958340,101
1355.685007,102
1356.068751,103
1359.018340,105
1363.018340,108
1371.351140,109
1371.724740,110
1373.018340,113
1381.018340,114
1391.018340,115
1397.660340,116
1398.351673,117
1407.018340,120
1409.697252,121
1411.018340,122
1411.141065,123
1411.934340,124
1421.018340,125
1422.018340,126
1422.518340,127
1425.137340,128
1425.963340,129
1431.262840,130
1432.109340,131
1440.518340,132
1440.998340,133
1441.018340,134
1442.488340,135
1445.018340,138
1446.018340,139
1454.459340,140
1455.018340,142
1459.469340,143
1462.218340,144
1464.931673,145
1465.018340,155
1466.593840,156
1470.018340,158
1476.739623,159
1481.768340,161
1482.950340,162
1484.426340,163
1488.822871,166
1489.468088,167
1494.080118,168
1497.968340,169
1500.018340,171
1500.863340,172
1504.018340,173
1508.988020,174
1509.018340,177
1509.932340,178
1510.611673,179
1518.018340,180
1520.360007,181
1523.307778,182
1525.912417,183
1527.353340,184
1527.432140,186
1528.515284,187
1530.108340,188
1533.018340,190
1533.983340,191
1534.667815,192
1534.768340,193
1537.918450,194
1541.018340,196
1544.389360,197
1545.878340,198
1546.293340,199
1546.330769,200
1546.638340,201
1547.018340,207
1548.148340,208
1550.018340,211
1551.002007,212
1551.018340,224
1551.511740,225
1551.943340,226
1553.018340,228
1554.018340,229
1555.152840,230
1556.169105,231
1558.123907,232
1558.633340,233
1559.018340,240
1561.018340,243
1561.018340,248
1566.559805,249
1567.948850,250
1568.394340,251
1569.639340,252
1570.018340,253
1570.467880,254
1570.508340,255
1574.018340,257
1575.018340,259
1577.018340,260
1579.108340,261
1579.728595,262
1580.013340,263
1583.018340,264
1585.018340,265
1585.658340,266
1590.188340,267
1591.018340,268
1591.508340,269
1593.018340,270
1594.831673,271
1595.018340,274
1596.018340,275
1597.018340,278
1603.018340,279
1604.351673,280
1606.838769,281
1607.768340,282
1609.018340,283
1609.299421,284
1609.568340,285
1609.738280,286
1611.396385,287
1611.588340,288
1612.335850,289
1612.628340,290
1613.818340,291
1614.491097,293
1614.758340,294
1615.019405,295
1615.578340,296
1616.018340,298
1617.018340,300
1617.048340,301
1617.917058,302
1618.077680,303
1619.018340,304
1619.018340,305
1622.608340,306
1623.598340,307
1624.898340,308
1625.018340,309
1627.518340,310
1628.018340,311
1629.160236,312
1630.168340,313
1631.018340,316
1631.158340,317
1631.178340,321
1631.918340,322
1633.942240,324
1635.018340,325
1636.018340,327
1636.183340,328
1636.426882,329
1637.018340,335
1638.018340,336
1638.098694,338
1639.018340,341
1639.685691,342
1642.313340,343
1644.018340,344
1645.518340,345
1645.860690,346
1646.897150,347
1647.425240,349
1648.018340,351
1648.204200,352
1649.018340,354
1650.018340,356
1652.018340,359
1652.425473,360
1653.702040,361
1654.018340,362
1654.366491,363
1655.118340,365
1655.683340,367
1656.018340,369
1659.018340,371
1660.308340,372
1660.578340,374
1661.148340,375
1662.018340,376
1663.018340,377
1664.813990,378
1666.435640,379
1667.018340,383
1667.018340,388
1667.518340,389
1669.018340,391
1669.348340,392
1669.383761,393
1670.018340,394
1670.453340,395
1671.018340,399
1672.148340,400
1673.018340,405
1673.888340,406
1675.018340,407
1676.018340,408
1677.018340,409
1677.718340,410
1677.798340,411
1678.018340,412
1678.755007,413
1679.603007,414
1679.789833,415
1680.282340,416
1681.163007,417
1682.543340,418
1683.018340,422
1684.018340,424
1684.208340,425
1685.018340,430
1685.276228,431
1686.018340,433
1688.018340,434
1689.018340,437
1689.018340,438
1689.438340,441
1690.018340,442
1690.018340,445
1691.018340,448
1691.152346,449
1691.325007,450
1692.948340,451
1693.018340,453
1693.458340,456
1694.466340,457
1694.676823,458
1695.014673,459
1695.685740,460
1695.778340,461
1695.828340,462
1699.018340,464
1700.018340,466
1701.720217,467
1702.637693,468
1702.758340,470
1704.018340,471
1705.018340,472
1706.018340,475
1706.943040,476
1708.518340,477
1708.634965,478
1709.018340,479
1710.848340,480
1711.018340,482
1711.018340,484
1711.118340,485
1711.518340,486
1711.538340,487
1713.018340,489
1714.156340,490
1714.689833,491
1714.865240,492
1715.334123,494
1716.566130,495
1717.018340,496
1717.225340,497
1717.341673,498
1717.948340,499
1718.056623,500
1719.018340,513
1720.018340,517
1720.494517,518
1721.249340,519
1722.778340,520
1723.001940,521
1723.018340,522
1725.018340,529
1726.840847,533
1727.018340,534
1728.018340,535
1728.278340,537
1728.955207,538
1730.018340,540
1730.888340,541
1731.000117,542
1731.018340,543
1731.018340,550
1731.073340,551
1731.393340,552
1731.494673,553
1731.763340,554
1731.768340,555
1731.939340,556
1732.018340,557
1732.018340,558
1732.056173,559
1732.143340,560
1732.494208,561
1732.518340,562
1732.628340,563
1733.018340,565
1733.018340,567
1733.163340,568
1735.018340,570
1735.492340,572
1735.968340,573
1736.012340,574
1736.018340,576
1736.225924,577
1736.887933,578
1737.046840,579
1737.348600,580
1738.291142,581
1738.518340,582
1739.518340,583
1739.704973,584
1741.018340,586
1742.018340,587
1742.456500,588
1742.500940,589
1742.512995,590
1743.018340,594
1743.369920,595
1743.423090,596
1743.996840,597
1744.018340,599
1745.018340,605
1745.018340,610
1745.018340,611
1745.101340,612
1745.615365,613
1745.668237,614
1745.685007,615
1745.928340,617
1746.888340,618
1747.018340,621
1747.090340,623
1748.417498,624
1749.018340,626
1749.185340,627
1749.388340,628
1750.284340,629
1750.669840,630
1751.018340,631
1751.018340,632
1751.018340,633
1751.518340,634
1751.686253,635
1752.428340,636
1753.018340,639
1753.018340,642
1753.895152,643
1754.018340,647
1755.018340,652
1756.528340,653
1757.018340,656
1757.523740,657
1757.738340,658
1757.814340,659
1757.998340,660
1758.018340,663
1758.447632,664
1758.452340,665
1758.684500,666
1759.018340,668
1761.568385,669
1761.664140,670
1761.810673,671
1762.449770,672
1762.935101,673
1763.018340,677
1763.018340,679
1763.241686,680
1764.018340,681
1764.429590,682
1764.665007,683
1764.779631,684
1765.018340,685
1765.459243,686
1765.638340,687
1766.018340,688
1767.018340,689
1767.018340,691
1768.008340,692
1768.018340,695
1768.018340,697
1768.198340,703
1768.515340,704
1768.570340,705
1769.018340,709
1770.018340,710
1770.018340,712
1770.210340,713
1770.568659,714
1770.988340,715
1771.018340,717
1771.553040,718
1771.561917,719
1771.889631,720
1772.547840,721
1772.808340,722
1773.018340,723
1773.018371,724
1773.118340,725
1773.408340,726
1773.818340,727
1773.926140,728
1775.073340,729
1775.818340,730
1776.018340,731
1776.268240,732
1776.793340,733
1776.798340,734
1776.996340,735
1777.018340,736
1777.018371,737
1777.647011,738
1777.811990,739
1778.011391,740
1778.018340,741
1778.480340,742
1779.018340,747
1779.018340,748
1779.508340,749
1779.604319,750
1780.013783,751
1780.018340,752
1780.253798,753
1780.268371,756
1781.018340,758
1781.074640,759
1781.687140,760
1782.222773,761
1782.458770,762
1783.018340,763
1783.889340,764
1784.018340,765
1785.018340,766
1785.458340,767
1785.518340,768
1785.708340,769
1786.018340,770
1786.018340,772
1786.749240,773
1787.018340,775
1787.018340,778
1787.108640,779
1787.203430,780
1787.878340,781
1788.018340,786
1788.291040,789
1788.426766,790
1788.489870,791
1789.065007,792
1789.341340,793
1789.488036,794
1790.879690,795
1791.018340,798
1791.420340,799
1792.018340,801
1792.018340,805
1792.351815,806
1792.396490,807
1792.398340,808
1792.819170,809
1793.018340,810
1793.660223,811
1794.018340,815
1794.351340,816
1794.438240,817
1794.624340,818
1794.702771,819
1794.764340,820
1794.846040,821
1795.018340,823
1795.018340,826
1795.607040,829
1795.874340,830
1796.018340,831
1796.515380,832
1797.018340,839
1797.258340,840
1797.443340,842
1797.456340,843
1797.712982,844
1798.398340,845
1798.468340,846
1799.018340,849
1799.447940,851
1799.518340,852
1799.809015,853
1800.018340,857
1800.059460,858
1800.120985,859
1801.018340,860
1801.351673,861
1801.462640,862
1801.549070,863
1801.913540,864
1802.018340,865
1802.018340,868
1802.104354,869
1802.620576,870
1802.681475,871
1803.190090,872
1803.472107,873
1803.980840,874
1804.018340,875
1804.018340,876
1804.253189,877
1804.267630,878
1804.818605,881
1804.861635,882
1805.018340,883
1805.018340,884
1805.512340,886
1805.546940,887
1805.714846,888
1805.823340,889
1806.018340,891
1806.018340,893
1806.453340,894
1806.773340,895
1807.018340,896
1807.018340,901
1807.032338,902
1807.793840,903
1808.018340,905
1808.108340,907
1808.128340,908
1808.216290,909
1808.308340,911
1808.318340,912
1808.518340,913
1808.611340,914
1809.018340,915
1809.488695,916
1810.018340,919
1810.515194,920
1810.809880,921
1810.890576,922
1811.001140,923
1811.018340,924
1811.018340,925
1811.573340,926
1811.765007,927
1811.808340,928
1811.930640,930
1811.988340,931
1811.988340,933
1812.131437,934
1813.018340,935
1813.518340,936
1813.862540,937
1814.018340,938
1814.018590,940
1814.418340,941
1815.018340,946
1815.304340,947
1815.338398,948
1815.767590,949
1816.018340,950
1816.018340,951
1816.122525,952
1816.261402,953
1816.685140,954
1817.018340,955
1817.047040,956
1817.338340,957
1817.807087,958
1818.229605,960
1818.633340,961
1819.032340,962
1819.077567,963
1819.163340,964
1819.343140,965
1820.018340,966
1820.131810,967
1820.658340,968
1821.018340,969
1821.352538,970
1821.618340,971
1821.618390,972
1821.669073,973
1822.018340,974
1822.018340,975
1822.858340,976
1822.983640,978
1823.326080,981
1823.351673,982
1824.018340,984
1824.109940,985
1824.156810,987
1824.491340,988
1824.644596,989
1824.672285,990
1825.018340,991
1825.018340,995
1825.018340,997
1825.304340,998
1825.309007,999
1825.313673,1000
1825.318340,1001
1825.659887,1002
1826.018340,1003
1826.018340,1004
1826.228340,1006
1826.443727,1007
1826.510340,1008
1826.692640,1010
1826.708340,1012
1826.806107,1013
1826.959840,1014
1826.961340,1015
1827.018340,1020
1827.018340,1021
1827.104840,1022
1827.225995,1023
1828.018340,1025
1828.858340,1027
1828.908340,1028
1829.082118,1029
1829.425740,1030
1829.916029,1031
1830.031775,1032
1830.319838,1033
1830.387340,1034
1830.518340,1035
1830.685007,1036
1830.844610,1037
1831.018340,1043
1831.018340,1053
1831.068340,1054
1831.223340,1055
1831.333310,1056
1831.388340,1057
1831.518340,1058
1831.685007,1059
1831.685140,1060
1831.708490,1061
1832.018340,1062
1832.058340,1063
1832.436740,1064
1833.008645,1065
1833.022175,1066
1833.025590,1067
1833.159036,1068
1833.468340,1070
1833.518340,1071
1833.678340,1072
1834.018340,1073
1834.383210,1074
1834.535380,1076
1834.897007,1077
1835.018340,1078
1835.263340,1079
1835.578340,1080
1835.655188,1083
1835.704007,1084
1836.068970,1085
1836.088340,1086
1836.118340,1087
1836.573683,1089
1836.903340,1090
1837.018340,1091
1837.193340,1092
1837.536040,1093
1837.970557,1094
1838.018340,1096
1838.118345,1097
1838.163340,1098
1838.416875,1099
1838.438340,1100
1838.685007,1101
1838.768340,1102
1839.018340,1104
1839.120447,1105
1839.187300,1106
1839.610540,1107
1839.917440,1108
1840.018340,1109
1840.018340,1111
1840.230352,1112
1840.268340,1113
1840.304190,1114
1840.578340,1115
1840.729440,1116
1840.907735,1117
1841.018340,1124
1841.018340,1126
1841.045740,1127
1841.188915,1128
1841.447637,1129
1841.458340,1130
1841.828340,1131
1841.842315,1132
1841.871716,1133
1842.018340,1138
1842.018340,1139
1842.128340,1147
1842.135933,1148
1842.163340,1149
1842.351340,1150
1842.468340,1151
1842.892390,1152
1843.018340,1163
1843.243502,1164
1843.918340,1165
1844.018340,1168
1844.018340,1170
1844.666970,1171
1844.672108,1172
1844.889731,1173
1845.018340,1177
1845.018340,1181
1845.018340,1185
1845.518340,1186
1845.657607,1187
1845.768340,1188
1846.018340,1189
1846.018340,1190
1846.432910,1193
1847.018340,1194
1847.018340,1197
1847.018340,1199
1847.108940,1200
1847.294060,1201
1847.448340,1202
1847.998340,1206
1848.018340,1207
1848.263020,1208
1848.928340,1210
1849.018340,1212
1849.188340,1214
1849.351673,1215
1849.353340,1216
1849.358340,1217
1849.540340,1218
1849.617120,1219
1849.663340,1220
1849.674307,1221
1849.748340,1222
1850.018340,1224
1850.158340,1225
1850.217940,1226
1850.307965,1228
1850.352340,1229
1850.528340,1230
1850.633535,1232
1850.841995,1233
1851.018340,1234
1851.018340,1238
1851.018340,1245
1851.518340,1246
1851.683340,1247
1851.853712,1248
1851.890840,1249
1852.018340,1250
1852.118340,1253
1852.421673,1254
1852.469840,1255
1852.917935,1256
1853.018340,1257
1853.053390,1258
1853.148532,1259
1853.795340,1260
1853.808340,1261
1854.018340,1263
1854.018340,1264
1854.997140,1265
1855.018340,1285
1855.018340,1294
1855.208340,1295
1855.309340,1296
1855.984673,1297
1856.018340,1300
1856.018340,1301
1856.358340,1302
1856.382020,1303
1856.809440,1304
1857.018340,1308
1857.018340,1316
1857.018340,1318
1857.025840,1319
1857.713440,1321
1857.731770,1323
1857.828340,1324
1857.908953,1325
1858.018340,1328
1858.198340,1329
1858.518340,1330
1858.558340,1331
1858.594714,1332
1858.626250,1333
1858.787250,1334
1858.987340,1335
1859.018340,1336
1859.018340,1337
1859.027340,1338
1859.199907,1339
1859.311673,1340
1859.334340,1342
1859.338340,1343
1859.436114,1344
1859.874340,1345
1860.018340,1346
1860.396094,1348
1860.421140,1349
1860.439490,1351
1860.628340,1352
1860.695140,1353
1860.696145,1356
1860.822040,1357
1860.854067,1358
1861.018340,1359
1861.018709,1360
1861.118440,1361
1861.316285,1362
1861.344340,1363
1861.709265,1365
1861.806107,1367
1861.825278,1368
1862.018340,1369
1862.018340,1374
1862.209907,1375
1862.218340,1376
1862.268340,1378
1862.338675,1379
1862.598780,1380
1862.621840,1381
1863.018212,1382
1863.018340,1385
1863.303840,1386
1863.466240,1387
1863.518340,1388
1864.018340,1391
1864.367740,1392
1864.518340,1393
1864.631673,1394
1865.008340,1395
1865.018340,1396
1865.018340,1405
1865.018340,1412
1865.033240,1413
1865.048340,1414
1865.141690,1415
1865.142140,1416
1865.178340,1417
1865.178340,1418
1865.870500,1419
1865.996340,1420
1866.018340,1424
1866.118340,1425
1866.310790,1426
1866.518340,1429
1866.800007,1430
1866.818340,1435
1867.018340,1436
1867.018340,1439
1867.018340,1440
1867.103340,1441
1867.294240,1442
1867.390872,1443
1867.423240,1445
1867.686073,1446
1867.939490,1447
1867.954340,1448
1868.018340,1449
1868.018340,1450
1868.058340,1451
1868.127272,1452
1868.518340,1453
1868.628340,1454
1868.758340,1455
1868.863340,1456
1868.934623,1457
1868.938840,1458
1868.962176,1459
1869.018340,1466
1869.018340,1469
1869.123990,1470
1869.163286,1471
1869.214674,1472
1869.242387,1473
1869.259340,1474
1869.333340,1475
1869.368340,1476
1869.499290,1477
1869.818384,1478
1869.858340,1479
1870.018340,1480
1870.018340,1483
1870.064140,1484
1870.128340,1485
1870.243340,1486
1870.252340,1487
1870.447740,1488
1870.502325,1489
1870.658340,1490
1870.695740,1492
1871.018340,1500
1871.018340,1505
1871.018340,1506
1871.518340,1507
1871.642190,1508
1871.681440,1509
1871.745340,1510
1871.766390,1511
1871.820872,1512
1872.018340,1517
1872.068176,1518
1872.122791,1519
1872.178340,1520
1872.258340,1521
1872.368340,1522
1872.413340,1523
1872.469136,1524
1872.738450,1525
1872.798340,1526
1872.964127,1527
1873.018340,1528
1873.018340,1536
1873.152940,1537
1873.405140,1538
1873.418428,1539
1873.810673,1540
1873.922250,1541
1873.957980,1542
1874.018340,1543
1874.258340,1544
1874.339580,1545
1874.573840,1546
1874.632890,1547
1874.708673,1548
1874.818340,1549
1874.918340,1550
1875.018340,1551
1875.018340,1553
1875.018340,1554
1875.306790,1555
1875.397672,1556
1875.514547,1557
1875.765815,1558
1875.768340,1559
1876.018340,1560
1876.113340,1561
1876.153340,1562
1876.195470,1563
1876.335075,1564
1876.358340,1565
1876.437930,1566
1876.439490,1567
1876.498340,1568
1876.866340,1569
1877.018340,1571
1877.018340,1584
1877.078340,1585
1877.152440,1586
1877.178340,1587
1877.352905,1588
1877.950157,1589
1878.018340,1590
1878.247631,1591
1878.288340,1592
1878.448340,1593
1878.476239,1594
1878.512130,1595
1878.518340,1596
1878.662910,1597
1878.708340,1598
1878.838340,1599
1879.018340,1602
1879.018340,1607
1879.018340,1613
1879.025185,1614
1879.028340,1615
1879.334740,1616
1879.335715,1618
1879.353090,1619
1879.478340,1620
1879.612890,1621
1879.786340,1622
1879.908340,1623
1880.018340,1624
1880.372340,1625
1880.376992,1626
1880.635715,1627
1880.878440,1628
1880.948340,1629
1880.966860,1630
1881.018340,1633
1881.018340,1636
1881.060340,1637
1881.446440,1638
1881.498340,1639
1881.729240,1641
1881.861340,1643
1881.934960,1645
1881.934960,1646
1881.988340,1647
1882.018340,1655
1882.018340,1657
1882.221282,1658
1882.303496,1659
1882.358340,1660
1882.518340,1661
1882.695240,1662
1882.832340,1663
1882.857007,1664
1882.886340,1665
1883.018340,1666
1883.038340,1667
1883.098340,1668
1883.179529,1670
1883.209755,1671
1883.228340,1672
1883.328340,1673
1883.485715,1674
1883.505240,1676
1883.540540,1677
1884.018340,1679
1884.018340,1681
1884.018340,1683
1884.140190,1684
1884.171040,1685
1884.337839,1686
1884.368340,1690
1884.460540,1691
1884.473340,1692
1884.518340,1693
1884.528340,1694
1884.537340,1695
1884.589007,1696
1884.914690,1697
1885.018340,1698
1885.018340,1701
1885.019849,1702
1885.158340,1703
1885.318340,1705
1885.335090,1706
1885.719234,1707
1885.978340,1708
1885.989975,1709
1886.012773,1710
1886.016340,1711
1886.018340,1713
1886.018340,1714
1886.038940,1715
1886.074007,1716
1886.158340,1717
1886.297258,1718
1886.300553,1719
1886.323174,1720
1886.343558,1721
1886.608340,1722
1886.666633,1723
1886.667340,1724
1886.768340,1725
1886.775840,1726
1887.018340,1729
1887.018340,1730
1887.018340,1733
1887.107838,1734
1887.118540,1735
1887.144073,1736
1887.161879,1737
1887.350940,1738
1887.400840,1739
1887.401940,1740
1887.560840,1741
1887.615000,1742
1887.618340,1743
1887.639340,1744
1887.652240,1745
1887.707606,1746
1887.734940,1747
1888.018340,1749
1888.018340,1750
1888.018340,1751
1888.028340,1752
1888.263207,1753
1888.266994,1754
1888.374940,1755
1888.391340,1756
1888.518340,1757
1888.558340,1759
1888.601464,1760
1888.758340,1761
1889.007490,1762
1889.018340,1767
1889.018340,1775
1889.018340,1776
1889.018340,1784
1889.129840,1785
1889.228340,1786
1889.238340,1787
1889.261280,1788
1889.298140,1789
1889.438340,1790
1889.438973,1791
1889.455196,1792
1889.513340,1793
1889.518340,1794
1889.585440,1795
1889.656090,1796
1889.700797,1797
1889.772260,1798
1889.878340,1799
1890.018340,1801
1890.018340,1805
1890.095090,1806
1890.123940,1807
1890.318340,1808
1890.360632,1809
1890.433973,1810
1890.598340,1811
1890.626936,1812
1890.638340,1813
1890.804690,1814
1890.933456,1815
1891.018340,1821
1891.018340,1824
1891.019590,1825
1891.185007,1826
1891.223340,1827
1891.538340,1828
1891.728340,1830
1892.018340,1831
1892.078340,1832
1892.259840,1833
1892.287750,1834
1892.418340,1835
1892.463140,1836
1892.468040,1837
1892.518340,1838
1892.518340,1839
1892.703340,1840
1892.836640,1841
1892.875064,1842
1892.966040,1843
1893.018340,1844
1893.018340,1847
1893.018340,1851
1893.148340,1852
1893.348340,1853
1893.465007,1854
1893.478340,1855
1893.496442,1857
1893.504570,1858
1893.536173,1859
1893.659180,1860
1893.775340,1861
1893.870340,1862
1893.959340,1863
1894.018340,1866
1894.065240,1867
1894.137162,1868
1894.171340,1869
1894.214673,1870
1894.358340,1871
1894.398340,1872
1894.420340,1873
1894.501340,1875
1894.608440,1876
1894.628740,1877
1894.888340,1878
1894.998340,1879
1895.018340,1883
1895.028340,1884
1895.434840,1885
1895.468340,1886
1895.478340,1887
1895.771784,1888
1895.864125,1889
1895.908027,1890
1896.018340,1892
1896.018340,1894
1896.018340,1896
1896.022190,1897
1896.110970,1898
1896.214110,1899
1896.406673,1900
1896.518340,1901
1896.580366,1902
1896.674340,1903
1896.711715,1904
1897.018340,1906
1897.018340,1907
1897.021840,1910
1897.368340,1912
1897.415340,1913
1897.489240,1914
1897.518340,1915
1897.518340,1916
1897.618340,1917
1897.669205,1918
1897.694340,1919
1897.860640,1920
1897.900040,1921
1897.988340,1922
1898.018340,1923
1898.018340,1925
1898.042565,1926
1898.268340,1927
1898.326640,1928
1898.369840,1929
1898.395139,1930
1898.468340,1931
1898.505840,1932
1898.518340,1933
1898.520290,1934
1898.662773,1935
1898.678073,1936
1898.697402,1937
1898.777932,1938
1898.868166,1939
1899.018340,1943
1899.179004,1944
1899.422240,1945
1899.545107,1947
1899.580340,1948
1899.887257,1949
1899.888340,1950
1900.018340,1953
1900.018340,1961
1900.145007,1962
1900.255440,1963
1900.294607,1964
1900.303989,1965
1900.418340,1966
1900.560108,1967
1900.718340,1968
1900.935220,1969
1901.018340,1975
1901.018340,1983
1901.018340,1988
1901.029340,1989
1901.102990,1992
1901.143840,1993
1901.143840,1996
1901.164740,1997
1901.255521,1998
1901.388340,1999
1901.518340,2000
1901.818340,2001
1901.918340,2002
1901.928940,2003
1902.018340,2005
1902.018340,2007
1902.018340,2008
1902.018340,2010
1902.113340,2011
1902.168340,2018
1902.223340,2019
1902.238340,2021
1902.240947,2022
1902.315660,2023
1902.320070,2024
1902.370399,2025
1902.479640,2026
1902.490340,2027
1902.728340,2029
1902.731080,2030
1902.750940,2034
1902.753340,2035
1902.827451,2036
1903.018340,2039
1903.018340,2052
1903.018340,2054
1903.062798,2055
1903.138440,2056
1903.197390,2057
1903.270340,2058
1903.277867,2059
1903.350840,2060
1903.368840,2061
1903.408340,2062
1903.445340,2063
1903.505840,2064
1903.518340,2065
1903.618340,2066
1903.688340,2067
1903.775340,2068
1903.921840,2069
1903.948340,2070
1903.992440,2071
1904.018340,2072
1904.018340,2073
1904.028340,2074
1904.103340,2075
1904.218340,2076
1904.228340,2078
1904.431340,2079
1904.458340,2080
1904.492240,2081
1904.832464,2082
1904.882323,2083
1905.018340,2090
1905.018340,2093
1905.038340,2094
1905.203190,2095
1905.248340,2096
1905.259140,2099
1905.316240,2100
1905.316540,2101
1905.318340,2102
1905.343100,2103
1905.428540,2104
1905.509686,2105
1905.603340,2106
1905.729007,2107
1905.788340,2108
1905.839045,2109
1905.847125,2110
1906.018340,2113
1906.018340,2117
1906.224520,2118
1906.238340,2119
1906.238340,2120
1906.425340,2121
1906.518340,2122
1906.521790,2123
1906.638340,2124
1906.638340,2125
1906.723422,2126
1906.985340,2127
1907.018340,2136
1907.018340,2137
1907.018340,2144
1907.418340,2145
1907.438340,2146
1907.488340,2148
1907.508340,2151
1907.531040,2152
1907.588183,2153
1907.618340,2155
1907.706340,2156
1907.935878,2157
1908.010007,2158
1908.018340,2159
1908.018340,2161
1908.018340,2163
1908.098665,2164
1908.127120,2165
1908.151673,2166
1908.292010,2167
1908.414690,2168
1908.518340,2169
1908.558340,2170
1908.878040,2171
1908.920540,2172
1908.921673,2173
1909.018340,2174
1909.018340,2176
1909.038340,2178
1909.146508,2179
1909.168340,2180
1909.207140,2181
1909.398340,2182
1909.534740,2183
1909.570820,2184
1909.674340,2185
1909.728340,2186
1909.868340,2187
1910.018340,2191
1910.125640,2193
1910.225840,2194
1910.318340,2195
1910.323240,2196
1910.329340,2197
1910.484940,2198
1910.515340,2199
1910.637240,2200
1910.637240,2201
1910.712940,2202
1910.828340,2203
1910.911160,2204
1910.930966,2205
1910.977627,2206
1911.018340,2208
1911.018340,2212
1911.088340,2213
1911.096683,2215
1911.193840,2216
1911.249115,2217
1911.518340,2218
1911.626340,2219
1911.707207,2220
1911.731340,2221
1911.756840,2222
1911.887240,2225
1912.018340,2226
1912.268340,2228
1912.414690,2230
1912.440307,2231
1912.634640,2232
1912.650940,2233
1912.752640,2234
1912.813331,2235
1912.855445,2236
1912.892740,2238
1912.944340,2239
1912.948340,2240
1913.003852,2241
1913.018340,2242
1913.018340,2248
1913.018340,2252
1913.224477,2253
1913.235340,2254
1913.238340,2255
1913.298340,2264
1913.466750,2266
1913.588340,2267
1913.778101,2268
1914.018340,2272
1914.018340,2279
1914.018340,2280
1914.090740,2281
1914.225840,2282
1914.279805,2283
1914.345340,2284
1914.387780,2285
1914.434340,2286
1914.448340,2288
1914.518340,2289
1914.529110,2290
1914.543540,2291
1914.559340,2292
1914.586604,2293
1914.626340,2294
1914.818340,2295
1914.900537,2296
1915.018340,2298
1915.018340,2300
1915.018340,2306
1915.018340,2311
1915.068340,2312
1915.096440,2314
1915.109840,2315
1915.138815,2316
1915.185340,2317
1915.235240,2318
1915.315640,2319
1915.321673,2320
1915.518340,2321
1915.518340,2322
1915.698840,2323
1915.799990,2324
1915.818340,2325
1915.969197,2326
1916.018340,2327
1916.018340,2329
1916.018340,2331
1916.122340,2332
1916.136673,2333
1916.277340,2334
1916.367040,2335
1916.547535,2336
1916.595312,2337
1916.663211,2338
1916.733340,2339
1916.780769,2340
1917.018340,2346
1917.018340,2348
1917.047028,2349
1917.198340,2350
1917.230540,2351
1917.628340,2352
1917.798340,2353
1917.798340,2354
1917.938340,2355
1917.951162,2356
1917.997790,2357
1918.018340,2359
1918.058340,2360
1918.058340,2361
1918.123340,2362
1918.179040,2363
1918.188340,2365
1918.298340,2367
1918.375340,2369
1918.418340,2371
1918.507340,2372
1918.516340,2373
1918.581540,2374
1918.714890,2375
1918.787340,2376
1918.908560,2377
1919.018340,2382
1919.018340,2390
1919.018340,2398
1919.018340,2399
1919.046410,2400
1919.196342,2401
1919.340180,2402
1919.584804,2403
1919.656340,2404
1919.659340,2405
1919.671340,2406
1919.717890,2407
1919.718340,2409
1919.720840,2410
1919.801673,2411
1919.838340,2412
1919.981267,2413
1920.018340,2415
1920.018340,2418
1920.121940,2419
1920.306540,2420
1920.465160,2421
1920.468340,2422
1920.541770,2423
1920.578340,2424
1920.591512,2425
1920.637590,2427
1920.753830,2428
1920.868340,2429
1920.872169,2430
1920.931953,2431
1920.976840,2432
1921.018340,2433
1921.018340,2438
1921.018340,2444
1921.018340,2448
1921.029473,2449
1921.040540,2450
1921.105373,2451
1921.168340,2455
1921.199201,2456
1921.204214,2457
1921.325790,2458
1921.378340,2459
1921.439772,2460
1921.498340,2461
1921.548340,2462
1921.667843,2463
1921.848340,2464
1921.874140,2465
1921.892795,2466
1922.018340,2467
1922.018340,2469
1922.018340,2470
1922.027990,2471
1922.058340,2472
1922.098340,2473
1922.238340,2474
1922.241450,2475
1922.284204,2476
1922.285762,2477
1922.333170,2478
1922.340323,2479
1922.458488,2480
1922.478340,2481
1922.518340,2482
1922.568340,2483
1922.638340,2484
1922.648340,2485
1922.648340,2486
1922.688340,2487
1922.794340,2488
1922.910250,2489
1922.910250,2490
1923.018340,2495
1923.168340,2496
1923.378340,2498
1923.389040,2499
1923.438340,2501
1923.463240,2502
1923.498340,2503
1923.518340,2505
1923.528340,2507
1923.555036,2508
1923.558657,2509
1923.596440,2510
1923.598340,2511
1923.618340,2512
1923.645340,2513
1923.665340,2514
1923.689340,2515
1923.700340,2516
1923.710140,2517
1923.730340,2518
1923.738340,2519
1923.828340,2520
1923.848340,2521
1923.908340,2522
1923.918340,2523
1923.944566,2524
1923.970240,2525
1923.999462,2526
1924.017740,2527
1924.018340,2528
1924.018340,2531
1924.075040,2532
1924.242905,2533
1924.268340,2534
1924.453340,2535
1924.489415,2537
1924.531763,2538
1924.618340,2539
1924.638990,2540
1924.674940,2541
1924.725076,2542
1924.727367,2543
1924.862344,2544
1924.866973,2545
1924.878340,2546
1925.018340,2551
1925.018340,2553
1925.018340,2555
1925.020315,2556
1925.020499,2557
1925.038340,2565
1925.088340,2566
1925.172680,2567
1925.211070,2568
1925.218340,2569
1925.242490,2570
1925.266640,2571
1925.357326,2572
1925.396860,2573
1925.413340,2574
1925.520836,2575
1925.534840,2576
1925.578340,2577
1925.698340,2578
1925.738040,2579
1925.738340,2580
1925.758040,2581
1926.003340,2582
1926.013340,2584
1926.018340,2586
1926.018340,2587
1926.069659,2588
1926.174790,2589
1926.180640,2593
1926.244972,2594
1926.252340,2595
1926.258340,2596
1926.298340,2598
1926.330640,2599
1926.383340,2600
1926.388340,2605
1926.489515,2606
1926.518340,2607
1926.617440,2608
1926.638340,2609
1926.772871,2610
1926.818340,2611
1926.898340,2612
1926.908340,2613
1926.927050,2614
1927.018340,2619
1927.018340,2629
1927.018340,2631
1927.018340,2637
1927.066890,2638
1927.088340,2639
1927.108620,2640
1927.194940,2641
1927.312673,2642
1927.343517,2643
1927.447662,2644
1927.548340,2645
1927.608340,2646
1927.638340,2648
1927.660740,2649
1927.794340,2650
1927.798730,2651
1927.888310,2652
1927.926540,2653
1927.942550,2654
1927.978340,2655
1928.018340,2656
1928.018340,2662
1928.018340,2663
1928.063665,2664
1928.122480,2665
1928.128340,2666
1928.193055,2667
1928.291003,2668
1928.308403,2669
1928.348340,2670
1928.455390,2671
1928.488340,2672
1928.518340,2675
1928.558340,2676
1928.599760,2677
1928.698340,2678
1928.716535,2679
1928.718340,2680
1928.726240,2681
1928.768340,2682
1928.838840,2683
1928.868340,2684
1928.935440,2685
1928.998340,2686
1929.008340,2687
1929.018340,2688
1929.018340,2693
1929.114223,2694
1929.155007,2695
1929.172483,2696
1929.268167,2697
1929.298340,2698
1929.318340,2699
1929.360040,2700
1929.565740,2701
1929.722940,2702
1929.736180,2704
1929.753840,2705
1929.759340,2706
1929.783340,2707
1929.840540,2709
1930.018340,2710
1930.018340,2712
1930.018340,2714
1930.018340,2716
1930.109822,2717
1930.148340,2718
1930.198340,2719
1930.351673,2720
1930.362210,2721
1930.519860,2722
1930.540690,2723
1930.547535,2724
1930.588340,2725
1930.593840,2726
1930.648340,2727
1930.891620,2728
1930.909340,2729
1930.925340,2730
1931.017340,2732
1931.018340,2733
1931.018340,2748
1931.018340,2751
1931.018340,2754
1931.054553,2755
1931.068340,2756
1931.085340,2757
1931.149340,2758
1931.158340,2759
1931.428340,2760
1931.490397,2761
1931.528340,2762
1931.538340,2763
1931.596340,2764
1931.743615,2765
1931.811040,2766
1931.877673,2767
1931.969340,2768
1931.977640,2769
1932.004900,2770
1932.018340,2772
1932.018340,2778
1932.018340,2780
1932.095220,2781
1932.112245,2782
1932.218340,2783
1932.221641,2784
1932.268340,2785
1932.303340,2786
1932.369440,2787
1932.403340,2788
1932.441673,2789
1932.456000,2790
1932.468340,2791
1932.488340,2792
1932.528340,2794
1932.545940,2796
1932.612740,2797
1932.631400,2798
1932.635340,2799
1932.683765,2800
1932.698340,2801
1932.813840,2802
1932.982740,2803
1932.985007,2804
1933.018340,2811
1933.018340,2816
1933.018340,2818
1933.192170,2819
1933.254883,2820
1933.268782,2821
1933.318340,2822
1933.379440,2823
1933.388340,2824
1933.512340,2825
1933.526180,2826
1933.548340,2827
1933.550640,2828
1933.618340,2829
1933.642243,2830
1933.657170,2831
1933.736790,2832
1933.788216,2833
1933.888790,2834
1934.018340,2843
1934.018340,2844
1934.028340,2846
1934.098340,2847
1934.158340,2848
1934.217340,2849
1934.220710,2850
1934.401340,2851
1934.429950,2852
1934.458340,2853
1934.473147,2854
1934.550640,2855
1934.611140,2856
1934.698073,2857
1934.769234,2858
1934.791340,2859
1934.818340,2860
1934.904515,2861
1934.972340,2862
1934.973340,2863
1935.018340,2865
1935.018340,2878
1935.018340,2879
1935.018340,2880
1935.075732,2881
1935.096176,2882
1935.100340,2883
1935.128690,2884
1935.129565,2886
1935.243940,2887
1935.398340,2889
1935.408340,2890
1935.413340,2891
1935.443240,2892
1935.518340,2894
1935.518340,2895
1935.730240,2896
1935.738340,2897
1935.828516,2898
1935.838340,2899
1935.858340,2900
1935.888340,2901
1935.898340,2902
1935.923340,2903
1935.938340,2906
1936.005965,2907
1936.008682,2908
1936.018340,2910
1936.018340,2915
1936.018340,2916
1936.038340,2917
1936.153340,2918
1936.250223,2919
1936.436340,2920
1936.483971,2921
1936.521664,2922
1936.569259,2923
1936.612980,2924
1936.699474,2925
1936.724165,2926
1936.793082,2927
1936.818340,2928
1936.818340,2929
1936.984640,2930
1937.018340,2933
1937.018340,2942
1937.018340,2951
1937.018340,2966
1937.058340,2967
1937.148340,2968
1937.153825,2969
1937.202022,2970
1937.285940,2971
1937.348340,2973
1937.358273,2974
1937.388340,2975
1937.413840,2976
1937.423781,2977
1937.548340,2978
1937.598340,2979
1937.654340,2980
1937.670470,2982
1937.714340,2983
1937.735140,2984
1937.758340,2985
1937.764340,2986
1937.768340,2988
1937.915190,2989
1938.018340,2991
1938.018340,2997
1938.038340,2998
1938.040460,2999
1938.043340,3000
1938.058340,3002
1938.072140,3003
1938.078340,3004
1938.078340,3007
1938.095073,3008
1938.110153,3009
1938.137344,3010
1938.176240,3011
1938.212340,3012
1938.306340,3013
1938.306610,3014
1938.318340,3015
1938.328340,3016
1938.333240,3017
1938.346970,3018
1938.392740,3019
1938.428340,3020
1938.558340,3022
1938.741926,3023
1938.792130,3024
1938.824340,3025
1938.925326,3026
1939.018340,3027
1939.018340,3041
1939.018340,3053
1939.018340,3058
1939.024805,3059
1939.048340,3060
1939.089240,3062
1939.136340,3063
1939.192340,3064
1939.315200,3065
1939.384607,3066
1939.423340,3067
1939.548440,3068
1939.635007,3069
1939.667040,3070
1939.678340,3071
1939.698340,3072
1939.718340,3074
1939.758340,3075
1939.771940,3076
1939.788340,3078
1939.851340,3079
1939.907406,3081
1939.910040,3082
1939.982340,3083
1940.018340,3084
1940.018340,3086
1940.018340,3088
1940.054480,3089
1940.074764,3090
1940.076730,3091
1940.076730,3092
1940.100595,3093
1940.179340,3094
1940.206510,3095
1940.225062,3096
1940.268340,3097
1940.318340,3099
1940.438340,3100
1940.494540,3101
1940.555716,3102
1940.568340,3103
1940.597822,3104
1940.648340,3105
1940.672677,3106
1940.731673,3107
1940.733340,3108
1940.738340,3109
1940.758340,3110
1940.808840,3111
1940.848340,3112
1940.878340,3113
1940.978340,3114
1941.018340,3125
1941.018340,3131
1941.018340,3134
1941.051273,3135
1941.208340,3136
1941.238340,3137
1941.268340,3138
1941.328340,3139
1941.357380,3141
1941.418340,3143
1941.533190,3145
1941.568340,3146
1941.606673,3147
1941.612136,3148
1941.618340,3151
1941.624440,3152
1941.634010,3153
1941.683140,3154
1941.688340,3155
1941.718340,3157
1941.833893,3158
1941.908340,3159
1941.937940,3160
1941.955007,3161
1941.988306,3162
1942.002690,3163
1942.008340,3164
1942.015740,3165
1942.018340,3173
1942.018340,3174
1942.045659,3175
1942.088340,3176
1942.120340,3177
1942.168340,3178
1942.187440,3179
1942.211540,3180
1942.218340,3183
1942.258615,3184
1942.272098,3185
1942.308340,3186
1942.318340,3187
1942.320840,3188
1942.360010,3189
1942.418340,3190
1942.418340,3192
1942.428340,3193
1942.518340,3194
1942.568340,3195
1942.582210,3196
1942.634675,3197
1942.638340,3198
1942.697640,3199
1942.698340,3200
1942.705540,3201
1942.727440,3202
1942.728340,3203
1942.968340,3204
1942.985948,3205
1943.018340,3206
1943.018340,3207
1943.018340,3210
1943.028840,3211
1943.033840,3212
1943.108340,3213
1943.118340,3217
1943.188340,3218
1943.218340,3221
1943.228340,3222
1943.255840,3223
1943.279500,3225
1943.288340,3227
1943.325840,3228
1943.337190,3229
1943.338340,3230
1943.341356,3231
1943.388340,3233
1943.415840,3234
1943.430260,3235
1943.457340,3236
1943.465977,3237
1943.508953,3238
1943.518340,3239
1943.566460,3240
1943.618340,3243
1943.639446,3244
1943.641830,3245
1943.667420,3246
1943.680630,3247
1943.718340,3253
1943.848340,3254
1943.978340,3255
1943.998340,3256
1944.008340,3257
1944.018340,3259
1944.018340,3263
1944.072968,3264
1944.177640,3265
1944.248427,3266
1944.257340,3267
1944.258340,3268
1944.282940,3269
1944.313430,3270
1944.318340,3271
1944.329640,3272
1944.378340,3273
1944.422720,3274
1944.428340,3275
1944.468340,3276
1944.518340,3282
1944.674063,3283
1944.735140,3284
1944.768340,3285
1944.818340,3286
1944.818340,3289
1945.018340,3292
1945.018340,3293
1945.018340,3294
1945.118340,3301
1945.128340,3302
1945.169278,3303
1945.309600,3305
1945.418340,3306
1945.456917,3307
1945.483230,3308
1945.497007,3309
1945.518340,3310
1945.529390,3312
1945.548340,3315
1945.598340,3316
1945.658340,3317
1945.697840,3318
1945.718340,3322
1945.728340,3323
1945.744040,3324
1945.778340,3325
1945.806340,3326
1945.818340,3328
1945.828340,3329
1945.868340,3330
1945.918340,3331
1946.006723,3332
1946.008787,3333
1946.018340,3338
1946.018340,3343
1946.018340,3346
1946.018340,3350
1946.049740,3351
1946.050570,3352
1946.118340,3359
1946.212720,3360
1946.218340,3365
1946.226243,3366
1946.248340,3367
1946.314292,3368
1946.318340,3369
1946.375963,3370
1946.387310,3371
1946.480227,3372
1946.518340,3374
1946.602010,3375
1946.618340,3376
1946.684370,3377
1946.692140,3378
1946.718340,3380
1946.793470,3381
1946.818340,3382
1946.838340,3383
1946.926717,3384
1946.936320,3385
1946.938340,3387
1947.015542,3388
1947.018340,3393
1947.018340,3394
1947.058140,3395
1947.069340,3396
1947.163540,3397
1947.165483,3398
1947.170084,3399
1947.238940,3400
1947.247615,3401
1947.340214,3402
1947.405340,3403
1947.518340,3405
1947.611740,3406
1947.618340,3410
1947.633940,3411
1947.642240,3412
1947.649338,3413
1947.652213,3414
1947.658340,3415
1947.668340,3416
1947.686340,3417
1947.712467,3418
1947.816311,3419
1947.818340,3422
1947.818340,3425
1947.868340,3426
1948.016540,3427
1948.018340,3431
1948.098340,3432
1948.107985,3433
1948.148340,3434
1948.204040,3435
1948.218340,3440
1948.255007,3441
1948.321340,3442
1948.328340,3443
1948.351673,3444
1948.418340,3446
1948.422940,3447
1948.448340,3448
1948.457310,3449
1948.484440,3450
1948.538340,3451
1948.558340,3452
1948.617630,3453
1948.618340,3454
1948.636140,3455
1948.718340,3456
1948.782623,3457
1948.818340,3458
1948.916366,3459
1948.938340,3460
1948.958340,3462
1948.968340,3463
1948.978340,3464
1949.007344,3465
1949.013340,3466
1949.018310,3467
1949.018340,3468
1949.018340,3469
1949.048340,3470
1949.120903,3471
1949.166340,3472
1949.228340,3476
1949.262900,3477
1949.262900,3478
1949.308340,3479
1949.321240,3480
1949.321510,3481
1949.337008,3482
1949.338340,3483
1949.357930,3484
1949.378340,3485
1949.408340,3486
1949.433040,3487
1949.491673,3488
1949.512340,3489
1949.518340,3491
1949.598340,3492
1949.611673,3493
1949.618340,3495
1949.618340,3501
1949.618482,3502
1949.636740,3503
1949.732140,3504
1949.732745,3506
1949.733539,3507
1949.742780,3508
1949.757249,3511
1949.768340,3512
1949.791440,3513
1949.795840,3514
1949.818260,3515
1949.818340,3522
1949.818340,3526
1949.833190,3527
1949.871385,3528
1949.893340,3529
1949.918340,3532
1949.954518,3533
1949.971740,3534
1949.988340,3535
1950.018340,3538
1950.018340,3539
1950.020940,3540
1950.110503,3541
1950.122840,3542
1950.147990,3543
1950.218340,3545
1950.237940,3546
1950.255340,3547
1950.302540,3548
1950.328340,3550
1950.414592,3551
1950.435340,3552
1950.458340,3553
1950.471673,3554
1950.498840,3555
1950.517042,3556
1950.539155,3557
1950.578340,3558
1950.588340,3559
1950.608340,3560
1950.618340,3563
1950.643340,3564
1950.670910,3565
1950.688340,3566
1950.694519,3567
1950.712075,3568
1950.715340,3569
1950.743040,3570
1950.790840,3571
1950.811276,3572
1950.840740,3573
1950.865340,3574
1950.948340,3575
1950.987440,3576
1951.018340,3579
1951.018340,3582
1951.018340,3583
1951.038340,3585
1951.048340,3586
1951.050340,3587
1951.065677,3588
1951.086640,3589
1951.105510,3590
1951.138340,3591
1951.138340,3592
1951.157140,3593
1951.196195,3594
1951.209452,3595
1951.218340,3599
1951.280937,3600
1951.290473,3601
1951.318340,3603
1951.320728,3604
1951.338340,3605
1951.382604,3606
1951.417504,3607
1951.441673,3608
1951.468340,3609
1951.479740,3610
1951.518340,3612
1951.586232,3613
1951.619540,3614
1951.628340,3615
1951.656705,3617
1951.656800,3618
1951.668357,3619
1951.674805,3620
1951.728340,3623
1951.732540,3624
1951.798340,3626
1951.818340,3627
1951.818340,3632
1951.827537,3633
1951.831390,3634
1951.843175,3635
1951.862750,3638
1951.876890,3639
1951.883240,3640
1951.898340,3646
1951.915973,3647
1951.964993,3648
1951.988340,3649
1951.989940,3650
1952.018340,3652
1952.018340,3654
1952.018340,3657
1952.018340,3658
1952.042740,3659
1952.118340,3661
1952.154293,3662
1952.157446,3663
1952.218340,3665
1952.228690,3666
1952.238340,3667
1952.362889,3668
1952.408340,3669
1952.428340,3670
1952.508692,3671
1952.511346,3672
1952.518340,3674
1952.538890,3677
1952.593940,3679
1952.597347,3680
1952.658340,3681
1952.736140,3682
1952.791477,3683
1952.829140,3684
1952.877670,3686
1952.881050,3687
1953.018340,3689
1953.018340,3690
1953.046440,3691
1953.088340,3692
1953.121870,3693
1953.172211,3694
1953.218340,3700
1953.238040,3701
1953.242173,3702
1953.308340,3703
1953.314940,3704
1953.329340,3705
1953.338507,3706
1953.374140,3707
1953.418340,3709
1953.418340,3710
1953.518340,3712
1953.546940,3713
1953.608040,3714
1953.618340,3725
1953.621830,3726
1953.628340,3727
1953.775860,3728
1953.814040,3729
1953.818340,3732
1953.838340,3733
1953.848818,3734
1953.857290,3735
1953.873673,3736
1953.880340,3737
1953.901545,3738
1953.918340,3740
1953.918340,3741
1954.018340,3742
1954.018340,3745
1954.048140,3748
1954.110690,3749
1954.128340,3750
1954.161620,3751
1954.168340,3752
1954.178340,3753
1954.218340,3757
1954.218340,3759
1954.228340,3760
1954.268340,3762
1954.274070,3763
1954.298340,3764
1954.310535,3765
1954.518340,3770
1954.595930,3771
1954.618340,3772
1954.715430,3773
1954.718340,3775
1954.718340,3778
1954.723244,3779
1954.756380,3780
1954.818340,3784
1954.818340,3791
1954.818340,3796
1954.828340,3797
1954.838340,3798
1954.868340,3799
1954.878340,3801
1954.958340,3803
1955.018340,3804
1955.018340,3805
1955.018340,3807
1955.059740,3808
1955.118340,3810
1955.130773,3811
1955.135090,3812
1955.184280,3813
1955.196650,3814
1955.218340,3816
1955.228340,3817
1955.253160,3818
1955.258340,3819
1955.328190,3820
1955.338340,3821
1955.372007,3822
1955.388340,3823
1955.392702,3824
1955.418340,3825
1955.438340,3826
1955.508340,3827
1955.568340,3828
1955.578340,3829
1955.654490,3830
1955.693755,3831
1955.718340,3836
1955.718340,3839
1955.718340,3848
1955.733940,3849
1955.744557,3850
1955.817940,3851
1955.818340,3853
1955.821140,3854
1955.908340,3855
1955.918340,3857
1955.943340,3858
1955.999300,3859
1956.018340,3860
1956.018340,3861
1956.018340,3865
1956.018340,3868
1956.068340,3870
1956.098340,3871
1956.118340,3881
1956.128340,3882
1956.139840,3883
1956.218340,3891
1956.218340,3894
1956.238340,3895
1956.247940,3896
1956.297260,3897
1956.378340,3898
1956.402340,3899
1956.418340,3901
1956.424803,3902
1956.437173,3903
1956.445007,3904
1956.484216,3905
1956.498340,3906
1956.510340,3907
1956.518340,3909
1956.518340,3910
1956.525240,3911
1956.545840,3912
1956.611607,3913
1956.618340,3915
1956.647220,3916
1956.670140,3917
1956.699088,3918
1956.718340,3920
1956.737713,3921
1956.800840,3922
1956.812076,3923
1956.816250,3924
1956.846632,3925
1956.849903,3926
1956.851673,3927
1956.898340,3928
1956.918340,3929
1956.938340,3930
1956.958340,3931
1956.967540,3932
1957.018340,3934
1957.018340,3937
1957.098340,3938
1957.107565,3939
1957.108340,3941
1957.118340,3946
1957.144739,3947
1957.184685,3948
1957.208140,3949
1957.218340,3952
1957.233940,3953
1957.249190,3954
1957.258340,3955
1957.318086,3956
1957.318340,3958
1957.322240,3959
1957.358340,3960
1957.391478,3961
1957.403340,3962
1957.418340,3968
1957.418340,3971
1957.573650,3972
1957.598340,3973
1957.609862,3974
1957.675653,3975
1957.694440,3978
1957.718340,3983
1957.718340,3985
1957.723435,3986
1957.735440,3987
1957.770487,3988
1957.794110,3989
1957.798340,3990
1957.811840,3991
1957.818340,3993
1957.828340,3994
1957.858340,3995
1957.878340,3998
1957.958340,3999
1958.007843,4000
1958.018340,4002
1958.056340,4003
1958.106930,4004
1958.118340,4011
1958.183440,4012
1958.218340,4014
1958.238340,4015
1958.238340,4016
1958.324010,4017
1958.333220,4022
1958.469464,4023
1958.518340,4025
1958.618340,4028
1958.618340,4031
1958.623340,4032
1958.684563,4033
1958.697863,4034
1958.748340,4035
1958.798340,4036
1958.808340,4038
1958.809240,4039
1958.815836,4040
1958.848340,4041
1958.908340,4042
1958.943340,4043
1958.948340,4045
1958.988340,4046
1958.991344,4047
1959.005765,4048
1959.018340,4049
1959.018340,4050
1959.018340,4053
1959.018340,4054
1959.048340,4056
1959.048340,4057
1959.088340,4058
1959.118340,4060
1959.118340,4066
1959.133440,4067
1959.138340,4068
1959.138340,4069
1959.142340,4070
1959.142526,4071
1959.161070,4072
1959.218340,4076
1959.218340,4078
1959.218340,4080
1959.252640,4081
1959.311673,4082
1959.318340,4083
1959.330417,4084
1959.354240,4085
1959.388340,4087
1959.418340,4090
1959.418340,4093
1959.453040,4094
1959.453840,4095
1959.482540,4096
1959.488340,4097
1959.538340,4098
1959.558303,4099
1959.618340,4101
1959.645800,4102
1959.698340,4103
1959.700840,4104
1959.709103,4105
1959.718340,4106
1959.732340,4107
1959.739625,4108
1959.754087,4109
1959.792040,4110
1959.808340,4111
1959.819840,4112
1959.838340,4113
1959.851644,4114
1959.868340,4115
1959.911740,4117
1959.913840,4118
1959.918340,4122
1959.918340,4124
1959.918340,4126
1959.948340,4127
1959.978340,4128
1959.998340,4130
1960.018340,4131
1960.018340,4132
1960.108340,4133
1960.140890,4134
1960.143500,4136
1960.198340,4137
1960.218340,4139
1960.221140,4140
1960.229740,4141
1960.274025,4142
1960.288340,4143
1960.298340,4144
1960.306140,4145
1960.311940,4146
1960.324340,4147
1960.338340,4148
1960.366710,4149
1960.394890,4150
1960.411160,4151
1960.428340,4152
1960.451930,4153
1960.459654,4154
1960.489740,4155
1960.518340,4156
1960.518340,4157
1960.538340,4158
1960.541770,4162
1960.561093,4163
1960.610340,4164
1960.618340,4166
1960.618340,4169
1960.618340,4173
1960.645007,4174
1960.658340,4175
1960.713540,4176
1960.752007,4177
1960.778340,4178
1960.818340,4179
1960.818340,4186
1960.818340,4187
1960.843383,4188
1960.848318,4189
1960.918340,4194
1960.934535,4195
1960.950540,4196
1960.972295,4197
1960.978340,4198
1960.978340,4199
1960.992347,4200
1961.018270,4201
1961.018340,4206
1961.018340,4209
1961.018854,4210
1961.055340,4211
1961.064340,4212
1961.118340,4217
1961.178340,4218
1961.215748,4219
1961.218340,4220
1961.318340,4224
1961.318340,4225
1961.343140,4226
1961.365440,4227
1961.377443,4228
1961.403133,4229
1961.418340,4231
1961.463150,4232
1961.475900,4233
1961.513762,4234
1961.518340,4238
1961.542390,4239
1961.542923,4240
1961.548340,4242
1961.550240,4244
1961.552010,4245
1961.590173,4246
1961.598340,4247
1961.605640,4248
1961.616340,4249
1961.618340,4251
1961.618340,4252
1961.688340,4253
1961.707540,4254
1961.733115,4255
1961.809695,4256
1961.818340,4261
1961.818340,4267
1961.823340,4268
1961.838340,4269
1961.856100,4270
1961.863321,4271
1961.869840,4273
1961.888340,4275
1961.908340,4276
1961.921078,4277
1961.939915,4279
1961.956876,4280
1961.968340,4281
1962.018340,4284
1962.018340,4285
1962.018340,4291
1962.028340,4292
1962.036509,4293
1962.073886,4294
1962.089578,4295
1962.098340,4296
1962.118340,4298
1962.118340,4301
1962.201340,4302
1962.237863,4303
1962.331585,4304
1962.341673,4305
1962.391673,4306
1962.418340,4307
1962.428340,4308
1962.438340,4310
1962.464340,4311
1962.486340,4312
1962.518340,4313
1962.558340,4316
1962.559040,4317
1962.574440,4318
1962.576565,4319
1962.589640,4320
1962.608340,4321
1962.618340,4322
1962.625823,4323
1962.668340,4324
1962.668340,4325
1962.678340,4327
1962.682773,4328
1962.695007,4329
1962.702300,4330
1962.718340,4331
1962.723915,4332
1962.800340,4333
1962.813224,4334
1962.889640,4335
1962.928340,4336
1962.932140,4337
1962.939027,4338
1962.954340,4339
1963.018340,4341
1963.018340,4346
1963.018340,4350
1963.028665,4351
1963.038140,4352
1963.045007,4353
1963.105864,4354
1963.115793,4355
1963.116340,4356
1963.118340,4357
1963.185140,4358
1963.186052,4359
1963.218340,4360
1963.231550,4361
1963.278340,4362
1963.294574,4363
1963.298340,4366
1963.302010,4367
1963.304245,4369
1963.318340,4371
1963.328340,4372
1963.328340,4373
1963.332510,4374
1963.333840,4375
1963.368340,4376
1963.403740,4377
1963.418340,4379
1963.423340,4380
1963.441673,4381
1963.458340,4382
1963.461750,4383
1963.466785,4384
1963.475007,4385
1963.518340,4386
1963.541225,4387
1963.578340,4388
1963.593140,4389
1963.593250,4391
1963.668340,4392
1963.704170,4393
1963.710347,4394
1963.738340,4395
1963.740775,4396
1963.800283,4397
1963.818340,4398
1963.818340,4400
1963.818340,4401
1963.820241,4402
1963.825485,4403
1963.841640,4404
1963.848340,4405
1963.856740,4406
1963.910440,4407
1963.942802,4408
1963.946903,4409
1963.951340,4410
1963.967740,4411
1963.998340,4412
1964.004640,4413
1964.018340,4420
1964.018340,4422
1964.018340,4424
1964.021476,4425
1964.030720,4426
1964.074290,4427
1964.078340,4428
1964.098340,4429
1964.104540,4430
1964.110466,4431
1964.132160,4432
1964.181953,4433
1964.189929,4434
1964.206457,4435
1964.218340,4439
1964.218340,4441
1964.218340,4444
1964.318475,4445
1964.328340,4446
1964.337790,4447
1964.378340,4448
1964.398465,4449
1964.400520,4450
1964.418340,4453
1964.428340,4454
1964.437840,4455
1964.446840,4456
1964.467470,4457
1964.468340,4458
1964.476665,4459
1964.492740,4460
1964.518340,4463
1964.518340,4465
1964.533617,4466
1964.538340,4467
1964.548340,4468
1964.568340,4469
1964.569580,4470
1964.578590,4471
1964.580390,4472
1964.591245,4473
1964.634280,4474
1964.646593,4475
1964.678340,4476
1964.683740,4477
1964.737140,4479
1964.745077,4480
1964.752708,4481
1964.756040,4482
1964.800940,4483
1964.861410,4484
1964.905940,4485
1964.918340,4488
1964.936340,4489
1965.003738,4490
1965.004240,4491
1965.005107,4492
1965.018340,4495
1965.018340,4497
1965.018340,4501
1965.050340,4502
1965.060140,4504
1965.106540,4505
1965.128340,4507
1965.146441,4508
1965.156042,4509
1965.158340,4510
1965.213647,4511
1965.267840,4512
1965.298520,4514
1965.302568,4515
1965.318340,4516
1965.362132,4517
1965.388340,4519
1965.418340,4523
1965.438933,4524
1965.458587,4525
1965.460472,4526
1965.518340,4527
1965.551697,4528
1965.558340,4529
1965.591760,4530
1965.618340,4531
1965.648340,4532
1965.658340,4533
1965.666113,4534
1965.682940,4535
1965.696070,4536
1965.712954,4537
1965.737440,4538
1965.808340,4539
1965.858594,4540
1965.874633,4541
1965.964830,4542
1965.968040,4543
1965.987988,4544
1966.004740,4545
1966.006503,4546
1966.018340,4547
1966.018340,4551
1966.018340,4571
1966.018340,4575
1966.066100,4576
1966.118340,4577
1966.138340,4579
1966.158340,4580
1966.165640,4581
1966.177205,4582
1966.188340,4583
1966.198340,4584
1966.218340,4585
1966.238340,4587
1966.247000,4588
1966.281990,4589
1966.318340,4590
1966.327640,4591
1966.418340,4592
1966.421534,4593
1966.442970,4594
1966.468340,4595
1966.469900,4596
1966.543340,4597
1966.558667,4598
1966.568340,4599
1966.578340,4600
1966.581990,4602
1966.655518,4603
1966.690855,4604
1966.718340,4609
1966.768340,4611
1966.768340,4612
1966.778340,4613
1966.815185,4614
1966.818340,4616
1966.818340,4617
1966.845790,4618
1966.898340,4620
1966.938417,4621
1966.942806,4622
1966.951640,4623
1966.988340,4624
1967.006254,4625
1967.018340,4626
1967.018340,4630
1967.018340,4632
1967.018340,4635
1967.036312,4636
1967.048500,4637
1967.053340,4638
1967.079740,4639
1967.105440,4640
1967.118340,4642
1967.118340,4646
1967.132400,4647
1967.138340,4648
1967.139223,4649
1967.144062,4650
1967.208340,4651
1967.218340,4666
1967.227040,4667
1967.232690,4668
1967.235015,4669
1967.243940,4670
1967.270354,4671
1967.278340,4672
1967.318340,4674
1967.322140,4675
1967.323073,4676
1967.350993,4677
1967.364085,4678
1967.368340,4679
1967.408340,4681
1967.418340,4684
1967.494048,4685
1967.518340,4686
1967.518340,4687
1967.518340,4689
1967.528340,4690
1967.528340,4691
1967.538340,4692
1967.549326,4693
1967.550840,4695
1967.558863,4696
1967.564840,4697
1967.618340,4699
1967.618340,4703
1967.628340,4704
1967.639640,4705
1967.649490,4706
1967.654140,4707
1967.659147,4708
1967.718340,4709
1967.718340,4710
1967.723340,4711
1967.728987,4712
1967.752895,4713
1967.818340,4714
1967.838340,4715
1967.912740,4716
1967.918340,4718
1967.968340,4719
1967.972990,4720
1967.997340,4721
1968.011390,4722
1968.018340,4727
1968.018340,4729
1968.018340,4730
1968.028340,4731
1968.035944,4732
1968.064090,4733
1968.072540,4734
1968.079340,4735
1968.108290,4736
1968.118340,4737
1968.178340,4738
1968.198340,4739
1968.218340,4741
1968.218340,4742
1968.228340,4743
1968.238340,4744
1968.259790,4745
1968.269130,4746
1968.278213,4747
1968.283340,4748
1968.292774,4749
1968.318340,4750
1968.318340,4751
1968.329779,4752
1968.404194,4753
1968.533040,4754
1968.541440,4755
1968.558340,4756
1968.634141,4757
1968.637440,4759
1968.648340,4760
1968.656267,4761
1968.688340,4762
1968.708340,4763
1968.718340,4765
1968.733455,4766
1968.737223,4767
1968.738340,4768
1968.767640,4769
1968.784340,4770
1968.803340,4771
1968.803740,4772
1968.808340,4773
1968.818340,4781
1968.818340,4783
1968.841634,4784
1968.858340,4785
1968.860980,4786
1968.865622,4787
1968.878340,4788
1968.882380,4789
1968.888340,4790
1968.918340,4792
1968.918340,4793
1968.922440,4794
1968.939365,4795
1968.939540,4796
1968.948340,4797
1968.951980,4798
1969.008340,4800
1969.011540,4801
1969.014015,4802
1969.018340,4803
1969.018340,4804
1969.018340,4806
1969.018340,4807
1969.061673,4808
1969.069015,4809
1969.081840,4810
1969.108340,4811
1969.157260,4812
1969.164982,4813
1969.216350,4814
1969.228190,4815
1969.257140,4816
1969.280160,4817
1969.318340,4818
1969.353340,4819
1969.398340,4821
1969.408340,4822
1969.454065,4823
1969.454822,4824
1969.528340,4825
1969.568340,4828
1969.576640,4829
1969.588340,4830
1969.608340,4831
1969.618340,4835
1969.618340,4838
1969.625218,4839
1969.637225,4840
1969.678340,4841
1969.704260,4842
1969.715866,4843
1969.768340,4844
1969.770890,4845
1969.802840,4846
1969.818340,4850
1969.827928,4851
1969.881200,4852
1969.918340,4854
1969.918340,4856
1969.942517,4857
1969.959840,4858
1969.960340,4859
1969.962640,4860
1970.008340,4861
1970.018340,4862
1970.018340,4874
1970.018340,4878
1970.076980,4879
1970.143180,4880
1970.145740,4881
1970.162337,4882
1970.184780,4883
1970.188340,4884
1970.212915,4885
1970.218340,4887
1970.240440,4888
1970.240568,4889
1970.260880,4890
1970.263762,4891
1970.266300,4892
1970.272335,4893
1970.309820,4894
1970.324917,4895
1970.336686,4896
1970.366040,4897
1970.372916,4898
1970.387205,4899
1970.398340,4900
1970.418340,4904
1970.418340,4905
1970.478340,4910
1970.492840,4911
1970.518340,4912
1970.521290,4913
1970.548340,4914
1970.560340,4915
1970.568340,4916
1970.618340,4918
1970.618573,4919
1970.678340,4920
1970.698340,4921
1970.718340,4928
1970.743340,4931
1970.768340,4932
1970.788340,4933
1970.804909,4934
1970.814340,4935
1970.818340,4939
1970.818411,4940
1970.864207,4941
1970.918340,4945
1970.918340,4948
1971.008260,4950
1971.018340,4951
1971.018340,4955
1971.018340,4957
1971.038340,4958
1971.039487,4959
1971.052240,4960
1971.080187,4961
1971.081990,4962
1971.108340,4963
1971.113790,4964
1971.118340,4970
1971.128340,4971
1971.137740,4972
1971.141358,4973
1971.201940,4975
1971.218340,4979
1971.218340,4981
1971.228340,4982
1971.239163,4983
1971.240895,4984
1971.241190,4985
1971.267380,4986
1971.276717,4987
1971.280740,4988
1971.300950,4989
1971.307926,4990
1971.308340,4991
1971.318340,4993
1971.398340,4994
1971.418340,4997
1971.418340,4999
1971.443240,5000
1971.456293,5001
1971.468340,5002
1971.473994,5003
1971.480800,5004
1971.482632,5005
1971.483340,5006
1971.487930,5007
1971.501197,5008
1971.538340,5009
1971.552890,5010
1971.608340,5011
1971.618340,5014
1971.638190,5015
1971.651980,5016
1971.652440,5017
1971.662310,5018
1971.662780,5019
1971.675940,5020
1971.704040,5021
1971.718340,5023
1971.719240,5024
1971.798590,5025
1971.828340,5026
1971.838340,5027
1971.848340,5028
1971.918340,5033
1971.948340,5034
1971.963710,5035
1971.989593,5036
1972.018340,5037
1972.018340,5040
1972.018340,5051
1972.018340,5055
1972.055630,5056
1972.056607,5057
1972.068340,5058
1972.110805,5059
1972.118340,5061
1972.146362,5062
1972.159860,5063
1972.218340,5064
1972.218340,5066
1972.288340,5067
1972.314010,5068
1972.318340,5071
1972.318340,5072
1972.344973,5073
1972.371278,5074
1972.380940,5075
1972.385840,5076
1972.407096,5077
1972.418340,5078
1972.423121,5079
1972.442580,5080
1972.478340,5081
1972.488340,5082
1972.501673,5083
1972.518340,5084
1972.518340,5085
1972.618340,5086
1972.618340,5087
1972.643340,5088
1972.664540,5089
1972.670210,5090
1972.699220,5091
1972.715507,5092
1972.734750,5093
1972.761640,5094
1972.767967,5095
1972.769587,5096
1972.778340,5097
1972.805390,5098
1972.808886,5099
1972.824543,5100
1972.886140,5101
1972.902980,5102
1972.923345,5103
1972.959460,5104
1972.974063,5105
1972.978175,5106
1972.996500,5107
1972.998340,5108
1973.017630,5109
1973.018340,5111
1973.018340,5113
1973.078340,5114
1973.118340,5118
1973.123877,5119
1973.148340,5121
1973.158340,5122
1973.182960,5123
1973.185840,5124
1973.220540,5125
1973.278340,5126
1973.278340,5128
1973.288340,5129
1973.288340,5130
1973.298340,5131
1973.309400,5132
1973.318340,5133
1973.328340,5134
1973.358340,5135
1973.359340,5136
1973.381500,5137
1973.416766,5138
1973.443390,5139
1973.444840,5140
1973.452890,5141
1973.478340,5142
1973.496440,5143
1973.498340,5144
1973.503740,5145
1973.513260,5146
1973.513840,5147
1973.541140,5148
1973.548018,5149
1973.551540,5150
1973.586340,5151
1973.608340,5152
1973.630140,5153
1973.648340,5154
1973.686520,5155
1973.690040,5156
1973.706119,5157
1973.714640,5158
1973.714850,5159
1973.732930,5160
1973.740832,5161
1973.760630,5162
1973.766725,5163
1973.767895,5164
1973.772777,5165
1973.794760,5166
1973.810840,5167
1973.818340,5168
1973.818340,5170
1973.841940,5171
1973.887280,5172
1973.906702,5173
1973.918340,5175
1973.939890,5181
1973.948340,5182
1973.960585,5183
1973.970081,5184
1973.993724,5185
1974.012340,5186
1974.018065,5187
1974.018340,5188
1974.018340,5189
1974.018340,5191
1974.018340,5193
1974.021573,5194
1974.073360,5195
1974.084855,5196
1974.106460,5197
1974.125680,5198
1974.138340,5199
1974.143340,5200
1974.148340,5201
1974.198340,5202
1974.205007,5203
1974.218340,5213
1974.235577,5214
1974.258340,5215
1974.268340,5216
1974.294512,5217
1974.298680,5218
1974.318340,5220
1974.318340,5223
1974.327207,5224
1974.364540,5225
1974.389895,5226
1974.400840,5227
1974.411673,5228
1974.418340,5229
1974.439460,5230
1974.450485,5231
1974.461596,5232
1974.472340,5233
1974.518340,5234
1974.518340,5235
1974.521240,5237
1974.540465,5238
1974.553100,5241
1974.553460,5242
1974.574675,5243
1974.604820,5244
1974.608340,5245
1974.618340,5247
1974.630073,5248
1974.638340,5249
1974.638340,5251
1974.648340,5253
1974.670140,5254
1974.684090,5255
1974.700800,5256
1974.705277,5257
1974.718340,5259
1974.738340,5260
1974.788340,5261
1974.798340,5262
1974.818340,5266
1974.831690,5267
1974.832190,5268
1974.852142,5269
1974.868340,5270
1974.877455,5271
1974.895830,5272
1974.902168,5273
1974.918340,5274
1974.926990,5275
1974.930460,5276
1975.018340,5279
1975.018340,5280
1975.018340,5285
1975.018340,5286
1975.021894,5287
1975.039887,5288
1975.057890,5289
1975.098340,5290
1975.118340,5292
1975.148340,5293
1975.155340,5295
1975.163995,5296
1975.167030,5297
1975.181304,5298
1975.206540,5299
1975.208590,5300
1975.218340,5303
1975.218340,5305
1975.296118,5306
1975.318340,5307
1975.328340,5309
1975.340940,5311
1975.345140,5312
1975.347740,5313
1975.368340,5314
1975.391357,5315
1975.418340,5316
1975.418440,5317
1975.454890,5320
1975.468340,5321
1975.518340,5322
1975.533240,5323
1975.560340,5324
1975.583660,5325
1975.586533,5326
1975.588340,5327
1975.618340,5329
1975.618340,5333
1975.628162,5334
1975.658340,5340
1975.680840,5341
1975.688340,5342
1975.692600,5343
1975.717490,5344
1975.718340,5347
1975.718340,5349
1975.733240,5350
1975.743443,5351
1975.744097,5352
1975.753685,5353
1975.770853,5354
1975.801688,5355
1975.818340,5357
1975.818340,5359
1975.818340,5360
1975.823240,5361
1975.878340,5362
1975.878673,5363
1975.881370,5364
1975.886790,5365
1975.888340,5366
1975.912240,5367
1975.912282,5368
1975.918340,5370
1975.928340,5371
1975.931608,5372
1975.958340,5373
1975.989640,5374
1976.008340,5376
1976.010683,5377
1976.018340,5379
1976.018340,5384
1976.018340,5387
1976.028340,5388
1976.041640,5389
1976.047540,5390
1976.053340,5391
1976.082208,5392
1976.088340,5393
1976.090660,5394
1976.093140,5395
1976.147812,5396
1976.148170,5397
1976.208615,5398
1976.218340,5399
1976.218340,5403
1976.226810,5404
1976.238340,5405
1976.238640,5406
1976.273040,5407
1976.316840,5408
1976.333570,5409
1976.350840,5410
1976.350845,5411
1976.354283,5412
1976.358340,5413
1976.363310,5414
1976.368340,5415
1976.402390,5416
1976.408340,5417
1976.418340,5421
1976.427640,5422
1976.460642,5423
1976.508088,5424
1976.518340,5429
1976.536670,5430
1976.538340,5431
1976.550540,5432
1976.586670,5433
1976.591840,5434
1976.617109,5435
1976.618340,5437
1976.631470,5438
1976.676713,5439
1976.704702,5440
1976.712240,5441
1976.716340,5442
1976.762175,5443
1976.765140,5444
1976.770040,5445
1976.791815,5446
1976.818340,5457
1976.825640,5458
1976.830340,5459
1976.864805,5460
1976.875705,5461
1976.892840,5462
1976.893790,5463
1976.904523,5464
1976.907033,5465
1976.908117,5466
1976.918340,5467
1976.938340,5468
1976.938340,5469
1976.946240,5470
1976.958340,5471
1976.977340,5472
1976.991673,5473
1977.018340,5476
1977.018340,5479
1977.018340,5485
1977.036230,5486
1977.073360,5487
1977.095304,5488
1977.113340,5489
1977.138340,5490
1977.151340,5491
1977.169880,5492
1977.201130,5493
1977.204390,5495
1977.218340,5497
1977.228340,5499
1977.249140,5500
1977.257040,5501
1977.260340,5502
1977.262540,5503
1977.285215,5504
1977.288340,5505
1977.288340,5506
1977.295115,5507
1977.318340,5510
1977.328340,5511
1977.328340,5512
1977.335305,5513
1977.352990,5514
1977.378940,5515
1977.405917,5516
1977.414363,5517
1977.418340,5520
1977.424940,5521
1977.444730,5522
1977.455140,5523
1977.455480,5524
1977.488340,5525
1977.511973,5526
1977.513200,5527
1977.518340,5529
1977.518340,5530
1977.519007,5531
1977.548340,5533
1977.564570,5534
1977.568340,5535
1977.576440,5536
1977.610065,5537
1977.615716,5538
1977.618340,5539
1977.633490,5540
1977.633740,5541
1977.639840,5542
1977.658340,5544
1977.658340,5545
1977.668447,5546
1977.682773,5547
1977.718340,5548
1977.728340,5549
1977.760840,5550
1977.764840,5551
1977.768440,5552
1977.787240,5553
1977.793540,5554
1977.798340,5555
1977.811044,5556
1977.818340,5557
1977.818340,5558
1977.849340,5559
1977.868340,5560
1977.870540,5561
1977.888340,5562
1977.888340,5564
1977.895740,5565
1977.944230,5566
1977.958340,5569
1977.962622,5570
1977.967180,5571
1977.968340,5572
1977.970316,5573
1977.978340,5575
1978.008340,5576
1978.013740,5577
1978.018340,5579
1978.018340,5582
1978.018340,5584
1978.058340,5585
1978.065390,5586
1978.094140,5587
1978.095007,5588
1978.097640,5589
1978.118340,5590
1978.118340,5592
1978.138340,5593
1978.138340,5594
1978.161173,5595
1978.198340,5596
1978.233459,5597
1978.293640,5598
1978.301240,5599
1978.308340,5601
1978.315340,5602
1978.351090,5603
1978.367202,5604
1978.381140,5605
1978.395310,5606
1978.395375,5607
1978.412603,5608
1978.418340,5611
1978.420940,5612
1978.458340,5613
1978.514507,5614
1978.517640,5615
1978.528360,5616
1978.534907,5618
1978.562520,5619
1978.566640,5620
1978.580255,5621
1978.588340,5622
1978.598340,5624
1978.618340,5629
1978.636340,5630
1978.637502,5631
1978.655040,5632
1978.662156,5633
1978.698650,5634
1978.736101,5636
1978.754500,5640
1978.758340,5641
1978.785007,5642
1978.808340,5643
1978.818340,5645
1978.824994,5646
1978.840376,5649
1978.844142,5650
1978.861660,5651
1978.869535,5652
1978.875730,5654
1978.878340,5655
1978.881865,5656
1978.898340,5657
1978.898340,5658
1978.901510,5659
1978.912640,5660
1978.928340,5661
1978.953340,5662
1978.965790,5663
1978.978340,5664
1978.985040,5665
1978.997040,5666
1979.018340,5672
1979.018340,5674
1979.027073,5675
1979.067005,5676
1979.071673,5677
1979.108340,5679
1979.111110,5680
1979.118290,5681
1979.168340,5682
1979.187864,5683
1979.203140,5684
1979.218340,5686
1979.231340,5687
1979.275040,5688
1979.286873,5689
1979.290180,5690
1979.318340,5692
1979.334692,5693
1979.345280,5694
1979.345610,5695
1979.351840,5696
1979.354790,5697
1979.358340,5699
1979.358340,5700
1979.359595,5701
1979.367796,5702
1979.374120,5703
1979.385573,5704
1979.418340,5707
1979.429530,5708
1979.438340,5709
1979.487290,5710
1979.487640,5711
1979.518340,5714
1979.518340,5717
1979.518340,5718
1979.558310,5719
1979.592140,5720
1979.598340,5721
1979.600933,5722
1979.618340,5728
1979.642690,5729
1979.643561,5730
1979.664817,5731
1979.664844,5732
1979.668340,5733
1979.683340,5734
1979.690290,5735
1979.691914,5736
1979.698340,5737
1979.709860,5738
1979.718340,5739
1979.725265,5740
1979.732131,5741
1979.735640,5742
1979.753770,5743
1979.764340,5744
1979.781340,5745
1979.798340,5746
1979.798340,5747
1979.808340,5748
1979.811055,5749
1979.813350,5752
1979.830940,5753
1979.858340,5754
1979.865040,5755
1979.888340,5756
1979.888340,5757
1979.918340,5758
1979.918340,5760
1979.924140,5761
1979.933310,5762
1979.951140,5763
1979.952840,5764
1979.961307,5765
1979.998340,5766
1980.016665,5767
1980.018340,5776
1980.018340,5779
1980.018340,5781
1980.080538,5782
1980.138340,5783
1980.149295,5784
1980.161330,5786
1980.178340,5787
1980.189740,5788
1980.191990,5789
1980.218340,5790
1980.218340,5792
1980.221690,5793
1980.223600,5794
1980.229403,5795
1980.237467,5796
1980.266500,5797
1980.283431,5798
1980.297790,5800
1980.306340,5801
1980.318340,5802
1980.318340,5804
1980.318340,5806
1980.328340,5807
1980.328340,5808
1980.336680,5811
1980.368340,5812
1980.371140,5813
1980.391570,5814
1980.398340,5815
1980.404940,5816
1980.418340,5818
1980.438608,5819
1980.449240,5820
1980.480640,5821
1980.497456,5822
1980.504640,5823
1980.508340,5824
1980.518340,5830
1980.518340,5832
1980.530390,5833
1980.536937,5834
1980.543782,5835
1980.608340,5836
1980.608340,5837
1980.618340,5838
1980.625200,5839
1980.728340,5840
1980.733340,5841
1980.737563,5842
1980.747510,5843
1980.748340,5844
1980.818340,5845
1980.818340,5846
1980.838598,5847
1980.843345,5848
1980.867051,5849
1980.889674,5850
1980.898340,5851
1980.900232,5852
1980.928381,5853
1980.938340,5854
1980.948505,5855
1980.953951,5856
1980.978340,5857
1980.993340,5858
1981.002940,5859
1981.006230,5860
1981.013790,5861
1981.018340,5862
1981.018340,5870
1981.018340,5877
1981.018340,5878
1981.037040,5879
1981.050915,5880
1981.061116,5881
1981.078340,5883
1981.105007,5884
1981.118340,5886
1981.127820,5887
1981.136840,5888
1981.168340,5889
1981.193520,5890
1981.218340,5891
1981.218340,5892
1981.267907,5893
1981.282380,5895
1981.318340,5897
1981.318340,5898
1981.318340,5900
1981.338340,5901
1981.344640,5902
1981.348340,5903
1981.357960,5904
1981.406240,5907
1981.406340,5908
1981.433640,5909
1981.436550,5910
1981.451430,5911
1981.459140,5912
1981.467890,5913
1981.468340,5914
1981.478025,5915
1981.487425,5916
1981.507250,5918
1981.518340,5924
1981.538340,5925
1981.549940,5926
1981.608870,5927
1981.613040,5928
1981.635540,5929
1981.636540,5930
1981.644540,5931
1981.662420,5932
1981.668173,5933
1981.698340,5936
1981.709058,5937
1981.718340,5940
1981.728340,5941
1981.731140,5942
1981.733340,5943
1981.734140,5944
1981.740515,5945
1981.775407,5946
1981.798340,5947
1981.868340,5948
1981.895363,5949
1981.903471,5950
1981.918340,5952
1981.924540,5953
1981.944669,5955
1981.968340,5956
1982.006640,5957
1982.018340,5958
1982.018340,5961
1982.018340,5962
1982.018340,5963
1982.043175,5964
1982.046707,5965
1982.051440,5966
1982.058340,5967
1982.076040,5968
1982.132488,5969
1982.145840,5970
1982.146010,5971
1982.148073,5972
1982.168340,5973
1982.218340,5981
1982.218340,5984
1982.228340,5985
1982.248340,5987
1982.252740,5988
1982.258340,5989
1982.288340,5990
1982.291700,5991
1982.308340,5992
1982.318340,5994
1982.336673,5995
1982.379940,5996
1982.392665,5997
1982.393255,5998
1982.405610,5999
1982.418290,6000
1982.418340,6001
1982.423482,6002
1982.448418,6003
1982.458340,6004
1982.468340,6005
1982.478340,6006
1982.483258,6007
1982.484945,6008
1982.491740,6009
1982.500975,6010
1982.506440,6011
1982.506673,6012
1982.534940,6014
1982.538340,6016
1982.562314,6017
1982.568340,6018
1982.578340,6019
1982.582965,6020
1982.588340,6023
1982.614830,6024
1982.618340,6026
1982.629740,6027
1982.647900,6028
1982.668340,6029
1982.678340,6030
1982.688340,6031
1982.706740,6032
1982.708340,6033
1982.713133,6034
1982.718340,6036
1982.718340,6040
1982.719590,6041
1982.720932,6042
1982.738487,6043
1982.748340,6044
1982.766040,6045
1982.775740,6046
1982.792450,6047
1982.798340,6048
1982.818340,6052
1982.838340,6053
1982.842007,6054
1982.848340,6055
1982.907440,6056
1982.918340,6058
1982.918340,6061
1982.988340,6062
1982.992140,6063
1983.018340,6064
1983.018340,6068
1983.018340,6069
1983.067640,6070
1983.080558,6071
1983.093370,6072
1983.114498,6073
1983.118340,6074
1983.118340,6076
1983.128827,6077
1983.158340,6078
1983.160296,6079
1983.185390,6080
1983.190884,6081
1983.192540,6082
1983.218340,6086
1983.218340,6088
1983.229873,6089
1983.234880,6090
1983.237087,6091
1983.246240,6092
1983.258340,6093
1983.263340,6094
1983.307890,6095
1983.317440,6096
1983.318340,6097
1983.318340,6099
1983.328340,6100
1983.358340,6101
1983.363340,6102
1983.388340,6103
1983.401990,6104
1983.418340,6111
1983.418340,6116
1983.455580,6117
1983.464600,6118
1983.499630,6119
1983.516260,6120
1983.527590,6123
1983.563117,6124
1983.567385,6125
1983.578902,6126
1983.582273,6127
1983.599490,6129
1983.603340,6130
1983.625610,6131
1983.634940,6132
1983.658340,6133
1983.708340,6134
1983.709990,6135
1983.712667,6136
1983.716340,6137
1983.718340,6142
1983.728340,6143
1983.768340,6144
1983.768725,6145
1983.780378,6148
1983.781340,6149
1983.792090,6150
1983.797650,6151
1983.805620,6152
1983.808260,6153
1983.811140,6154
1983.818340,6155
1983.841910,6156
1983.857640,6157
1983.865440,6158
1983.888340,6159
1983.894840,6160
1983.940040,6161
1983.948870,6162
1983.968340,6163
1983.968340,6164
1983.984615,6165
1983.991240,6166
1984.010080,6167
1984.012347,6168
1984.013300,6170
1984.016240,6171
1984.018340,6172
1984.018340,6175
1984.018340,6184
1984.018340,6187
1984.018340,6188
1984.058340,6189
1984.061317,6190
1984.091340,6191
1984.112890,6192
1984.116240,6193
1984.118340,6194
1984.118340,6196
1984.139270,6197
1984.154550,6198
1984.157760,6199
1984.181893,6200
1984.188340,6201
1984.192525,6202
1984.195483,6203
1984.207623,6204
1984.208340,6205
1984.221305,6206
1984.231166,6207
1984.236500,6208
1984.238340,6209
1984.238650,6211
1984.245840,6212
1984.268340,6213
1984.292630,6214
1984.318340,6217
1984.328340,6218
1984.341440,6219
1984.348340,6220
1984.352040,6221
1984.353605,6222
1984.358710,6223
1984.368340,6224
1984.370760,6225
1984.385007,6226
1984.386490,6227
1984.388340,6228
1984.408340,6229
1984.418340,6241
1984.453444,6242
1984.461527,6243
1984.468340,6244
1984.477590,6245
1984.484660,6246
1984.492840,6247
1984.518340,6248
1984.518340,6250
1984.546877,6251
1984.558340,6252
1984.558340,6253
1984.561050,6254
1984.568340,6255
1984.568340,6257
1984.578340,6258
1984.602882,6259
1984.618340,6266
1984.618340,6269
1984.625820,6270
1984.628740,6271
1984.635586,6272
1984.658340,6273
1984.673340,6274
1984.673340,6275
1984.675275,6276
1984.694314,6277
1984.708340,6280
1984.708340,6281
1984.718340,6283
1984.729030,6284
1984.743140,6285
1984.743340,6287
1984.779324,6288
1984.794210,6289
1984.818340,6291
1984.818340,6297
1984.818376,6298
1984.855340,6299
1984.855455,6301
1984.855483,6302
1984.855640,6303
1984.878340,6304
1984.888340,6305
1984.915840,6306
1984.918340,6308
1984.918340,6312
1984.926160,6313
1984.948340,6314
1984.958340,6315
1984.960185,6316
1984.964625,6317
1984.969940,6318
1984.979960,6319
1984.979960,6320
1984.993340,6321
1985.017360,6322
1985.018340,6323
1985.018340,6325
1985.018340,6329
1985.018340,6333
1985.055912,6334
1985.068340,6335
1985.107630,6336
1985.118340,6338
1985.124365,6339
1985.124980,6340
1985.127820,6341
1985.128340,6343
1985.158340,6344
1985.168340,6345
1985.178340,6346
1985.178340,6347
1985.191440,6348
1985.191440,6349
1985.195533,6350
1985.198340,6351
1985.205865,6352
1985.214360,6353
1985.217566,6354
1985.218340,6356
1985.218340,6359
1985.218340,6361
1985.222787,6362
1985.230560,6363
1985.232940,6364
1985.250085,6365
1985.252090,6366
1985.267035,6367
1985.268340,6368
1985.290850,6369
1985.318340,6370
1985.328167,6371
1985.331940,6372
1985.336640,6373
1985.343340,6374
1985.358340,6375
1985.374118,6376
1985.382398,6377
1985.412449,6378
1985.416573,6379
1985.418340,6382
1985.418376,6383
1985.431640,6384
1985.437465,6385
1985.445007,6386
1985.448340,6387
1985.491440,6388
1985.518340,6391
1985.518340,6392
1985.518340,6395
1985.528108,6396
1985.538340,6397
1985.538340,6398
1985.544330,6399
1985.544740,6400
1985.551673,6401
1985.568340,6403
1985.618340,6406
1985.669914,6407
1985.678340,6408
1985.685390,6409
1985.691398,6410
1985.705140,6411
1985.717240,6412
1985.717913,6413
1985.718340,6414
1985.718848,6415
1985.723900,6420
1985.724332,6421
1985.740410,6422
1985.746540,6423
1985.748340,6424
1985.755007,6425
1985.788340,6426
1985.818340,6431
1985.818340,6432
1985.818340,6433
1985.818340,6441
1985.828650,6442
1985.829340,6443
1985.839180,6444
1985.845230,6445
1985.847240,6446
1985.853764,6447
1985.864809,6448
1985.888340,6449
1985.899040,6450
1985.918340,6451
1985.934115,6452
1985.937640,6453
1985.974640,6454
1985.978755,6455
1986.008340,6457
1986.018340,6459
1986.018340,6471
1986.018340,6480
1986.023340,6481
1986.030867,6482
1986.058127,6483
1986.064265,6484
1986.078940,6485
1986.085340,6486
1986.097975,6487
1986.118340,6489
1986.166880,6490
1986.189144,6491
1986.194110,6492
1986.213064,6496
1986.218340,6500
1986.228340,6501
1986.231540,6502
1986.238340,6504
1986.247300,6506
1986.247949,6507
1986.273340,6508
1986.274019,6511
1986.276640,6512
1986.278340,6514
1986.294040,6515
1986.318340,6516
1986.321620,6519
1986.341160,6520
1986.342915,6521
1986.367570,6522
1986.398830,6523
1986.411140,6524
1986.418340,6526
1986.418340,6527
1986.420590,6529
1986.439170,6530
1986.473040,6531
1986.488340,6533
1986.515840,6534
1986.518340,6536
1986.530810,6537
1986.568410,6538
1986.569340,6539
1986.577220,6540
1986.588340,6541
1986.612590,6545
1986.628340,6549
1986.658605,6550
1986.698150,6551
1986.698340,6552
1986.728340,6553
1986.738340,6554
1986.746340,6555
1986.772312,6556
1986.774840,6557
1986.778340,6558
1986.782142,6559
1986.792940,6560
1986.818340,6561
1986.818340,6563
1986.818340,6564
1986.851040,6565
1986.855028,6566
1986.869390,6567
1986.872815,6568
1986.878980,6569
1986.893180,6570
1986.898340,6572
1986.918340,6573
1986.927140,6574
1986.927313,6575
1986.928810,6576
1986.934860,6577
1986.938340,6578
1986.955010,6579
1986.963062,6580
1986.972625,6581
1986.987540,6582
1986.998340,6583
1987.008340,6584
1987.018340,6587
1987.018340,6591
1987.018340,6594
1987.039440,6595
1987.048340,6596
1987.058340,6597
1987.063934,6598
1987.070422,6599
1987.080840,6600
1987.097633,6601
1987.110866,6602
1987.118340,6604
1987.118340,6609
1987.118340,6610
1987.120220,6611
1987.120562,6612
1987.121240,6613
1987.121840,6614
1987.130859,6615
1987.148340,6616
1987.158340,6617
1987.168340,6618
1987.173229,6619
1987.178340,6620
1987.185870,6621
1987.193573,6622
1987.195304,6623
1987.202810,6624
1987.207380,6627
1987.218340,6628
1987.218340,6629
1987.218340,6631
1987.237840,6633
1987.252240,6634
1987.258440,6635
1987.261315,6636
1987.261940,6637
1987.277940,6638
1987.314340,6639
1987.318340,6640
1987.318340,6642
1987.326240,6643
1987.358340,6644
1987.389683,6645
1987.390015,6646
1987.418340,6649
1987.429320,6650
1987.430157,6651
1987.444385,6652
1987.445240,6653
1987.448340,6654
1987.451673,6655
1987.458340,6656
1987.472997,6658
1987.486440,6659
1987.490840,6660
1987.499266,6661
1987.510840,6662
1987.518340,6664
1987.518340,6665
1987.548340,6666
1987.548940,6667
1987.563340,6668
1987.568340,6669
1987.584510,6670
1987.608340,6671
1987.617073,6672
1987.618340,6673
1987.670340,6674
1987.707337,6675
1987.719077,6676
1987.733637,6677
1987.748340,6678
1987.773690,6679
1987.783810,6681
1987.813145,6683
1987.818340,6687
1987.823340,6688
1987.831040,6689
1987.832440,6690
1987.836820,6691
1987.838968,6692
1987.843180,6693
1987.846185,6694
1987.848640,6695
1987.867990,6696
1987.868340,6697
1987.872000,6698
1987.873340,6699
1987.873340,6700
1987.917804,6701
1987.918340,6703
1987.918340,6705
1987.919990,6706
1987.938340,6707
1987.968340,6708
1987.970560,6709
1987.971540,6710
1987.978340,6711
1987.994450,6712
1987.996345,6713
1987.996507,6714
1987.999715,6715
1988.016240,6716
1988.018340,6721
1988.018340,6724
1988.018340,6735
1988.018340,6736
1988.020300,6737
1988.021286,6738
1988.038340,6739
1988.040702,6740
1988.067760,6741
1988.069990,6742
1988.089641,6743
1988.100440,6744
1988.109507,6745
1988.111840,6746
1988.118340,6747
1988.140090,6748
1988.143520,6749
1988.168340,6750
1988.191090,6751
1988.198355,6752
1988.230040,6753
1988.249620,6754
1988.256990,6755
1988.274189,6756
1988.274450,6757
1988.298340,6758
1988.318340,6759
1988.318340,6760
1988.318340,6763
1988.318340,6764
1988.336993,6765
1988.358340,6766
1988.362218,6767
1988.362540,6768
1988.363340,6769
1988.385860,6770
1988.401030,6771
1988.402980,6772
1988.418340,6776
1988.423590,6777
1988.424740,6778
1988.428340,6779
1988.433453,6780
1988.438340,6781
1988.439640,6782
1988.459680,6783
1988.463270,6786
1988.467180,6787
1988.471037,6788
1988.474007,6789
1988.481985,6790
1988.510628,6791
1988.518340,6795
1988.521090,6796
1988.531090,6797
1988.541374,6798
1988.548340,6799
1988.554200,6800
1988.568340,6801
1988.568340,6802
1988.572290,6805
1988.573340,6806
1988.589440,6807
1988.593740,6808
1988.618340,6810
1988.622290,6811
1988.662740,6812
1988.664722,6813
1988.671950,6814
1988.674003,6815
1988.674970,6817
1988.678340,6818
1988.688340,6819
1988.716150,6820
1988.721673,6821
1988.728340,6822
1988.795790,6823
1988.798340,6825
1988.818340,6826
1988.818340,6829
1988.818340,6830
1988.824040,6831
1988.825015,6832
1988.830740,6833
1988.859990,6834
1988.908340,6836
1988.908340,6837
1988.918340,6839
1988.937740,6840
1988.948633,6841
1988.991731,6842
1988.998340,6843
1989.016832,6844
1989.018340,6850
1989.018340,6851
1989.018340,6856
1989.018340,6857
1989.018440,6858
1989.052340,6859
1989.070940,6860
1989.074532,6861
1989.079228,6862
1989.099660,6863
1989.108240,6867
1989.117157,6868
1989.118340,6869
1989.118340,6871
1989.132140,6872
1989.142690,6873
1989.165240,6874
1989.168340,6875
1989.189560,6876
1989.197615,6877
1989.198340,6879
1989.218340,6882
1989.238340,6883
1989.238340,6884
1989.242232,6885
1989.252340,6886
1989.255690,6887
1989.288340,6888
1989.306410,6889
1989.313790,6890
1989.318340,6894
1989.318340,6895
1989.318340,6899
1989.322043,6900
1989.324740,6901
1989.328340,6902
1989.353690,6903
1989.371410,6904
1989.376340,6905
1989.398340,6906
1989.398340,6907
1989.431040,6908
1989.431284,6909
1989.431284,6910
1989.439769,6911
1989.488340,6912
1989.498340,6913
1989.518340,6915
1989.518840,6916
1989.521541,6917
1989.533695,6918
1989.546663,6919
1989.547445,6920
1989.548340,6921
1989.548760,6922
1989.600698,6923
1989.613527,6924
1989.618340,6925
1989.628340,6926
1989.631362,6927
1989.647800,6928
1989.668340,6929
1989.671673,6930
1989.672590,6931
1989.691590,6932
1989.697240,6933
1989.698340,6934
1989.701940,6935
1989.708340,6936
1989.718340,6937
1989.728340,6938
1989.732540,6939
1989.768340,6940
1989.776454,6941
1989.776740,6942
1989.778340,6943
1989.784614,6944
1989.796970,6945
1989.799140,6946
1989.807240,6947
1989.808340,6948
1989.811370,6949
1989.818340,6955
1989.818740,6956
1989.826115,6957
1989.834450,6958
1989.840400,6959
1989.878070,6960
1989.888340,6961
1989.896715,6962
1989.899060,6963
1989.918340,6965
1989.918340,6966
1989.920840,6967
1989.928340,6968
1989.946718,6969
1989.951890,6970
1989.974260,6971
1989.988340,6972
1989.988340,6973
1990.000140,6974
1990.018340,6980
1990.018340,6987
1990.018340,6988
1990.024090,6990
1990.027200,6991
1990.038340,6992
1990.041540,6993
1990.092381,6994
1990.096305,6995
1990.105440,6996
1990.118340,7000
1990.118340,7001
1990.118340,7002
1990.121977,7003
1990.125215,7004
1990.126511,7005
1990.128340,7006
1990.130990,7007
1990.153340,7008
1990.158340,7010
1990.166600,7011
1990.166840,7012
1990.175076,7016
1990.178340,7017
1990.179845,7018
1990.180090,7019
1990.198340,7020
1990.212540,7021
1990.218340,7022
1990.218340,7024
1990.223360,7025
1990.238340,7027
1990.249774,7028
1990.281331,7029
1990.287440,7030
1990.288340,7032
1990.297145,7033
1990.298340,7034
1990.303060,7035
1990.308340,7036
1990.317100,7037
1990.318340,7044
1990.328340,7045
1990.354773,7047
1990.355007,7048
1990.358340,7049
1990.360540,7050
1990.388340,7051
1990.388340,7053
1990.395806,7054
1990.418340,7055
1990.448340,7056
1990.460740,7057
1990.503340,7058
1990.513110,7059
1990.518340,7060
1990.536490,7061
1990.545370,7062
1990.556410,7063
1990.575530,7064
1990.578340,7065
1990.588340,7066
1990.608302,7067
1990.618340,7068
1990.618340,7069
1990.618340,7071
1990.636240,7072
1990.659925,7073
1990.674077,7074
1990.684340,7075
1990.685270,7076
1990.695663,7077
1990.698340,7079
1990.707229,7080
1990.718340,7086
1990.735840,7087
1990.738385,7088
1990.742250,7089
1990.758340,7090
1990.763385,7091
1990.764940,7092
1990.766440,7093
1990.768340,7094
1990.778340,7095
1990.788340,7096
1990.791230,7097
1990.795664,7098
1990.807580,7099
1990.816462,7100
1990.818340,7107
1990.818340,7109
1990.819420,7112
1990.845529,7113
1990.855767,7114
1990.858340,7115
1990.860657,7116
1990.877620,7118
1990.878340,7119
1990.886575,7120
1990.895102,7121
1990.900470,7122
1990.901803,7123
1990.906040,7124
1990.918340,7125
1990.922408,7126
1990.923140,7127
1990.924929,7128
1990.928340,7129
1990.930275,7130
1990.930773,7131
1990.934000,7132
1990.938183,7133
1990.938340,7134
1990.943530,7135
1990.958770,7136
1990.966790,7137
1990.967080,7138
1990.973140,7139
1990.998240,7140
1991.006340,7141
1991.008340,7142
1991.009640,7143
1991.010745,7144
1991.018340,7148
1991.018340,7160
1991.018340,7167
1991.018340,7171
1991.024010,7172
1991.024420,7173
1991.036240,7174
1991.048313,7175
1991.068340,7176
1991.086185,7177
1991.096468,7178
1991.097840,7179
1991.118340,7180
1991.118340,7181
1991.122765,7182
1991.131540,7184
1991.161673,7185
1991.171170,7186
1991.193340,7187
1991.195925,7188
1991.198340,7189
1991.211030,7190
1991.213340,7191
1991.217840,7192
1991.218340,7193
1991.218340,7196
1991.218340,7203
1991.228040,7204
1991.241140,7206
1991.244496,7207
1991.248340,7208
1991.251730,7209
1991.261640,7210
1991.273340,7212
1991.281140,7213
1991.308340,7214
1991.308340,7215
1991.309040,7216
1991.310950,7217
1991.313040,7218
1991.318340,7219
1991.318340,7221
1991.321740,7222
1991.326694,7223
1991.335140,7224
1991.368340,7225
1991.384440,7226
1991.388340,7227
1991.393732,7228
1991.406460,7230
1991.418340,7231
1991.426130,7233
1991.435740,7234
1991.438340,7235
1991.442160,7236
1991.448897,7237
1991.457675,7238
1991.458480,7239
1991.462320,7240
1991.463473,7241
1991.468340,7242
1991.468340,7243
1991.480669,7244
1991.509913,7245
1991.511840,7246
1991.515410,7247
1991.518340,7248
1991.518340,7252
1991.521140,7253
1991.521340,7254
1991.531673,7255
1991.533340,7256
1991.538340,7257
1991.540240,7258
1991.543340,7259
1991.555475,7260
1991.556803,7261
1991.571580,7262
1991.574407,7263
1991.576452,7264
1991.588340,7265
1991.588340,7266
1991.588340,7267
1991.593740,7268
1991.604240,7269
1991.605007,7270
1991.618340,7271
1991.620840,7272
1991.624240,7273
1991.635060,7276
1991.638340,7277
1991.648340,7278
1991.648340,7279
1991.664920,7280
1991.664940,7281
1991.668340,7282
1991.690590,7283
1991.718340,7284
1991.735490,7285
1991.738340,7286
1991.746240,7288
1991.750285,7289
1991.753300,7290
1991.755740,7291
1991.767640,7292
1991.789440,7293
1991.793790,7294
1991.810040,7295
1991.818340,7296
1991.834890,7297
1991.838340,7298
1991.838340,7299
1991.843220,7300
1991.858340,7301
1991.858340,7303
1991.862493,7304
1991.868340,7306
1991.868340,7307
1991.884010,7308
1991.898340,7309
1991.903840,7310
1991.915350,7311
1991.918340,7312
1991.928040,7313
1991.937523,7314
1991.942550,7315
1991.948340,7317
1991.948340,7318
1991.958940,7319
1991.962465,7320
1991.978340,7321
1991.988453,7322
1992.001640,7323
1992.018340,7324
1992.018340,7328
1992.018340,7335
1992.018340,7339
1992.018340,7340
1992.023090,7341
1992.028340,7342
1992.038340,7343
1992.057893,7344
1992.083975,7345
1992.087731,7346
1992.100620,7347
1992.118340,7348
1992.118340,7350
1992.118340,7354
1992.118340,7356
1992.119649,7357
1992.122944,7358
1992.124340,7359
1992.129740,7360
1992.138232,7361
1992.138340,7362
1992.147280,7363
1992.151673,7364
1992.165080,7365
1992.168340,7366
1992.173740,7367
1992.198340,7370
1992.218340,7373
1992.246040,7374
1992.246040,7375
1992.253890,7379
1992.258340,7380
1992.268340,7381
1992.278049,7382
1992.278340,7383
1992.278340,7384
1992.288340,7385
1992.318340,7386
1992.318340,7390
1992.318340,7394
1992.324040,7395
1992.324570,7396
1992.328490,7397
1992.338340,7398
1992.353960,7399
1992.390287,7400
1992.404020,7401
1992.410060,7402
1992.410840,7403
1992.418340,7407
1992.418340,7408
1992.426340,7409
1992.431140,7410
1992.435040,7413
1992.451240,7414
1992.466007,7415
1992.468340,7416
1992.486740,7417
1992.498840,7418
1992.499460,7419
1992.528340,7420
1992.548240,7421
1992.591773,7422
1992.597350,7423
1992.598540,7424
1992.613690,7425
1992.617145,7426
1992.618340,7427
1992.618340,7429
1992.620910,7430
1992.623257,7431
1992.624590,7432
1992.626539,7433
1992.628340,7434
1992.636993,7435
1992.638340,7436
1992.646140,7437
1992.657040,7438
1992.668340,7439
1992.678390,7440
1992.698340,7441
1992.698340,7444
1992.708340,7445
1992.718340,7446
1992.731015,7447
1992.731540,7448
1992.742840,7449
1992.766282,7450
1992.768173,7451
1992.768740,7452
1992.775010,7453
1992.794806,7454
1992.800807,7455
1992.808340,7456
1992.808340,7457
1992.818340,7461
1992.818340,7467
1992.818340,7471
1992.828340,7472
1992.838340,7473
1992.863060,7474
1992.868340,7475
1992.876140,7478
1992.879984,7479
1992.888340,7480
1992.910690,7481
1992.921510,7482
1992.958340,7483
1992.968340,7484
1992.989640,7485
1993.002450,7486
1993.014216,7487
1993.018340,7492
1993.018340,7499
1993.018340,7502
1993.018340,7504
1993.018340,7513
1993.038340,7514
1993.039340,7517
1993.040840,7518
1993.050590,7519
1993.051060,7521
1993.057290,7522
1993.058340,7523
1993.066603,7524
1993.067040,7525
1993.068340,7526
1993.083340,7527
1993.102886,7528
1993.113130,7529
1993.128340,7530
1993.139340,7531
1993.158340,7532
1993.175300,7535
1993.188340,7536
1993.193940,7537
1993.198340,7538
1993.218340,7544
1993.218340,7545
1993.223490,7546
1993.228340,7547
1993.260683,7548
1993.267740,7549
1993.278340,7551
1993.282207,7552
1993.309265,7553
1993.318340,7554
1993.318340,7555
1993.318340,7557
1993.320710,7558
1993.328440,7559
1993.338340,7560
1993.338340,7561
1993.351720,7562
1993.363340,7563
1993.364140,7564
1993.368340,7565
1993.372397,7566
1993.408340,7567
1993.418340,7569
1993.418340,7571
1993.424550,7572
1993.434140,7573
1993.437240,7574
1993.438340,7576
1993.443390,7577
1993.448340,7578
1993.458340,7579
1993.468340,7580
1993.473640,7581
1993.476183,7582
1993.478340,7583
1993.498340,7586
1993.503502,7587
1993.512074,7588
1993.515340,7589
1993.518340,7590
1993.518340,7591
1993.528162,7592
1993.538340,7593
1993.538900,7594
1993.563000,7595
1993.568340,7597
1993.578340,7599
1993.596050,7600
1993.601140,7601
1993.607056,7602
1993.618340,7604
1993.618340,7606
1993.648340,7607
1993.668340,7608
1993.669310,7609
1993.674340,7610
1993.678340,7612
1993.697170,7613
1993.698340,7615
1993.705640,7616
1993.718340,7617
1993.718340,7620
1993.728340,7621
1993.734040,7622
1993.738630,7625
1993.767020,7626
1993.798340,7627
1993.808130,7628
1993.818340,7629
1993.818340,7632
1993.833975,7633
1993.838340,7634
1993.857110,7635
1993.868340,7636
1993.889740,7637
1993.905510,7639
1993.910787,7640
1993.918340,7641
1993.920973,7642
1993.929740,7645
1993.937460,7646
1993.938280,7648
1993.942840,7649
1993.955980,7650
1993.981800,7651
1993.991340,7652
1993.995270,7653
1993.999040,7654
1994.007940,7655
1994.008340,7656
1994.014450,7657
1994.015840,7658
1994.018340,7663
1994.018340,7669
1994.018340,7674
1994.018340,7676
1994.031865,7677
1994.039140,7678
1994.061025,7679
1994.064240,7680
1994.068578,7681
1994.073540,7682
1994.078340,7683
1994.088340,7684
1994.101556,7685
1994.118340,7687
1994.128340,7688
1994.128340,7690
1994.138340,7692
1994.158340,7693
1994.191590,7694
1994.204390,7695
1994.218340,7697
1994.218340,7700
1994.218340,7708
1994.221705,7709
1994.249978,7710
1994.257150,7711
1994.263884,7712
1994.278340,7713
1994.286350,7714
1994.288340,7715
1994.292745,7716
1994.296641,7717
1994.318340,7718
1994.318340,7720
1994.318340,7721
1994.328850,7722
1994.336090,7723
1994.338340,7724
1994.338340,7726
1994.348340,7727
1994.373040,7728
1994.384840,7729
1994.398140,7730
1994.404375,7731
1994.406473,7732
1994.418340,7734
1994.418340,7735
1994.422587,7736
1994.423765,7737
1994.424778,7738
1994.426090,7739
1994.433340,7740
1994.441440,7741
1994.447840,7742
1994.448095,7743
1994.448340,7744
1994.448340,7745
1994.451900,7746
1994.455754,7747
1994.459438,7748
1994.464113,7749
1994.474660,7750
1994.475340,7751
1994.478340,7752
1994.486140,7753
1994.488340,7754
1994.502180,7755
1994.502340,7760
1994.502532,7761
1994.505845,7762
1994.515170,7763
1994.518340,7765
1994.544440,7766
1994.545007,7767
1994.561673,7768
1994.567655,7769
1994.585020,7770
1994.585540,7771
1994.598340,7772
1994.611523,7773
1994.618055,7774
1994.618340,7778
1994.618340,7782
1994.618340,7783
1994.620340,7784
1994.631673,7785
1994.658340,7786
1994.672765,7787
1994.708340,7789
1994.713540,7790
1994.715540,7791
1994.718340,7792
1994.721877,7793
1994.728340,7794
1994.728340,7795
1994.730679,7796
1994.731395,7797
1994.734020,7798
1994.761720,7800
1994.772640,7801
1994.779840,7803
1994.798340,7806
1994.811435,7807
1994.818340,7809
1994.818340,7816
1994.818340,7817
1994.818428,7818
1994.862940,7819
1994.876340,7820
1994.878340,7822
1994.888340,7823
1994.896165,7824
1994.898340,7825
1994.906010,7826
1994.906890,7827
1994.918340,7831
1994.918340,7833
1994.937973,7834
1994.938010,7835
1994.938340,7836
1994.948340,7837
1994.952963,7838
1994.968340,7839
1994.983550,7840
1995.003640,7841
1995.008340,7843
1995.009617,7844
1995.011380,7845
1995.018340,7847
1995.018340,7853
1995.018340,7854
1995.022540,7857
1995.028340,7858
1995.028340,7859
1995.058340,7860
1995.067073,7861
1995.070540,7862
1995.074840,7863
1995.080090,7864
1995.084010,7865
1995.099100,7866
1995.108340,7867
1995.115003,7868
1995.118340,7869
1995.118340,7871
1995.134140,7872
1995.138340,7874
1995.142581,7875
1995.144859,7876
1995.148340,7877
1995.167540,7878
1995.177761,7879
1995.184340,7880
1995.209320,7881
1995.211640,7882
1995.218340,7886
1995.218340,7887
1995.224190,7888
1995.237860,7889
1995.238740,7890
1995.242340,7891
1995.261906,7892
1995.263340,7895
1995.280440,7896
1995.302607,7897
1995.318340,7900
1995.351310,7901
1995.359510,7902
1995.360940,7903
1995.368340,7904
1995.373340,7905
1995.390520,7906
1995.398340,7907
1995.398340,7908
1995.400540,7909
1995.404340,7910
1995.404657,7911
1995.408640,7912
1995.408947,7913
1995.412090,7914
1995.418340,7917
1995.418340,7918
1995.418340,7920
1995.425680,7921
1995.426340,7922
1995.433740,7923
1995.440716,7924
1995.442330,7925
1995.446948,7926
1995.455546,7927
1995.457600,7928
1995.468340,7929
1995.470158,7930
1995.478340,7932
1995.489120,7933
1995.492626,7934
1995.502130,7935
1995.518340,7937
1995.518340,7942
1995.518340,7944
1995.520410,7946
1995.521673,7947
1995.528340,7949
1995.547640,7950
1995.549900,7953
1995.550337,7954
1995.551077,7955
1995.555440,7956
1995.555440,7957
1995.564370,7958
1995.578340,7959
1995.583150,7960
1995.591588,7961
1995.592130,7962
1995.605710,7963
1995.605777,7964
1995.618340,7973
1995.618340,7974
1995.621577,7975
1995.635090,7976
1995.638340,7977
1995.654210,7978
1995.658340,7979
1995.660650,7980
1995.660990,7981
1995.663490,7982
1995.693165,7983
1995.718340,7986
1995.718340,7987
1995.721520,7988
1995.737510,7989
1995.747085,7990
1995.748340,7991
1995.768590,7992
1995.769240,7993
1995.773340,7994
1995.782340,7995
1995.803666,7996
1995.808340,7997
1995.818340,7998
1995.818340,8001
1995.818340,8004
1995.823916,8005
1995.858340,8006
1995.883430,8008
1995.885357,8009
1995.906320,8010
1995.918340,8012
1995.927040,8013
1995.937710,8015
1995.954540,8016
1995.971940,8017
1995.973340,8018
1995.998340,8019
1996.018340,8020
1996.018340,8028
1996.018340,8030
1996.018340,8033
1996.042622,8034
1996.058340,8036
1996.058740,8037
1996.058846,8038
1996.082977,8039
1996.086140,8040
1996.088340,8041
1996.090752,8042
1996.091730,8043
1996.113140,8044
1996.118340,8045
1996.118340,8047
1996.118340,8051
1996.128340,8052
1996.136140,8053
1996.143085,8054
1996.143740,8055
1996.158340,8056
1996.160440,8058
1996.160708,8059
1996.166218,8060
1996.179970,8061
1996.218340,8064
1996.218340,8066
1996.226489,8067
1996.228340,8069
1996.234440,8070
1996.248340,8072
1996.255810,8073
1996.268340,8074
1996.283077,8075
1996.308340,8077
1996.308340,8079
1996.315040,8080
1996.318050,8081
1996.318340,8082
1996.348340,8083
1996.349840,8084
1996.351240,8085
1996.351673,8086
1996.360140,8087
1996.365422,8088
1996.368340,8089
1996.376940,8090
1996.391875,8091
1996.413110,8092
1996.418140,8093
1996.418340,8095
1996.418340,8096
1996.428340,8097
1996.448340,8098
1996.453340,8099
1996.459500,8100
1996.459690,8101
1996.467640,8102
1996.472070,8103
1996.489890,8104
1996.493440,8105
1996.495690,8106
1996.498340,8107
1996.515380,8108
1996.516290,8111
1996.518340,8114
1996.518340,8116
1996.522090,8117
1996.523020,8118
1996.533905,8119
1996.548229,8120
1996.550600,8121
1996.558340,8122
1996.575940,8123
1996.590798,8124
1996.598340,8125
1996.599125,8126
1996.603140,8127
1996.618340,8129
1996.618340,8132
1996.628040,8133
1996.628340,8134
1996.628340,8135
1996.638340,8136
1996.642307,8137
1996.646630,8139
1996.648340,8140
1996.650320,8141
1996.664177,8142
1996.665253,8143
1996.680840,8144
1996.692610,8145
1996.698740,8146
1996.707327,8147
1996.708340,8148
1996.712290,8149
1996.712351,8150
1996.717940,8151
1996.718340,8152
1996.718340,8157
1996.734240,8158
1996.745865,8159
1996.748340,8160
1996.757065,8161
1996.766710,8162
1996.768340,8164
1996.768510,8165
1996.771481,8166
1996.774965,8167
1996.778340,8168
1996.788340,8169
1996.797140,8170
1996.803844,8171
1996.814223,8172
1996.818010,8173
1996.818340,8179
1996.818340,8188
1996.820100,8189
1996.840290,8190
1996.848340,8194
1996.848340,8195
1996.864310,8196
1996.877167,8197
1996.882630,8198
1996.884770,8199
1996.886670,8202
1996.894442,8203
1996.895030,8204
1996.896985,8205
1996.908340,8206
1996.908340,8207
1996.918340,8210
1996.918340,8211
1996.920157,8212
1996.933403,8213
1996.946870,8214
1996.954670,8215
1996.968340,8216
1996.980390,8217
1996.991981,8218
1996.994640,8219
1997.008340,8220
1997.011490,8221
1997.018340,8229
1997.018340,8237
1997.018340,8246
1997.018340,8248
1997.028940,8249
1997.036155,8250
1997.059460,8251
1997.064766,8252
1997.064902,8253
1997.078340,8254
1997.081280,8255
1997.091590,8256
1997.094640,8257
1997.096840,8258
1997.098340,8260
1997.103545,8261
1997.108340,8262
1997.108340,8267
1997.118340,8269
1997.122173,8270
1997.123783,8271
1997.128340,8272
1997.134740,8273
1997.147640,8276
1997.148735,8277
1997.161055,8278
1997.198340,8279
1997.198940,8280
1997.208940,8281
1997.215540,8282
1997.218340,8284
1997.218340,8287
1997.241740,8288
1997.245943,8289
1997.248340,8290
1997.256560,8291
1997.272160,8292
1997.279240,8293
1997.298340,8294
1997.298340,8295
1997.308340,8296
1997.316712,8297
1997.318340,8298
1997.318340,8305
1997.327835,8306
1997.339825,8307
1997.348340,8308
1997.355340,8309
1997.356145,8310
1997.358340,8311
1997.361640,8312
1997.364300,8313
1997.366430,8315
1997.368340,8316
1997.376340,8317
1997.378340,8318
1997.391460,8319
1997.392440,8320
1997.392840,8321
1997.393855,8322
1997.395750,8323
1997.396295,8324
1997.399173,8325
1997.402456,8326
1997.410740,8327
1997.412440,8328
1997.418340,8330
1997.422765,8331
1997.425480,8332
1997.435140,8335
1997.437000,8336
1997.442040,8337
1997.448340,8338
1997.462535,8339
1997.498340,8340
1997.508340,8341
1997.511007,8342
1997.512860,8343
1997.518340,8345
1997.518340,8346
1997.518340,8348
1997.545840,8349
1997.555940,8350
1997.558340,8351
1997.567140,8352
1997.574930,8353
1997.578340,8354
1997.578340,8355
1997.598340,8356
1997.600640,8357
1997.607640,8358
1997.618340,8360
1997.618340,8362
1997.618340,8363
1997.636037,8364
1997.640830,8365
1997.651958,8366
1997.656515,8367
1997.686920,8368
1997.687740,8369
1997.697210,8370
1997.698340,8371
1997.703008,8372
1997.718340,8373
1997.718340,8378
1997.718340,8380
1997.722630,8381
1997.751673,8382
1997.757925,8383
1997.762240,8385
1997.765340,8386
1997.778340,8387
1997.782876,8388
1997.788340,8389
1997.805928,8390
1997.806623,8391
1997.808340,8392
1997.818340,8394
1997.818340,8400
1997.818340,8402
1997.818340,8403
1997.819200,8404
1997.825915,8405
1997.828340,8406
1997.836320,8407
1997.847940,8409
1997.848340,8410
1997.858340,8411
1997.864763,8412
1997.868340,8413
1997.868350,8414
1997.878340,8416
1997.887365,8417
1997.901510,8418
1997.902740,8419
1997.905005,8420
1997.908340,8423
1997.916240,8424
1997.918340,8425
1997.922990,8426
1997.941903,8427
1997.950907,8428
1997.952725,8429
1997.953800,8430
1997.958803,8431
1997.968340,8432
1998.008401,8433
1998.018340,8441
1998.018340,8446
1998.018340,8450
1998.018340,8457
1998.018340,8461
1998.028340,8462
1998.028340,8463
1998.035073,8464
1998.051795,8465
1998.053890,8466
1998.078340,8468
1998.078340,8469
1998.095840,8470
1998.098340,8471
1998.107340,8472
1998.110785,8473
1998.111867,8474
1998.113340,8475
1998.118340,8476
1998.118340,8479
1998.128340,8480
1998.129340,8481
1998.138140,8482
1998.145340,8489
1998.145937,8490
1998.150610,8491
1998.178340,8492
1998.178340,8494
1998.183672,8495
1998.188240,8496
1998.189487,8497
1998.195340,8498
1998.200640,8499
1998.201440,8500
1998.213340,8501
1998.218340,8502
1998.218340,8504
1998.235657,8505
1998.245145,8507
1998.248340,8508
1998.251230,8509
1998.256673,8510
1998.277740,8511
1998.288340,8512
1998.292750,8513
1998.293990,8514
1998.298340,8515
1998.313440,8516
1998.318340,8517
1998.318340,8519
1998.318340,8521
1998.318713,8522
1998.320717,8523
1998.321240,8524
1998.339906,8525
1998.343040,8526
1998.363007,8527
1998.374440,8528
1998.375013,8529
1998.379940,8530
1998.381217,8531
1998.408890,8532
1998.411540,8533
1998.415340,8534
1998.418340,8535
1998.418340,8538
1998.418340,8540
1998.420400,8541
1998.432190,8542
1998.438340,8543
1998.438340,8544
1998.438340,8545
1998.448340,8546
1998.457484,8547
1998.458340,8548
1998.459147,8549
1998.467240,8550
1998.468340,8551
1998.472640,8552
1998.476140,8553
1998.476490,8554
1998.480840,8555
1998.488340,8556
1998.492710,8557
1998.495940,8558
1998.501340,8559
1998.508340,8560
1998.508340,8562
1998.514940,8563
1998.515090,8564
1998.518340,8567
1998.518340,8568
1998.528340,8570
1998.528550,8571
1998.530783,8572
1998.538340,8573
1998.538340,8574
1998.538640,8575
1998.548340,8576
1998.558840,8577
1998.562605,8578
1998.563493,8579
1998.581830,8580
1998.582700,8582
1998.589040,8583
1998.593340,8584
1998.599190,8585
1998.604190,8586
1998.618340,8588
1998.618340,8590
1998.623695,8591
1998.625220,8592
1998.638340,8593
1998.653340,8594
1998.656207,8595
1998.668298,8596
1998.668340,8598
1998.668340,8600
1998.668340,8601
1998.672470,8602
1998.678340,8604
1998.699540,8605
1998.708340,8606
1998.718340,8609
1998.719753,8610
1998.721673,8611
1998.723310,8612
1998.728340,8613
1998.754955,8614
1998.758203,8615
1998.768340,8616
1998.778340,8619
1998.781570,8620
1998.781673,8621
1998.785840,8623
1998.790140,8624
1998.798140,8625
1998.811630,8626
1998.818090,8627
1998.818340,8631
1998.818340,8632
1998.818440,8633
1998.825200,8634
1998.826250,8635
1998.826973,8636
1998.828340,8637
1998.828340,8638
1998.836090,8639
1998.836294,8640
1998.848040,8641
1998.848340,8643
1998.884640,8644
1998.901250,8645
1998.906782,8646
1998.918340,8648
1998.924480,8650
1998.933500,8651
1998.938340,8653
1998.948340,8654
1998.958340,8655
1998.973260,8656
1998.975007,8657
1998.978340,8658
1998.984140,8659
1999.008340,8660
1999.012581,8661
1999.013340,8662
1999.018340,8668
1999.018340,8678
1999.018340,8686
1999.018340,8687
1999.018340,8689
1999.018340,8690
1999.028340,8691
1999.028340,8692
1999.033340,8693
1999.038340,8695
1999.048340,8697
1999.048740,8698
1999.049110,8699
1999.059730,8701
1999.063907,8702
1999.068340,8703
1999.068340,8704
1999.098340,8706
1999.098340,8707
1999.104260,8709
1999.112050,8710
1999.118340,8711
1999.118340,8713
1999.124245,8714
1999.131140,8715
1999.134397,8716
1999.143515,8717
1999.156060,8718
1999.162465,8719
1999.177480,8720
1999.178340,8721
1999.187440,8722
1999.190422,8723
1999.191965,8724
1999.193340,8725
1999.195140,8726
1999.218340,8730
1999.261023,8731
1999.275456,8733
1999.289120,8734
1999.315540,8736
1999.318340,8739
1999.320740,8740
1999.326860,8741
1999.329240,8742
1999.339807,8743
1999.342640,8744
1999.353470,8745
1999.356051,8746
1999.358340,8747
1999.361640,8748
1999.362740,8749
1999.363387,8752
1999.366340,8753
1999.367714,8754
1999.367890,8755
1999.377240,8756
1999.377341,8757
1999.385940,8758
1999.393340,8759
1999.397330,8760
1999.398340,8761
1999.403590,8762
1999.405640,8763
1999.413340,8764
1999.417550,8765
1999.418340,8771
1999.420142,8773
1999.422150,8774
1999.428340,8776
1999.428340,8777
1999.429190,8778
1999.438340,8779
1999.446570,8780
1999.466840,8781
1999.486778,8782
1999.505835,8783
1999.507940,8784
1999.508140,8785
1999.508340,8786
1999.514090,8787
1999.518340,8788
1999.518340,8791
1999.519310,8792
1999.525817,8793
1999.535007,8794
1999.548340,8795
1999.551571,8796
1999.552340,8798
1999.578340,8800
1999.580780,8802
1999.588340,8803
1999.593340,8804
1999.594670,8805
1999.598340,8807
1999.598590,8808
1999.612040,8810
1999.618340,8811
1999.618340,8815
1999.624540,8816
1999.632340,8817
1999.664385,8818
1999.668340,8820
1999.691315,8821
1999.692990,8822
1999.698340,8823
1999.700150,8824
1999.705940,8825
1999.718340,8829
1999.718340,8830
1999.727010,8831
1999.728040,8832
1999.738340,8833
1999.746415,8834
1999.757452,8835
1999.768340,8837
1999.768340,8838
1999.781598,8839
1999.782940,8840
1999.783540,8845
1999.785305,8846
1999.785620,8847
1999.799283,8848
1999.807660,8849
1999.808340,8850
1999.817140,8851
1999.818340,8852
1999.818340,8854
1999.818340,8856
1999.828340,8857
1999.828340,8861
1999.838340,8862
1999.839670,8863
1999.840765,8864
1999.841240,8865
1999.851440,8866
1999.871728,8867
1999.875540,8868
1999.889345,8869
1999.903340,8870
1999.909434,8871
1999.916690,8872
1999.918340,8873
1999.918340,8876
1999.918340,8877
1999.928340,8878
1999.950240,8879
1999.968340,8880
1999.971350,8881
1999.978340,8882
1999.986388,8883
1999.986390,8884
1999.998340,8885
2000.018340,8886
2000.018340,8894
2000.018340,8899
2000.018340,8901
2000.018340,8905
2000.023960,8906
2000.028440,8907
2000.045350,8909
2000.048047,8910
2000.048340,8912
2000.049740,8913
2000.058340,8914
2000.067190,8915
2000.068003,8916
2000.078340,8917
2000.078340,8920
2000.083643,8921
2000.084440,8922
2000.084479,8923
2000.088340,8924
2000.095807,8925
2000.098340,8926
2000.108340,8927
2000.111680,8928
2000.118340,8929
2000.118340,8930
2000.118340,8931
2000.120997,8932
2000.128515,8933
2000.140520,8934
2000.143207,8935
2000.148340,8936
2000.148340,8937
2000.188340,8938
2000.192090,8939
2000.198340,8940
2000.198340,8941
2000.218340,8944
2000.218340,8947
2000.225380,8948
2000.228340,8949
2000.228340,8950
2000.237645,8951
2000.237790,8952
2000.238340,8953
2000.248040,8954
2000.248340,8956
2000.248340,8957
2000.256340,8958
2000.256552,8959
2000.260040,8960
2000.283640,8961
2000.288265,8962
2000.288510,8963
2000.302920,8965
2000.306340,8966
2000.310220,8967
2000.315007,8968
2000.318340,8969
2000.318340,8970
2000.318340,8973
2000.318340,8975
2000.330040,8976
2000.338340,8977
2000.366890,8978
2000.366900,8979
2000.368340,8980
2000.373340,8981
2000.376340,8982
2000.381540,8983
2000.388340,8984
2000.390200,8985
2000.392790,8986
2000.397540,8987
2000.398250,8988
2000.401640,8989
2000.408340,8990
2000.418250,8991
2000.418340,8994
2000.418340,8995
2000.418340,9001
2000.419640,9002
2000.435610,9003
2000.438340,9004
2000.440230,9006
2000.450045,9007
2000.458340,9008
2000.468558,9009
2000.488020,9010
2000.488080,9011
2000.488340,9012
2000.511683,9013
2000.516720,9014
2000.518340,9017
2000.518340,9021
2000.518340,9022
2000.518340,9023
2000.523900,9024
2000.525329,9025
2000.527140,9026
2000.529315,9027
2000.532835,9028
2000.538010,9029
2000.543240,9030
2000.549440,9031
2000.554419,9032
2000.556069,9033
2000.559154,9034
2000.569382,9035
2000.584320,9036
2000.588220,9037
2000.593940,9038
2000.595150,9039
2000.598340,9040
2000.604910,9043
2000.608340,9044
2000.608340,9045
2000.608340,9046
2000.618340,9049
2000.618340,9057
2000.618340,9059
2000.623360,9060
2000.625530,9061
2000.628340,9062
2000.647835,9063
2000.652470,9064
2000.658340,9065
2000.688785,9066
2000.698340,9067
2000.709225,9068
2000.730590,9069
2000.738340,9070
2000.743340,9071
2000.747590,9072
2000.748340,9073
2000.778340,9074
2000.785290,9076
2000.794340,9077
2000.798820,9078
2000.799450,9079
2000.800350,9080
2000.818340,9083
2000.818340,9084
2000.818340,9090
2000.818340,9091
2000.834140,9092
2000.845800,9093
2000.868340,9094
2000.869559,9095
2000.878340,9096
2000.898040,9097
2000.913400,9098
2000.913800,9099
2000.916240,9100
2000.916507,9101
2000.918340,9106
2000.922240,9107
2000.947390,9108
2000.956190,9109
2000.958340,9110
2000.993420,9111
2000.994183,9112
2001.013870,9113
2001.018340,9114
2001.018340,9117
2001.018340,9125
2001.018340,9135
2001.018340,9138
2001.018340,9142
2001.019962,9143
2001.033180,9144
2001.051140,9145
2001.057975,9146
2001.064190,9147
2001.066940,9149
2001.068340,9150
2001.084750,9153
2001.088340,9154
2001.098340,9155
2001.099640,9156
2001.106608,9157
2001.114440,9158
2001.120340,9159
2001.133530,9160
2001.134396,9161
2001.138340,9162
2001.139880,9163
2001.141060,9164
2001.148340,9165
2001.151470,9166
2001.153430,9167
2001.155840,9168
2001.156040,9169
2001.158340,9170
2001.164470,9171
2001.171750,9172
2001.173216,9173
2001.178680,9174
2001.184433,9175
2001.198025,9176
2001.198340,9177
2001.201770,9178
2001.206190,9179
2001.208340,9180
2001.209760,9181
2001.218340,9182
2001.218340,9183
2001.219990,9184
2001.220140,9185
2001.224687,9186
2001.234690,9187
2001.241540,9188
2001.245007,9189
2001.247710,9190
2001.256598,9191
2001.267064,9192
2001.268145,9193
2001.268210,9194
2001.271440,9195
2001.276540,9196
2001.276540,9197
2001.280840,9198
2001.298340,9199
2001.306690,9200
2001.313007,9201
2001.314643,9202
2001.318340,9206
2001.320203,9207
2001.321280,9208
2001.328340,9209
2001.338340,9210
2001.358340,9211
2001.366040,9212
2001.370440,9213
2001.379940,9214
2001.388340,9219
2001.388340,9220
2001.390330,9221
2001.399040,9223
2001.405717,9224
2001.418340,9226
2001.418340,9228
2001.418340,9230
2001.420890,9231
2001.425087,9232
2001.428340,9233
2001.428340,9234
2001.435560,9235
2001.437253,9236
2001.439990,9237
2001.442773,9238
2001.451670,9239
2001.458220,9240
2001.458340,9242
2001.497740,9243
2001.501030,9244
2001.504211,9245
2001.507145,9246
2001.510420,9247
2001.518340,9248
2001.518340,9249
2001.518340,9251
2001.523340,9252
2001.531440,9253
2001.536003,9254
2001.544170,9255
2001.545310,9256
2001.548340,9257
2001.550096,9258
2001.558200,9259
2001.558483,9260
2001.578340,9261
2001.578340,9262
2001.586095,9263
2001.588240,9264
2001.595040,9265
2001.615120,9266
2001.618340,9267
2001.618340,9268
2001.618340,9274
2001.618340,9277
2001.618340,9279
2001.622840,9280
2001.631110,9281
2001.634040,9282
2001.638340,9283
2001.643440,9284
2001.648628,9285
2001.667464,9286
2001.669676,9287
2001.676117,9288
2001.680450,9289
2001.703272,9290
2001.707540,9291
2001.711560,9292
2001.718257,9293
2001.748340,9294
2001.751559,9295
2001.754510,9296
2001.768340,9297
2001.768340,9298
2001.768340,9299
2001.769241,9300
2001.780360,9301
2001.788340,9302
2001.793340,9303
2001.818340,9305
2001.818340,9307
2001.818340,9308
2001.819040,9309
2001.828340,9310
2001.838340,9311
2001.840290,9312
2001.843540,9313
2001.847740,9314
2001.847835,9315
2001.849705,9316
2001.851983,9317
2001.854800,9318
2001.856040,9319
2001.861456,9320
2001.863046,9321
2001.868340,9323
2001.878340,9324
2001.878340,9325
2001.902040,9326
2001.914640,9327
2001.915090,9328
2001.918340,9329
2001.918340,9332
2001.918340,9333
2001.924840,9335
2001.928340,9336
2001.928340,9337
2001.934440,9338
2001.947400,9339
2001.965830,9340
2001.970710,9344
2001.978340,9345
2001.985140,9346
2001.988340,9347
2001.993215,9348
2001.996040,9349
2001.996880,9350
2001.998340,9351
2001.998340,9353
2002.010080,9354
2002.018340,9356
2002.018340,9359
2002.018340,9365
2002.018340,9366
2002.018340,9367
2002.028980,9368
2002.034450,9369
2002.037180,9370
2002.039940,9371
2002.052453,9372
2002.056973,9373
2002.058340,9374
2002.062298,9375
2002.063375,9376
2002.063840,9377
2002.071023,9378
2002.074807,9379
2002.078340,9380
2002.080550,9381
2002.083340,9382
2002.083820,9383
2002.088340,9384
2002.101640,9385
2002.108340,9386
2002.114220,9388
2002.118340,9389
2002.122830,9390
2002.135820,9391
2002.138340,9392
2002.138340,9393
2002.157440,9394
2002.178340,9395
2002.178340,9397
2002.179255,9398
2002.180556,9399
2002.200940,9400
2002.218340,9404
2002.218340,9411
2002.218340,9414
2002.218340,9417
2002.223910,9418
2002.233340,9419
2002.240765,9420
2002.248340,9421
2002.262170,9422
2002.266715,9423
2002.278340,9424
2002.279130,9425
2002.286910,9426
2002.288340,9428
2002.298440,9429
2002.311540,9430
2002.318340,9433
2002.318340,9435
2002.318340,9436
2002.334040,9437
2002.340000,9438
2002.343340,9440
2002.367240,9441
2002.368340,9444
2002.368340,9445
2002.373180,9446
2002.382263,9447
2002.383540,9448
2002.392980,9449
2002.406790,9450
2002.409728,9451
2002.418340,9452
2002.418340,9455
2002.423440,9456
2002.430040,9457
2002.433280,9458
2002.440438,9459
2002.448340,9460
2002.455420,9461
2002.458340,9462
2002.461480,9463
2002.466140,9464
2002.481040,9465
2002.481940,9468
2002.483160,9469
2002.492440,9470
2002.495205,9471
2002.498340,9472
2002.518340,9473
2002.518340,9475
2002.520440,9476
2002.528340,9477
2002.538340,9478
2002.548340,9479
2002.558340,9480
2002.563340,9481
2002.564540,9482
2002.567427,9483
2002.568340,9484
2002.569295,9485
2002.575000,9488
2002.577720,9489
2002.578340,9490
2002.598340,9491
2002.605087,9492
2002.606661,9493
2002.616673,9494
2002.617140,9495
2002.618340,9499
2002.618340,9508
2002.618340,9510
2002.646565,9511
2002.648340,9512
2002.652240,9513
2002.657820,9514
2002.658340,9515
2002.662750,9516
2002.666219,9517
2002.674582,9518
2002.679082,9519
2002.694270,9520
2002.698340,9521
2002.698785,9522
2002.704040,9523
2002.711340,9524
2002.718340,9531
2002.722040,9532
2002.728340,9533
2002.738340,9534
2002.749370,9536
2002.763340,9537
2002.764415,9538
2002.768550,9539
2002.770140,9540
2002.771653,9541
2002.778340,9542
2002.779520,9543
2002.780410,9544
2002.786040,9545
2002.786340,9546
2002.790590,9547
2002.792390,9548
2002.798340,9549
2002.811717,9550
2002.811940,9551
2002.818340,9554
2002.818340,9560
2002.828340,9562
2002.832695,9563
2002.842837,9564
2002.848340,9566
2002.848940,9569
2002.865210,9570
2002.868340,9571
2002.868340,9572
2002.877840,9573
2002.878340,9574
2002.888340,9575
2002.888340,9576
2002.893430,9577
2002.908340,9578
2002.915040,9579
2002.915800,9580
2002.918340,9583
2002.918340,9585
2002.920820,9586
2002.924490,9587
2002.933210,9588
2002.933340,9589
2002.938340,9590
2002.956903,9591
2002.958340,9593
2002.988340,9594
2002.989640,9595
2002.992430,9596
2002.998140,9597
2003.007373,9598
2003.008340,9599
2003.018340,9602
2003.018340,9604
2003.018340,9613
2003.018340,9620
2003.018340,9622
2003.018340,9623
2003.037760,9624
2003.038340,9625
2003.047020,9627
2003.051303,9628
2003.065734,9629
2003.066731,9630
2003.078340,9631
2003.078780,9632
2003.088818,9633
2003.112301,9634
2003.118340,9637
2003.122623,9638
2003.127940,9639
2003.128340,9640
2003.128340,9641
2003.138340,9642
2003.141990,9643
2003.148340,9644
2003.152240,9645
2003.154295,9646
2003.168340,9647
2003.169852,9648
2003.178340,9649
2003.184240,9650
2003.186248,9651
2003.188780,9652
2003.192640,9653
2003.208340,9654
2003.208340,9655
2003.208670,9656
2003.218340,9660
2003.218340,9670
2003.228340,9671
2003.234234,9672
2003.240300,9673
2003.245140,9674
2003.256640,9675
2003.261557,9676
2003.265190,9677
2003.268340,9678
2003.274790,9679
2003.283340,9680
2003.285007,9681
2003.288430,9682
2003.293340,9683
2003.313361,9684
2003.313540,9685
2003.318340,9687
2003.331257,9688
2003.340640,9689
2003.351940,9690
2003.358340,9692
2003.365099,9693
2003.366150,9694
2003.368740,9695
2003.369540,9696
2003.374840,9697
2003.377480,9698
2003.388340,9699
2003.388340,9701
2003.399840,9702
2003.401460,9703
2003.408340,9704
2003.412537,9705
2003.418340,9707
2003.419240,9708
2003.424980,9709
2003.428793,9710
2003.432940,9711
2003.433210,9712
2003.435005,9713
2003.453650,9714
2003.454140,9715
2003.468340,9716
2003.477080,9717
2003.478340,9718
2003.478340,9719
2003.488340,9720
2003.488340,9721
2003.513340,9722
2003.514750,9733
2003.516628,9734
2003.518340,9740
2003.518340,9744
2003.518340,9753
2003.518340,9758
2003.518340,9761
2003.523340,9762
2003.528340,9763
2003.548340,9764
2003.550440,9765
2003.553863,9766
2003.558340,9767
2003.559140,9768
2003.559640,9769
2003.562440,9770
2003.568340,9771
2003.568340,9772
2003.573340,9773
2003.573470,9775
2003.575680,9776
2003.577540,9777
2003.577940,9778
2003.586280,9780
2003.589842,9781
2003.618340,9783
2003.618340,9786
2003.638340,9787
2003.645017,9788
2003.658340,9789
2003.663815,9790
2003.678300,9791
2003.681540,9792
2003.687385,9795
2003.689435,9796
2003.689740,9797
2003.690560,9798
2003.698340,9799
2003.702800,9801
2003.705027,9802
2003.708340,9803
2003.718340,9810
2003.718340,9816
2003.718340,9824
2003.718740,9825
2003.748340,9826
2003.753890,9827
2003.768340,9829
2003.768340,9830
2003.768790,9831
2003.787670,9832
2003.788340,9833
2003.798340,9834
2003.798340,9836
2003.808340,9838
2003.808340,9839
2003.818340,9845
2003.818340,9848
2003.818340,9850
2003.823960,9851
2003.824050,9852
2003.834430,9853
2003.848640,9854
2003.856340,9855
2003.859100,9856
2003.865305,9857
2003.865340,9858
2003.865740,9859
2003.876440,9860
2003.876567,9861
2003.878340,9862
2003.882240,9863
2003.895023,9864
2003.898340,9865
2003.898340,9866
2003.910740,9867
2003.913326,9868
2003.918014,9869
2003.919762,9870
2003.923340,9871
2003.928340,9872
2003.933090,9873
2003.940150,9874
2003.957000,9875
2003.987340,9876
2003.998340,9877
2003.998707,9878
2003.998890,9879
2004.002476,9880
2004.017890,9881
2004.018340,9883
2004.018340,9892
2004.018340,9900
2004.018340,9910
2004.018340,9911
2004.028340,9912
2004.038340,9913
2004.048340,9914
2004.051160,9915
2004.056390,9916
2004.058340,9917
2004.073660,9918
2004.076772,9919
2004.093340,9920
2004.095336,9921
2004.106590,9922
2004.108340,9923
2004.108340,9924
2004.108340,9925
2004.108340,9926
2004.112440,9927
2004.118340,9931
2004.118340,9932
2004.124340,9933
2004.128340,9934
2004.130404,9935
2004.135840,9936
2004.138340,9938
2004.138340,9939
2004.143340,9940
2004.148340,9941
2004.148340,9942
2004.150733,9943
2004.156550,9944
2004.158301,9945
2004.158340,9946
2004.158935,9947
2004.160430,9948
2004.161040,9949
2004.161640,9950
2004.172590,9951
2004.175540,9953
2004.188158,9954
2004.193340,9955
2004.197207,9956
2004.203951,9957
2004.208340,9958
2004.211411,9959
2004.218340,9960
2004.218340,9965
2004.222890,9966
2004.229330,9967
2004.235710,9968
2004.236940,9969
2004.253340,9970
2004.257340,9971
2004.258340,9972
2004.268340,9973
2004.268340,9974
2004.268340,9975
2004.268390,9977
2004.268673,9978
2004.288340,9979
2004.289160,9980
2004.295790,9981
2004.308340,9982
2004.316673,9983
2004.318340,9986
2004.318340,9988
2004.318340,9989
2004.322210,9990
2004.322210,9991
2004.323340,9992
2004.331605,9993
2004.336496,9994
2004.343450,9995
2004.348340,9996
2004.355890,9997
2004.356790,9998
2004.380200,9999
2004.383560,10000
2004.415970,10001
2004.418340,10006
2004.418340,10008
2004.418340,10011
2004.423340,10012
2004.433340,10013
2004.437540,10014
2004.438340,10015
2004.448340,10016
2004.448340,10017
2004.449040,10018
2004.449050,10019
2004.451630,10020
2004.458340,10021
2004.462870,10022
2004.468340,10023
2004.473640,10024
2004.478340,10025
2004.483340,10026
2004.487440,10027
2004.488340,10028
2004.488340,10030
2004.498607,10031
2004.499040,10032
2004.505942,10033
2004.518340,10036
2004.518340,10044
2004.518340,10045
2004.525740,10046
2004.528340,10047
2004.534058,10048
2004.534140,10049
2004.540940,10050
2004.542100,10051
2004.558340,10052
2004.558340,10053
2004.567220,10054
2004.568340,10056
2004.580550,10057
2004.588840,10058
2004.597275,10059
2004.598340,10060
2004.606260,10061
2004.618340,10062
2004.618340,10067
2004.618340,10068
2004.627340,10069
2004.636952,10070
2004.658035,10071
2004.682420,10072
2004.688570,10073
2004.688790,10074
2004.691803,10075
2004.693040,10076
2004.703840,10077
2004.717008,10078
2004.718340,10079
2004.718340,10081
2004.718340,10082
2004.718340,10084
2004.718340,10086
2004.718340,10090
2004.733120,10091
2004.734080,10092
2004.746867,10093
2004.756750,10094
2004.757995,10095
2004.758340,10096
2004.763477,10097
2004.768210,10098
2004.768440,10099
2004.770340,10100
2004.770760,10101
2004.772286,10102
2004.788890,10103
2004.793892,10104
2004.818340,10106
2004.818340,10107
2004.818340,10108
2004.818340,10112
2004.828340,10113
2004.835060,10114
2004.838340,10116
2004.838340,10117
2004.839593,10118
2004.841350,10119
2004.844965,10121
2004.847340,10122
2004.856325,10123
2004.858340,10124
2004.860197,10125
2004.864040,10126
2004.866760,10127
2004.867517,10128
2004.868683,10129
2004.878040,10130
2004.878340,10131
2004.878340,10132
2004.880140,10133
2004.881187,10134
2004.898340,10135
2004.903500,10136
2004.908340,10137
2004.908340,10138
2004.910370,10139
2004.915740,10140
2004.918340,10141
2004.918340,10142
2004.918340,10143
2004.918340,10144
2004.919943,10145
2004.937519,10146
2004.938340,10147
2004.946797,10148
2004.947456,10149
2004.948540,10150
2004.950600,10151
2004.952990,10153
2004.959675,10154
2004.977840,10155
2004.997640,10156
2005.006260,10157
2005.008647,10158
2005.011770,10159
2005.011840,10160
2005.018340,10164
2005.018340,10169
2005.018340,10176
2005.018340,10179
2005.028340,10180
2005.032080,10181
2005.032940,10182
2005.033340,10183
2005.035080,10184
2005.038340,10185
2005.043440,10186
2005.048340,10188
2005.048340,10189
2005.068640,10190
2005.088040,10191
2005.088340,10192
2005.098340,10202
2005.098340,10204
2005.106430,10205
2005.108340,10206
2005.108340,10207
2005.118340,10208
2005.118340,10210
2005.118340,10211
2005.128340,10212
2005.131140,10213
2005.134740,10214
2005.153340,10215
2005.154440,10216
2005.158340,10217
2005.168340,10218
2005.174671,10219
2005.178940,10220
2005.182293,10221
2005.185220,10222
2005.188373,10223
2005.192640,10224
2005.198340,10226
2005.201050,10227
2005.203046,10228
2005.208340,10229
2005.208340,10230
2005.208340,10232
2005.211070,10233
2005.212740,10234
2005.213257,10235
2005.217045,10236
2005.218340,10240
2005.218340,10244
2005.222887,10245
2005.230480,10246
2005.238340,10247
2005.240500,10248
2005.243340,10249
2005.245007,10250
2005.248340,10251
2005.260240,10252
2005.266040,10253
2005.268340,10254
2005.271999,10255
2005.281850,10256
2005.292627,10257
2005.294287,10258
2005.298240,10259
2005.298340,10260
2005.301887,10261
2005.317509,10262
2005.318340,10263
2005.318340,10264
2005.318340,10267
2005.327540,10268
2005.336288,10269
2005.338340,10271
2005.357940,10272
2005.358340,10274
2005.358410,10275
2005.361680,10276
2005.361740,10277
2005.369990,10278
2005.378340,10279
2005.383719,10280
2005.388340,10281
2005.389340,10282
2005.408340,10283
2005.417350,10284
2005.418340,10285
2005.418340,10287
2005.418340,10288
2005.418340,10291
2005.448340,10292
2005.458440,10293
2005.468340,10294
2005.468340,10295
2005.470170,10296
2005.472804,10297
2005.473510,10298
2005.477940,10299
2005.478340,10300
2005.479690,10301
2005.481540,10302
2005.488340,10303
2005.492980,10304
2005.495190,10305
2005.512380,10306
2005.518340,10308
2005.530840,10309
2005.533340,10310
2005.533844,10311
2005.539085,10312
2005.549517,10313
2005.556740,10314
2005.568340,10316
2005.577618,10317
2005.578340,10318
2005.588340,10319
2005.591040,10320
2005.593440,10321
2005.594310,10322
2005.598340,10323
2005.606100,10324
2005.612040,10325
2005.618340,10329
2005.618340,10331
2005.624356,10332
2005.635740,10333
2005.638340,10335
2005.640100,10336
2005.649613,10337
2005.650511,10338
2005.655007,10339
2005.660250,10340
2005.667340,10341
2005.668500,10342
2005.673590,10343
2005.680272,10344
2005.684427,10345
2005.696070,10346
2005.707567,10347
2005.711520,10348
2005.716586,10349
2005.718340,10351
2005.720107,10352
2005.721240,10353
2005.730650,10354
2005.738340,10355
2005.763340,10356
2005.768340,10357
2005.769840,10358
2005.776812,10359
2005.780640,10360
2005.784440,10361
2005.785685,10362
2005.786890,10363
2005.791320,10364
2005.803640,10365
2005.804767,10366
2005.808390,10368
2005.810500,10369
2005.810840,10370
2005.818340,10371
2005.818340,10374
2005.818340,10377
2005.818340,10378
2005.838340,10380
2005.841033,10381
2005.841750,10382
2005.850090,10384
2005.856970,10390
2005.857630,10391
2005.858340,10393
2005.858340,10394
2005.873020,10395
2005.878200,10396
2005.878340,10397
2005.888340,10398
2005.898340,10399
2005.898340,10401
2005.901670,10402
2005.907640,10403
2005.916765,10404
2005.918340,10406
2005.918340,10409
2005.918340,10413
2005.919360,10414
2005.922340,10415
2005.928340,10416
2005.935656,10417
2005.937595,10418
2005.938340,10419
2005.938730,10420
2005.945285,10421
2005.948340,10422
2005.948340,10423
2005.953635,10424
2005.995210,10425
2005.996654,10426
2005.998150,10427
2005.998340,10428
2005.998340,10429
2005.998340,10430
2006.005007,10431
2006.008340,10432
2006.013190,10433
2006.013340,10434
2006.013340,10435
2006.017840,10436
2006.018340,10439
2006.018340,10455
2006.018340,10464
2006.018340,10466
2006.018340,10471
2006.028440,10472
2006.029610,10474
2006.038340,10475
2006.041940,10476
2006.042770,10477
2006.042940,10478
2006.046141,10479
2006.048840,10480
2006.055370,10481
2006.057320,10482
2006.063240,10483
2006.063600,10485
2006.068340,10486
2006.074340,10487
2006.082068,10488
2006.088340,10489
2006.097570,10490
2006.098030,10491
2006.098340,10493
2006.098800,10494
2006.101240,10495
2006.108340,10496
2006.108535,10497
2006.112100,10498
2006.118340,10499
2006.118340,10501
2006.118340,10503
2006.126090,10504
2006.128340,10505
2006.131240,10506
2006.138890,10508
2006.144580,10509
2006.146041,10510
2006.147390,10511
2006.147873,10512
2006.148145,10513
2006.152518,10514
2006.154770,10515
2006.158340,10516
2006.165090,10519
2006.168340,10521
2006.168340,10522
2006.169590,10523
2006.177140,10524
2006.177555,10525
2006.198340,10526
2006.203212,10527
2006.218340,10531
2006.218340,10534
2006.218340,10538
2006.219240,10539
2006.221290,10540
2006.226305,10541
2006.226540,10542
2006.228340,10543
2006.235990,10544
2006.253290,10545
2006.268340,10546
2006.271495,10547
2006.274661,10548
2006.281172,10549
2006.281865,10550
2006.288340,10551
2006.301940,10552
2006.318340,10556
2006.318340,10558
2006.329331,10559
2006.330067,10560
2006.336540,10561
2006.343490,10562
2006.353730,10563
2006.358340,10564
2006.359460,10565
2006.367840,10566
2006.368340,10567
2006.371121,10568
2006.397030,10569
2006.398340,10570
2006.398680,10571
2006.408340,10572
2006.410340,10573
2006.412480,10574
2006.413405,10575
2006.418340,10576
2006.418340,10582
2006.418340,10583
2006.420090,10584
2006.420140,10585
2006.423470,10586
2006.428340,10587
2006.444440,10588
2006.444540,10589
2006.448340,10590
2006.458340,10591
2006.465825,10592
2006.478340,10593
2006.482060,10594
2006.483540,10595
2006.488340,10597
2006.499190,10598
2006.501890,10599
2006.504690,10600
2006.509468,10601
2006.511937,10602
2006.518340,10605
2006.518340,10607
2006.518340,10608
2006.524400,10609
2006.526840,10611
2006.528175,10612
2006.529400,10613
2006.532490,10614
2006.538340,10615
2006.548340,10616
2006.549740,10617
2006.558340,10618
2006.566150,10619
2006.567785,10620
2006.570640,10621
2006.572660,10622
2006.581765,10623
2006.588473,10624
2006.596210,10626
2006.598340,10627
2006.598340,10628
2006.605090,10629
2006.618340,10634
2006.618340,10635
2006.619350,10636
2006.628340,10638
2006.638340,10639
2006.638340,10640
2006.638340,10642
2006.648340,10644
2006.652411,10645
2006.654340,10646
2006.657473,10647
2006.657822,10648
2006.658340,10649
2006.665007,10650
2006.665899,10651
2006.668340,10652
2006.670840,10653
2006.678340,10654
2006.679165,10655
2006.687410,10656
2006.692987,10657
2006.698340,10658
2006.703940,10659
2006.705326,10660
2006.715243,10661
2006.718340,10662
2006.718760,10664
2006.728340,10665
2006.740955,10667
2006.753560,10668
2006.760540,10669
2006.778340,10670
2006.781840,10671
2006.785250,10672
2006.802402,10673
2006.808340,10678
2006.808340,10679
2006.813340,10680
2006.818140,10681
2006.818340,10683
2006.818340,10688
2006.818340,10690
2006.827510,10691
2006.828340,10692
2006.836930,10693
2006.838730,10694
2006.844270,10695
2006.848340,10696
2006.852100,10697
2006.853310,10698
2006.857300,10699
2006.859781,10700
2006.862840,10701
2006.873426,10702
2006.885900,10703
2006.893752,10704
2006.896260,10705
2006.908340,10707
2006.918340,10708
2006.918340,10709
2006.918340,10711
2006.927250,10712
2006.928340,10713
2006.930020,10714
2006.935026,10715
2006.942805,10716
2006.944650,10717
2006.953623,10718
2006.954321,10719
2006.956865,10720
2006.968340,10721
2006.976340,10722
2006.978340,10723
2006.980720,10724
2006.994340,10725
2007.009940,10726
2007.010920,10727
2007.014799,10728
2007.018340,10736
2007.018340,10739
2007.018340,10746
2007.018340,10747
2007.018340,10748
2007.019623,10749
2007.028340,10750
2007.043740,10751
2007.048340,10752
2007.052795,10753
2007.059440,10754
2007.060490,10755
2007.084928,10756
2007.086433,10757
2007.090359,10758
2007.094140,10759
2007.096040,10762
2007.098340,10763
2007.098340,10764
2007.098340,10765
2007.101673,10766
2007.103140,10767
2007.107080,10768
2007.108840,10769
2007.118340,10772
2007.118340,10778
2007.118340,10779
2007.118340,10784
2007.118689,10785
2007.128340,10786
2007.128960,10787
2007.135140,10788
2007.138340,10789
2007.138540,10790
2007.148590,10791
2007.150920,10792
2007.165090,10793
2007.168340,10794
2007.179400,10795
2007.185007,10796
2007.185340,10797
2007.192540,10798
2007.198340,10799
2007.198340,10800
2007.198340,10802
2007.201440,10803
2007.208340,10804
2007.212350,10805
2007.218340,10806
2007.218340,10807
2007.219160,10808
2007.228340,10809
2007.244685,10810
2007.244827,10811
2007.245250,10812
2007.247850,10813
2007.257740,10814
2007.261110,10815
2007.262840,10816
2007.268340,10817
2007.269508,10818
2007.278340,10819
2007.279140,10820
2007.286265,10821
2007.288340,10822
2007.294038,10823
2007.296240,10824
2007.296540,10825
2007.298780,10826
2007.300090,10827
2007.308740,10828
2007.310973,10829
2007.318340,10831
2007.318340,10833
2007.318340,10834
2007.319921,10835
2007.324440,10836
2007.324734,10837
2007.324855,10838
2007.325168,10839
2007.327455,10840
2007.329070,10841
2007.329560,10843
2007.337916,10844
2007.338340,10845
2007.338340,10846
2007.348340,10847
2007.350220,10848
2007.358640,10849
2007.368340,10850
2007.398340,10851
2007.403650,10852
2007.404955,10853
2007.408340,10855
2007.409190,10856
2007.409840,10857
2007.418340,10858
2007.418340,10859
2007.418340,10861
2007.419940,10862
2007.423740,10863
2007.426593,10864
2007.438340,10865
2007.442120,10866
2007.458340,10867
2007.458640,10868
2007.461368,10869
2007.467340,10870
2007.468340,10871
2007.469830,10872
2007.486210,10873
2007.488240,10874
2007.488340,10875
2007.489340,10876
2007.503340,10877
2007.504340,10878
2007.506740,10879
2007.509670,10880
2007.511440,10881
2007.518340,10885
2007.518340,10887
2007.518340,10891
2007.538340,10892
2007.538345,10893
2007.539420,10894
2007.542507,10895
2007.544240,10896
2007.553500,10897
2007.554187,10898
2007.555634,10899
2007.557590,10900
2007.558340,10901
2007.558480,10902
2007.565540,10903
2007.567640,10904
2007.568340,10905
2007.576840,10906
2007.578440,10907
2007.579840,10908
2007.588035,10909
2007.589860,10910
2007.598340,10911
2007.598340,10912
2007.608340,10913
2007.608340,10914
2007.610056,10915
2007.615840,10916
2007.616190,10917
2007.618340,10918
2007.618340,10927
2007.618340,10929
2007.621212,10930
2007.626140,10931
2007.628340,10932
2007.628590,10933
2007.638340,10934
2007.648340,10935
2007.648340,10936
2007.648340,10937
2007.650440,10938
2007.654587,10939
2007.658340,10940
2007.660140,10941
2007.668340,10942
2007.668870,10943
2007.670690,10944
2007.675250,10945
2007.675427,10946
2007.681040,10947
2007.688340,10948
2007.688340,10949
2007.694980,10950
2007.698340,10951
2007.701123,10952
2007.702120,10953
2007.702950,10954
2007.705997,10955
2007.708340,10956
2007.713790,10957
2007.716440,10958
2007.718340,10960
2007.718340,10961
2007.718340,10963
2007.728340,10964
2007.728340,10965
2007.728340,10966
2007.732907,10967
2007.745705,10968
2007.748340,10970
2007.751640,10971
2007.753076,10973
2007.757840,10974
2007.768340,10975
2007.769390,10976
2007.772675,10977
2007.783440,10978
2007.788340,10979
2007.788340,10980
2007.798340,10981
2007.798340,10982
2007.800540,10984
2007.803370,10985
2007.807010,10986
2007.808340,10987
2007.811060,10988
2007.815315,10989
2007.818340,10991
2007.818340,10993
2007.823848,10994
2007.828340,10995
2007.831140,10996
2007.843980,10997
2007.845437,10998
2007.848340,10999
2007.852490,11000
2007.852940,11001
2007.855940,11002
2007.867880,11003
2007.868340,11004
2007.868340,11005
2007.878340,11006
2007.887040,11007
2007.893840,11008
2007.895340,11009
2007.898340,11010
2007.899446,11011
2007.905140,11012
2007.905880,11013
2007.910497,11014
2007.918340,11017
2007.918340,11019
2007.921640,11020
2007.928340,11021
2007.934440,11022
2007.938340,11023
2007.938340,11024
2007.939740,11025
2007.940750,11026
2007.941120,11027
2007.947500,11028
2007.948710,11029
2007.957790,11030
2007.984253,11031
2007.985692,11032
2007.993335,11033
2007.997980,11034
2008.001705,11035
2008.006269,11036
2008.007555,11037
2008.008340,11038
2008.008340,11039
2008.018340,11046
2008.018340,11054
2008.018340,11062
2008.018340,11064
2008.018340,11065
2008.022110,11067
2008.029980,11068
2008.031440,11069
2008.038340,11070
2008.040360,11071
2008.042450,11072
2008.056740,11073
2008.059540,11074
2008.074440,11075
2008.076290,11076
2008.076340,11077
2008.083340,11078
2008.085185,11080
2008.088340,11081
2008.094840,11082
2008.103180,11083
2008.108340,11084
2008.111000,11085
2008.111854,11086
2008.115752,11087
2008.116340,11088
2008.118340,11089
2008.118340,11095
2008.118340,11097
2008.118340,11098
2008.121673,11099
2008.145034,11100
2008.147250,11101
2008.158340,11103
2008.169140,11104
2008.176800,11105
2008.178340,11106
2008.183340,11107
2008.186780,11111
2008.200580,11112
2008.206940,11113
2008.206940,11114
2008.217713,11115
2008.218340,11117
2008.218340,11118
2008.218340,11120
2008.218340,11121
2008.225040,11122
2008.230660,11123
2008.233957,11124
2008.238340,11125
2008.241567,11126
2008.248340,11127
2008.248340,11128
2008.261492,11129
2008.268340,11130
2008.268340,11131
2008.268907,11132
2008.278340,11133
2008.278340,11134
2008.287128,11135
2008.288340,11136
2008.297130,11137
2008.300410,11138
2008.301005,11139
2008.308340,11140
2008.318340,11141
2008.318340,11142
2008.318340,11143
2008.318340,11144
2008.319340,11147
2008.321640,11149
2008.323340,11150
2008.332390,11151
2008.338340,11152
2008.338340,11153
2008.340550,11154
2008.344081,11155
2008.346740,11156
2008.355087,11157
2008.357790,11158
2008.358340,11159
2008.363980,11160
2008.368340,11161
2008.370510,11162
2008.378340,11163
2008.386654,11164
2008.389140,11165
2008.393303,11166
2008.394800,11167
2008.399840,11168
2008.403740,11169
2008.406010,11170
2008.408030,11171
2008.408340,11172
2008.418340,11173
2008.418340,11174
2008.418340,11176
2008.418340,11177
2008.420880,11178
2008.422013,11179
2008.439440,11180
2008.448340,11182
2008.449173,11183
2008.458340,11184
2008.458340,11185
2008.463340,11186
2008.468340,11187
2008.472110,11188
2008.478340,11189
2008.478340,11190
2008.478340,11191
2008.479540,11192
2008.481840,11193
2008.488340,11194
2008.495540,11195
2008.498340,11197
2008.508340,11200
2008.513340,11201
2008.518340,11206
2008.518340,11209
2008.518340,11212
2008.518340,11221
2008.518340,11225
2008.522735,11226
2008.523340,11227
2008.528340,11229
2008.528340,11230
2008.531440,11231
2008.536040,11232
2008.544240,11233
2008.547450,11234
2008.548340,11235
2008.563110,11236
2008.564440,11237
2008.565340,11238
2008.566483,11239
2008.567935,11240
2008.579690,11241
2008.580385,11242
2008.588340,11243
2008.588340,11244
2008.591340,11245
2008.594640,11246
2008.597863,11247
2008.598898,11248
2008.601675,11249
2008.607773,11250
2008.608560,11251
2008.613460,11252
2008.618340,11253
2008.618340,11254
2008.628340,11255
2008.628340,11257
2008.631080,11258
2008.634360,11259
2008.635330,11260
2008.639071,11261
2008.643770,11262
2008.645900,11263
2008.646140,11264
2008.647190,11265
2008.649190,11266
2008.656631,11267
2008.656840,11268
2008.663904,11269
2008.668340,11271
2008.671540,11272
2008.674660,11273
2008.678570,11274
2008.680840,11275
2008.681233,11276
2008.688340,11277
2008.690390,11278
2008.690979,11279
2008.698340,11281
2008.698340,11282
2008.698340,11283
2008.703540,11284
2008.708340,11285
2008.708340,11286
2008.718340,11289
2008.718340,11291
2008.720252,11292
2008.720340,11293
2008.728340,11294
2008.730038,11295
2008.746040,11296
2008.748340,11297
2008.748340,11298
2008.753240,11300
2008.755632,11301
2008.759732,11302
2008.761640,11303
2008.767340,11304
2008.778340,11305
2008.787775,11306
2008.790175,11307
2008.791840,11308
2008.797720,11309
2008.798190,11310
2008.798340,11311
2008.799140,11312
2008.801040,11313
2008.803340,11314
2008.807435,11315
2008.807950,11316
2008.808340,11317
2008.815800,11318
2008.818340,11320
2008.818340,11335
2008.818340,11337
2008.818340,11356
2008.822102,11357
2008.824940,11358
2008.828340,11359
2008.828340,11360
2008.838340,11361
2008.846340,11362
2008.848340,11363
2008.852350,11364
2008.854283,11365
2008.859302,11366
2008.859370,11367
2008.865240,11368
2008.868340,11369
2008.868340,11370
2008.878340,11372
2008.878340,11374
2008.883340,11375
2008.887203,11376
2008.888340,11377
2008.890370,11378
2008.892117,11379
2008.913840,11380
2008.917040,11381
2008.918340,11382
2008.918340,11383
2008.918340,11384
2008.928340,11385
2008.934040,11386
2008.938103,11387
2008.938340,11388
2008.939940,11389
2008.941040,11390
2008.944640,11391
2008.945837,11392
2008.949190,11393
2008.952540,11394
2008.954317,11395
2008.955007,11396
2008.960740,11397
2008.963060,11398
2008.978340,11399
2008.983340,11400
2008.984920,11401
2008.987590,11402
2008.992190,11403
2008.996840,11404
2008.998340,11405
2008.998340,11406
2008.998340,11408
2008.998340,11409
2009.002740,11411
2009.004667,11412
2009.016940,11413
2009.018340,11416
2009.018340,11417
2009.018340,11433
2009.018340,11439
2009.018340,11442
2009.018340,11449
2009.018580,11450
2009.022140,11451
2009.022335,11452
2009.023040,11453
2009.023487,11454
2009.024470,11458
2009.026515,11459
2009.028340,11461
2009.028840,11462
2009.029040,11463
2009.030507,11464
2009.030760,11465
2009.033340,11466
2009.033340,11467
2009.035640,11468
2009.038340,11470
2009.038340,11471
2009.041440,11472
2009.046780,11473
2009.048340,11474
2009.049220,11475
2009.049580,11476
2009.050505,11477
2009.058340,11479
2009.058340,11482
2009.060650,11483
2009.060890,11484
2009.061240,11485
2009.062425,11486
2009.066140,11487
2009.068340,11488
2009.088340,11489
2009.093390,11490
2009.095228,11491
2009.097080,11492
2009.098767,11493
2009.099751,11494
2009.102940,11495
2009.106740,11496
2009.108340,11497
2009.108340,11498
2009.112542,11499
2009.117940,11500
2009.118340,11502
2009.118340,11504
2009.118340,11508
2009.128440,11509
2009.131860,11510
2009.132544,11511
2009.134840,11512
2009.135110,11513
2009.136250,11515
2009.138740,11516
2009.144567,11517
2009.144890,11518
2009.164335,11519
2009.169100,11520
2009.175110,11521
2009.178340,11522
2009.192640,11523
2009.195980,11524
2009.198340,11525
2009.202558,11526
2009.208340,11527
2009.218190,11528
2009.218340,11529
2009.218340,11537
2009.220288,11538
2009.226831,11540
2009.228545,11541
2009.229440,11542
2009.230440,11543
2009.232021,11545
2009.238305,11546
2009.240060,11547
2009.246570,11548
2009.248340,11549
2009.250830,11551
2009.251238,11552
2009.254197,11553
2009.255240,11555
2009.256270,11556
2009.258770,11557
2009.265820,11558
2009.267340,11559
2009.268340,11562
2009.278340,11563
2009.278540,11564
2009.286785,11565
2009.288340,11566
2009.304943,11567
2009.305590,11568
2009.314700,11569
2009.318340,11571
2009.318340,11572
2009.319170,11573
2009.328340,11574
2009.329320,11575
2009.333840,11576
2009.337890,11577
2009.338340,11578
2009.340790,11579
2009.342209,11580
2009.356830,11581
2009.358340,11582
2009.361040,11583
2009.366940,11584
2009.368340,11585
2009.377210,11586
2009.381385,11587
2009.388340,11588
2009.388940,11589
2009.393320,11592
2009.395000,11593
2009.398340,11594
2009.398340,11595
2009.412507,11596
2009.418340,11598
2009.419240,11599
2009.423102,11600
2009.425060,11601
2009.427340,11602
2009.438340,11603
2009.440151,11604
2009.444270,11605
2009.448716,11606
2009.458340,11608
2009.458340,11610
2009.458540,11611
2009.459240,11612
2009.462770,11613
2009.467549,11614
2009.468340,11615
2009.474040,11616
2009.478140,11617
2009.478340,11618
2009.492440,11619
2009.494890,11621
2009.498340,11623
2009.517020,11624
2009.518340,11625
2009.522610,11626
2009.524650,11627
2009.537112,11628
2009.538340,11629
2009.549718,11630
2009.550090,11631
2009.553995,11632
2009.557240,11633
2009.561840,11634
2009.562460,11635
2009.565240,11636
2009.567340,11637
2009.568340,11638
2009.571380,11639
2009.578340,11640
2009.582720,11641
2009.582720,11642
2009.585565,11643
2009.586189,11644
2009.588340,11645
2009.600940,11646
2009.604490,11647
2009.606340,11648
2009.608340,11650
2009.618340,11651
2009.618340,11655
2009.638340,11657
2009.653940,11658
2009.657520,11659
2009.658482,11660
2009.664610,11661
2009.668340,11662
2009.676215,11663
2009.676360,11664
2009.678340,11665
2009.690918,11666
2009.698340,11667
2009.699940,11668
2009.706305,11669
2009.708340,11672
2009.708340,11673
2009.718340,11674
2009.718340,11677
2009.729440,11678
2009.729640,11680
2009.739782,11681
2009.741120,11683
2009.742444,11687
2009.744417,11688
2009.756220,11689
2009.758340,11690
2009.758340,11691
2009.762850,11692
2009.768340,11693
2009.768340,11696
2009.776400,11697
2009.778340,11698
2009.782740,11699
2009.787740,11700
2009.791120,11701
2009.792287,11702
2009.793750,11703
2009.796670,11704
2009.797220,11705
2009.798370,11706
2009.808340,11707
2009.808340,11708
2009.812050,11709
2009.812550,11710
2009.818340,11711
2009.818340,11712
2009.818340,11715
2009.819330,11716
2009.829640,11717
2009.833033,11718
2009.847240,11721
2009.848340,11722
2009.860810,11723
2009.868077,11724
2009.868340,11725
2009.875760,11726
2009.878340,11727
2009.878520,11728
2009.880440,11729
2009.887340,11730
2009.889037,11731
2009.891910,11732
2009.893190,11733
2009.893340,11734
2009.900990,11735
2009.908340,11736
2009.908340,11737
2009.909855,11738
2009.922840,11739
2009.922910,11740
2009.937050,11741
2009.939273,11742
2009.944760,11743
2009.950240,11745
2009.962049,11746
2009.965840,11747
2009.967140,11748
2009.988340,11749
2010.000880,11750
2010.018340,11752
2010.018340,11758
2010.018340,11767
2010.018340,11772
2010.018340,11773
2010.028340,11774
2010.034750,11775
2010.047460,11776
2010.056780,11777
2010.057320,11778
2010.057892,11779
2010.058460,11780
2010.063040,11781
2010.067040,11782
2010.068090,11783
2010.070900,11784
2010.071540,11785
2010.076442,11788
2010.078411,11789
2010.080642,11790
2010.084673,11791
2010.088340,11792
2010.090640,11793
2010.098340,11794
2010.098495,11795
2010.103340,11796
2010.109740,11797
2010.116907,11798
2010.118340,11800
2010.118340,11802
2010.123120,11809
2010.131030,11811
2010.140810,11812
2010.148340,11813
2010.148581,11814
2010.151580,11815
2010.158340,11816
2010.161830,11817
2010.168340,11818
2010.173340,11819
2010.173540,11820
2010.178340,11821
2010.179615,11822
2010.179810,11823
2010.182090,11824
2010.196240,11825
2010.196430,11826
2010.198340,11827
2010.200045,11828
2010.209040,11829
2010.218340,11835
2010.218340,11845
2010.218340,11853
2010.218340,11854
2010.223960,11855
2010.227240,11856
2010.242320,11857
2010.242740,11858
2010.248340,11861
2010.248340,11862
2010.248660,11863
2010.258340,11864
2010.259490,11865
2010.259630,11866
2010.262890,11867
2010.266840,11868
2010.268340,11869
2010.268340,11870
2010.287123,11871
2010.291320,11872
2010.293340,11874
2010.296140,11875
2010.298240,11876
2010.298340,11877
2010.298500,11878
2010.301673,11879
2010.305240,11880
2010.318340,11881
2010.318340,11882
2010.318340,11883
2010.321630,11884
2010.325770,11885
2010.328340,11886
2010.333340,11887
2010.333880,11888
2010.338340,11889
2010.345150,11890
2010.346585,11891
2010.351830,11892
2010.356820,11893
2010.362650,11894
2010.367047,11895
2010.378340,11896
2010.383340,11897
2010.385410,11898
2010.388340,11899
2010.398340,11900
2010.402895,11901
2010.406340,11902
2010.418340,11905
2010.418340,11910
2010.418340,11920
2010.418340,11921
2010.426495,11922
2010.429080,11923
2010.433340,11924
2010.444240,11925
2010.448340,11926
2010.450440,11927
2010.453040,11928
2010.463910,11929
2010.465790,11930
2010.475490,11931
2010.480240,11932
2010.487940,11933
2010.488340,11934
2010.495228,11935
2010.495933,11936
2010.496540,11937
2010.497440,11938
2010.501195,11939
2010.513340,11940
2010.513640,11941
2010.514570,11942
2010.516540,11943
2010.518340,11944
2010.518340,11947
2010.518993,11948
2010.521910,11949
2010.522950,11950
2010.528340,11951
2010.540670,11952
2010.542100,11953
2010.542640,11954
2010.550590,11955
2010.555390,11956
2010.558340,11957
2010.558340,11958
2010.558490,11959
2010.561780,11960
2010.562190,11961
2010.563340,11962
2010.577110,11963
2010.578040,11964
2010.578100,11965
2010.578340,11966
2010.578340,11968
2010.578990,11969
2010.582260,11970
2010.588340,11971
2010.590810,11972
2010.608340,11973
2010.608340,11974
2010.616310,11975
2010.616407,11976
2010.618340,11978
2010.618340,11984
2010.618340,11986
2010.618340,11988
2010.618340,11989
2010.625110,11990
2010.628340,11991
2010.628340,11992
2010.631780,11993
2010.633340,11994
2010.634790,11995
2010.640668,11996
2010.641590,11997
2010.646540,11998
2010.648340,11999
2010.648940,12000
2010.649240,12001
2010.651840,12002
2010.662940,12003
2010.664790,12005
2010.666540,12006
2010.668340,12007
2010.668340,12009
2010.669540,12010
2010.673150,12011
2010.673773,12012
2010.682340,12013
2010.682465,12014
2010.688340,12016
2010.690165,12017
2010.696340,12018
2010.697030,12019
2010.697625,12022
2010.698340,12023
2010.707130,12025
2010.718340,12026
2010.718340,12030
2010.718340,12032
2010.728340,12033
2010.734240,12034
2010.738340,12035
2010.738340,12036
2010.741940,12037
2010.744645,12038
2010.748340,12039
2010.748340,12041
2010.752440,12042
2010.753732,12043
2010.756070,12044
2010.761040,12045
2010.768340,12046
2010.770755,12047
2010.778340,12049
2010.778340,12052
2010.785393,12053
2010.785700,12054
2010.788340,12055
2010.788340,12056
2010.793340,12057
2010.795950,12058
2010.797493,12059
2010.799490,12060
2010.803240,12061
2010.808340,12062
2010.808340,12063
2010.810340,12064
2010.818340,12065
2010.818340,12069
2010.818340,12072
2010.818340,12074
2010.818340,12077
2010.838340,12078
2010.843591,12079
2010.845340,12080
2010.847785,12081
2010.848300,12082
2010.849295,12083
2010.851080,12084
2010.851115,12085
2010.867173,12086
2010.878340,12087
2010.878340,12088
2010.880640,12089
2010.882375,12090
2010.883090,12091
2010.883590,12092
2010.888340,12093
2010.902506,12094
2010.906405,12096
2010.908340,12097
2010.918340,12098
2010.918340,12110
2010.919370,12111
2010.924890,12114
2010.928340,12115
2010.928340,12116
2010.939740,12117
2010.940430,12118
2010.942520,12119
2010.944340,12120
2010.948340,12121
2010.965000,12122
2010.968340,12123
2010.973340,12124
2010.976672,12125
2010.977010,12126
2010.978340,12127
2010.978340,12128
2010.978485,12129
2010.980020,12130
2010.984020,12131
2010.998340,12132
2010.998373,12133
2010.999140,12134
2011.000815,12135
2011.004440,12137
2011.008340,12138
2011.008994,12139
2011.010360,12140
2011.010880,12141
2011.013340,12142
2011.017605,12143
2011.018340,12145
2011.018340,12156
2011.018340,12168
2011.018340,12175
2011.018340,12176
2011.018340,12177
2011.027585,12178
2011.028340,12179
2011.028340,12181
2011.030840,12182
2011.039959,12183
2011.048340,12185
2011.048790,12186
2011.051370,12187
2011.060615,12188
2011.061990,12189
2011.063340,12190
2011.070330,12191
2011.072740,12193
2011.080820,12194
2011.086730,12197
2011.088340,12198
2011.088340,12199
2011.093625,12200
2011.094520,12201
2011.095526,12202
2011.098340,12203
2011.103017,12204
2011.103137,12205
2011.109682,12206
2011.118340,12207
2011.118340,12210
2011.118340,12211
2011.123590,12212
2011.124730,12213
2011.129640,12214
2011.144940,12215
2011.148340,12216
2011.148340,12218
2011.148340,12220
2011.149990,12221
2011.151490,12222
2011.155840,12223
2011.158340,12224
2011.159740,12225
2011.163840,12226
2011.168293,12227
2011.168340,12228
2011.169740,12229
2011.178340,12230
2011.178340,12231
2011.178340,12232
2011.182368,12233
2011.185007,12234
2011.188340,12236
2011.189250,12237
2011.193940,12238
2011.197420,12239
2011.216560,12240
2011.218340,12245
2011.218340,12247
2011.218340,12248
2011.220430,12249
2011.228340,12250
2011.228340,12251
2011.229740,12252
2011.231240,12253
2011.238260,12255
2011.240015,12256
2011.248340,12257
2011.252189,12258
2011.252420,12260
2011.256390,12261
2011.258702,12262
2011.259190,12263
2011.259740,12264
2011.262030,12265
2011.268340,12266
2011.268885,12268
2011.276975,12269
2011.279040,12270
2011.295188,12271
2011.298340,12272
2011.303340,12273
2011.318340,12277
2011.318340,12281
2011.325437,12282
2011.328340,12283
2011.331950,12284
2011.334400,12285
2011.338340,12286
2011.345228,12287
2011.358340,12288
2011.360190,12289
2011.364787,12290
2011.368340,12291
2011.373640,12292
2011.388340,12293
2011.397490,12294
2011.400142,12295
2011.408340,12296
2011.409155,12297
2011.410070,12298
2011.411673,12299
2011.418340,12300
2011.418340,12303
2011.418340,12307
2011.423340,12308
2011.429840,12309
2011.442840,12310
2011.443440,12311
2011.447980,12312
2011.448340,12313
2011.465830,12314
2011.466190,12315
2011.468340,12316
2011.472063,12317
2011.481640,12319
2011.492050,12320
2011.502494,12321
2011.503041,12322
2011.503340,12323
2011.507675,12324
2011.508340,12326
2011.508340,12328
2011.512140,12329
2011.518340,12331
2011.518340,12333
2011.518340,12338
2011.518340,12339
2011.518439,12340
2011.520850,12341
2011.520940,12342
2011.528340,12343
2011.544640,12344
2011.548340,12345
2011.548340,12346
2011.551540,12347
2011.554037,12348
2011.568340,12349
2011.568340,12350
2011.578340,12351
2011.578392,12352
2011.581440,12353
2011.582042,12354
2011.582290,12355
2011.588340,12356
2011.588340,12357
2011.588610,12358
2011.601750,12359
2011.608340,12360
2011.608508,12361
2011.615840,12362
2011.616340,12363
2011.618340,12364
2011.618340,12365
2011.618340,12367
2011.618340,12371
2011.618340,12375
2011.620740,12376
2011.622501,12377
2011.625590,12378
2011.628340,12379
2011.630185,12380
2011.633220,12381
2011.633740,12382
2011.634317,12383
2011.635040,12384
2011.636020,12385
2011.639249,12386
2011.642150,12387
2011.646823,12388
2011.649440,12389
2011.655490,12390
2011.657567,12391
2011.662890,12392
2011.670640,12393
2011.673340,12394
2011.679680,12395
2011.685917,12396
2011.690590,12397
2011.695070,12398
2011.696500,12399
2011.698340,12401
2011.712070,12405
2011.718340,12407
2011.718340,12409
2011.718340,12411
2011.718340,12412
2011.722298,12413
2011.725890,12414
2011.726470,12415
2011.728340,12416
2011.728340,12417
2011.735115,12418
2011.748340,12419
2011.750940,12420
2011.758620,12421
2011.762560,12422
2011.766540,12423
2011.768340,12424
2011.768590,12425
2011.773790,12426
2011.776250,12427
2011.781790,12430
2011.796527,12431
2011.798040,12432
2011.798340,12434
2011.798340,12436
2011.808340,12437
2011.813340,12438
2011.815790,12439
2011.816720,12440
2011.818040,12441
2011.818340,12443
2011.818340,12446
2011.818340,12454
2011.824445,12455
2011.828340,12456
2011.828340,12457
2011.833472,12458
2011.836440,12459
2011.841550,12460
2011.845090,12461
2011.848340,12462
2011.848340,12463
2011.868340,12464
2011.883240,12465
2011.884657,12466
2011.887580,12467
2011.888340,12468
2011.890340,12469
2011.891960,12470
2011.897640,12471
2011.899513,12472
2011.908340,12473
2011.908770,12474
2011.911673,12475
2011.912841,12476
2011.913240,12477
2011.916367,12478
2011.918340,12480
2011.918340,12482
2011.918340,12483
2011.926865,12484
2011.927540,12485
2011.927552,12486
2011.928340,12487
2011.930550,12488
2011.939093,12489
2011.943283,12490
2011.945490,12491
2011.958340,12492
2011.959460,12493
2011.962185,12494
2011.968340,12495
2011.975290,12496
2011.978340,12497
2011.978340,12499
2011.983340,12500
2011.987820,12501
2011.990240,12502
2011.991073,12503
2011.994540,12504
2011.997318,12505
2011.998340,12506
2011.999030,12507
2012.000740,12508
2012.003340,12509
2012.005620,12510
2012.009450,12511
2012.017687,12512
2012.018340,12513
2012.018340,12521
2012.018340,12527
2012.018340,12539
2012.018340,12541
2012.018340,12547
2012.018490,12548
2012.021728,12549
2012.022613,12550
2012.026850,12551
2012.027114,12552
2012.028240,12553
2012.034755,12554
2012.038340,12555
2012.038640,12556
2012.040570,12557
2012.044877,12558
2012.047040,12559
2012.058340,12560
2012.063493,12561
2012.066900,12562
2012.068340,12563
2012.073340,12564
2012.075860,12565
2012.076630,12566
2012.077940,12567
2012.078340,12568
2012.082769,12569
2012.082769,12570
2012.088340,12572
2012.088340,12573
2012.113340,12574
2012.117655,12575
2012.118100,12576
2012.118340,12578
2012.118340,12580
2012.118340,12586
2012.133340,12587
2012.133417,12588
2012.140890,12589
2012.142140,12590
2012.148340,12591
2012.148340,12594
2012.150188,12595
2012.150340,12596
2012.155399,12597
2012.165140,12598
2012.173340,12599
2012.174500,12600
2012.178340,12601
2012.180682,12602
2012.185007,12603
2012.188340,12604
2012.188690,12605
2012.195197,12606
2012.198739,12607
2012.205840,12608
2012.208340,12609
2012.213940,12610
2012.218340,12612
2012.218340,12618
2012.218340,12619
2012.218340,12623
2012.226140,12624
2012.231140,12625
2012.238340,12626
2012.238340,12627
2012.242618,12628
2012.246920,12629
2012.247640,12630
2012.248233,12631
2012.248340,12632
2012.251040,12633
2012.255633,12635
2012.255633,12636
2012.258340,12637
2012.258340,12638
2012.262920,12639
2012.268340,12640
2012.268760,12641
2012.272640,12642
2012.275910,12643
2012.276040,12644
2012.276940,12645
2012.280353,12646
2012.286920,12649
2012.288710,12650
2012.291140,12651
2012.291215,12652
2012.296050,12653
2012.296240,12654
2012.299630,12655
2012.309207,12656
2012.312215,12657
2012.314470,12658
2012.318340,12660
2012.318340,12664
2012.324540,12665
2012.338340,12666
2012.338340,12667
2012.342400,12668
2012.342620,12669
2012.343512,12670
2012.344140,12671
2012.348340,12672
2012.348340,12673
2012.348340,12674
2012.358340,12676
2012.358340,12677
2012.365940,12678
2012.368340,12679
2012.368340,12680
2012.377590,12681
2012.379400,12682
2012.380180,12683
2012.382030,12684
2012.389940,12685
2012.390601,12686
2012.399110,12687
2012.405130,12688
2012.406540,12689
2012.408340,12690
2012.410840,12691
2012.418340,12693
2012.418340,12694
2012.428340,12695
2012.428340,12696
2012.428790,12697
2012.428955,12698
2012.430798,12699
2012.437510,12700
2012.439720,12701
2012.441364,12702
2012.443160,12703
2012.443853,12704
2012.446650,12705
2012.448625,12706
2012.449840,12707
2012.453340,12708
2012.453540,12709
2012.461240,12710
2012.465950,12711
2012.467840,12712
2012.467910,12713
2012.468340,12714
2012.472127,12715
2012.472380,12716
2012.480390,12717
2012.488340,12718
2012.493540,12719
2012.498340,12720
2012.516740,12721
2012.518340,12722
2012.518340,12725
2012.518340,12726
2012.528340,12727
2012.529480,12728
2012.532240,12729
2012.533340,12730
2012.534440,12731
2012.537409,12732
2012.539590,12733
2012.540900,12734
2012.541140,12735
2012.543340,12736
2012.544132,12737
2012.546195,12738
2012.548340,12739
2012.549200,12740
2012.551673,12741
2012.551990,12742
2012.552840,12743
2012.553640,12744
2012.556060,12745
2012.558340,12746
2012.561530,12747
2012.568320,12748
2012.577580,12751
2012.578340,12752
2012.581340,12753
2012.594560,12754
2012.599340,12755
2012.603980,12756
2012.608190,12757
2012.618340,12758
2012.618340,12762
2012.618340,12769
2012.618340,12772
2012.621360,12773
2012.623340,12774
2012.627840,12775
2012.628340,12778
2012.631580,12780
2012.632790,12781
2012.634830,12782
2012.638340,12783
2012.638340,12787
2012.638340,12788
2012.638522,12789
2012.640040,12790
2012.645047,12791
2012.645750,12792
2012.650020,12793
2012.654365,12794
2012.658340,12796
2012.663840,12797
2012.667575,12798
2012.674740,12799
2012.678340,12800
2012.683030,12801
2012.686190,12802
2012.686490,12803
2012.691170,12804
2012.693340,12805
2012.696988,12806
2012.697153,12807
2012.698243,12808
2012.698340,12809
2012.705390,12810
2012.710430,12811
2012.710545,12812
2012.718340,12813
2012.718340,12814
2012.718340,12815
2012.718340,12816
2012.718340,12817
2012.722340,12818
2012.728340,12819
2012.728340,12821
2012.728340,12822
2012.738340,12823
2012.738390,12824
2012.746960,12825
2012.748340,12827
2012.754040,12828
2012.768765,12829
2012.771790,12831
2012.777943,12832
2012.780126,12833
2012.782740,12834
2012.783340,12835
2012.786150,12836
2012.788340,12838
2012.793540,12839
2012.793840,12840
2012.798340,12841
2012.801657,12842
2012.807700,12843
2012.818340,12847
2012.818340,12860
2012.818340,12861
2012.823840,12862
2012.828590,12863
2012.837640,12864
2012.838340,12865
2012.840088,12866
2012.852940,12867
2012.855240,12868
2012.856820,12870
2012.861407,12871
2012.863340,12872
2012.863340,12873
2012.863440,12874
2012.868340,12875
2012.872681,12876
2012.885070,12877
2012.888340,12878
2012.890590,12879
2012.890645,12880
2012.892700,12881
2012.908340,12882
2012.908340,12883
2012.912190,12884
2012.918340,12886
2012.918340,12889
2012.925007,12890
2012.927010,12891
2012.927359,12892
2012.946530,12893
2012.958340,12894
2012.960340,12895
2012.975140,12896
2012.980508,12897
2012.986660,12898
2012.988340,12900
2013.004850,12901
2013.005340,12902
2013.008340,12903
2013.008340,12905
2013.008740,12906
2013.009062,12907
2013.018340,12914
2013.018340,12928
2013.018340,12930
2013.018340,12933
2013.018340,12934
2013.021051,12935
2013.022880,12936
2013.028340,12937
2013.030040,12938
2013.030637,12939
2013.033810,12940
2013.037590,12941
2013.046118,12942
2013.054620,12943
2013.060017,12944
2013.060240,12945
2013.063240,12946
2013.063340,12947
2013.068340,12948
2013.072465,12949
2013.076740,12950
2013.078340,12951
2013.080223,12952
2013.083983,12953
2013.084353,12954
2013.093223,12955
2013.101650,12956
2013.103340,12957
2013.105360,12958
2013.107763,12959
2013.108340,12960
2013.116570,12961
2013.118340,12964
2013.119140,12967
2013.120650,12968
2013.123457,12969
2013.123500,12970
2013.128340,12971
2013.128340,12972
2013.128340,12973
2013.131970,12974
2013.133070,12975
2013.138340,12977
2013.139720,12978
2013.156770,12979
2013.157490,12980
2013.158410,12982
2013.165210,12983
2013.167763,12984
2013.168340,12985
2013.171740,12986
2013.172417,12987
2013.173783,12988
2013.175640,12989
2013.177665,12990
2013.188340,12991
2013.188340,12992
2013.193000,12993
2013.197375,12995
2013.198197,12996
2013.203851,12997
2013.205440,12998
2013.208190,12999
2013.208640,13000
2013.213907,13001
2013.214130,13002
2013.218340,13003
2013.218340,13005
2013.218340,13006
2013.218340,13007
2013.218340,13009
2013.219340,13010
2013.219530,13011
2013.222640,13012
2013.228340,13014
2013.228340,13016
2013.228340,13017
2013.235600,13018
2013.236840,13019
2013.243340,13020
2013.248140,13021
2013.248290,13022
2013.248340,13023
2013.252190,13024
2013.254747,13025
2013.257075,13026
2013.258340,13027
2013.268340,13028
2013.268340,13029
2013.268340,13030
2013.270890,13031
2013.278340,13032
2013.286640,13033
2013.297640,13034
2013.308340,13035
2013.308340,13036
2013.308660,13037
2013.310820,13038
2013.316680,13039
2013.318340,13040
2013.318340,13043
2013.318340,13044
2013.318770,13045
2013.321316,13046
2013.328340,13047
2013.328900,13048
2013.332317,13049
2013.338340,13051
2013.348340,13052
2013.348340,13053
2013.350890,13054
2013.355840,13055
2013.356950,13056
2013.358340,13057
2013.358340,13058
2013.358340,13059
2013.363847,13060
2013.370940,13061
2013.371590,13062
2013.378340,13063
2013.385740,13064
2013.390340,13065
2013.408340,13069
2013.408540,13070
2013.412417,13071
2013.416425,13072
2013.418260,13073
2013.418340,13077
2013.418340,13081
2013.418340,13082
2013.418340,13083
2013.428340,13085
2013.433070,13086
2013.436815,13087
2013.440810,13088
2013.457460,13089
2013.457470,13090
2013.463000,13091
2013.463105,13092
2013.466590,13094
2013.467340,13095
2013.468040,13096
2013.468216,13097
2013.468340,13098
2013.468340,13099
2013.469220,13100
2013.473110,13101
2013.473340,13102
2013.476690,13103
2013.477440,13104
2013.484525,13105
2013.491853,13106
2013.493870,13107
2013.498340,13108
2013.498340,13109
2013.501920,13110
2013.508340,13111
2013.510023,13112
2013.518340,13113
2013.518340,13117
2013.518340,13123
2013.518340,13125
2013.519843,13126
2013.522157,13127
2013.527020,13128
2013.527814,13129
2013.528340,13130
2013.533150,13131
2013.536007,13132
2013.539445,13133
2013.541588,13134
2013.547940,13135
2013.548340,13136
2013.548340,13138
2013.551782,13139
2013.558720,13140
2013.562810,13141
2013.562940,13142
2013.565055,13143
2013.568340,13144
2013.568340,13145
2013.568340,13146
2013.571675,13147
2013.573670,13148
2013.576690,13150
2013.578340,13151
2013.580561,13153
2013.587740,13154
2013.588340,13155
2013.588340,13156
2013.597990,13157
2013.598340,13158
2013.608340,13160
2013.608340,13163
2013.609907,13164
2013.609940,13165
2013.618340,13169
2013.618340,13172
2013.618340,13173
2013.619640,13174
2013.627640,13175
2013.630120,13176
2013.631879,13177
2013.636956,13178
2013.638340,13179
2013.648340,13180
2013.648750,13181
2013.654076,13182
2013.656390,13183
2013.658340,13184
2013.664440,13185
2013.673929,13186
2013.674890,13187
2013.680340,13188
2013.693268,13189
2013.694947,13190
2013.701025,13191
2013.704098,13192
2013.704940,13193
2013.708340,13194
2013.708340,13195
2013.715333,13196
2013.717690,13197
2013.718340,13200
2013.718340,13202
2013.727615,13203
2013.728340,13204
2013.728340,13205
2013.728940,13206
2013.729295,13207
2013.732720,13208
2013.744440,13209
2013.748170,13210
2013.749595,13211
2013.753340,13212
2013.758340,13214
2013.758340,13216
2013.763623,13217
2013.764500,13218
2013.768340,13219
2013.782306,13220
2013.784070,13221
2013.787990,13222
2013.788454,13223
2013.791005,13224
2013.791960,13225
2013.793840,13226
2013.797340,13227
2013.798077,13228
2013.798950,13229
2013.811610,13230
2013.814547,13231
2013.814640,13232
2013.815140,13233
2013.818340,13238
2013.822700,13239
2013.826573,13243
2013.826573,13244
2013.827140,13245
2013.827950,13246
2013.830640,13247
2013.831800,13248
2013.834940,13252
2013.837540,13253
2013.838340,13254
2013.838340,13255
2013.839325,13256
2013.868340,13257
2013.868340,13258
2013.868340,13260
2013.868340,13261
2013.872140,13262
2013.876530,13263
2013.877570,13264
2013.878340,13265
2013.886850,13266
2013.888340,13270
2013.893540,13271
2013.898340,13272
2013.903440,13273
2013.908340,13274
2013.908340,13275
2013.908340,13276
2013.913100,13277
2013.918340,13278
2013.920940,13279
2013.923905,13280
2013.923990,13281
2013.928340,13282
2013.932667,13283
2013.938340,13284
2013.940340,13285
2013.943630,13286
2013.944125,13287
2013.960340,13288
2013.964667,13289
2013.965113,13290
2013.968340,13291
2013.970393,13292
2013.973340,13293
2013.978340,13298
2013.980430,13299
2013.985265,13300
2013.990483,13301
2013.990740,13302
2013.991220,13303
2013.991905,13304
2013.992830,13306
2013.993180,13307
2013.998340,13308
2013.998340,13309
2013.998340,13311
2014.002090,13312
2014.003682,13313
2014.008340,13316
2014.010820,13317
2014.015990,13318
2014.018340,13337
2014.018340,13345
2014.018340,13353
2014.018340,13362
2014.018340,13364
2014.020320,13365
2014.020407,13366
2014.021870,13367
2014.021910,13368
2014.024040,13369
2014.028340,13370
2014.031190,13371
2014.038340,13372
2014.038340,13374
2014.038950,13375
2014.041140,13376
2014.045840,13377
2014.048340,13378
2014.048350,13379
2014.058340,13380
2014.063283,13381
2014.065192,13384
2014.067160,13385
2014.068340,13386
2014.072006,13387
2014.082440,13388
2014.082700,13389
2014.088340,13390
2014.088340,13391
2014.091607,13392
2014.095990,13393
2014.097700,13394
2014.113840,13395
2014.117030,13396
2014.118340,13399
2014.118340,13401
2014.118340,13409
2014.118340,13411
2014.118340,13412
2014.118675,13413
2014.120495,13414
2014.123272,13415
2014.131673,13416
2014.131700,13417
2014.133740,13418
2014.137650,13419
2014.138340,13421
2014.143340,13422
2014.146310,13425
2014.148340,13426
2014.148340,13427
2014.149940,13428
2014.157875,13429
2014.166140,13430
2014.168340,13431
2014.168340,13433
2014.174054,13434
2014.174300,13435
2014.183020,13436
2014.185640,13437
2014.187870,13438
2014.187880,13439
2014.188340,13440
2014.189740,13441
2014.190559,13442
2014.192362,13443
2014.193290,13444
2014.195050,13445
2014.195240,13446
2014.196268,13447
2014.197483,13448
2014.198340,13449
2014.198340,13450
2014.208340,13451
2014.210957,13452
2014.213426,13453
2014.215470,13454
2014.215940,13455
2014.216540,13456
2014.218340,13459
2014.218340,13460
2014.218340,13461
2014.225490,13462
2014.228340,13463
2014.228340,13464
2014.229003,13465
2014.236078,13466
2014.238140,13467
2014.238340,13468
2014.248340,13469
2014.253034,13471
2014.254340,13472
2014.258340,13473
2014.265007,13474
2014.268190,13475
2014.270506,13476
2014.273703,13477
2014.274910,13478
2014.278610,13479
2014.283340,13480
2014.283740,13481
2014.284220,13482
2014.286510,13483
2014.289720,13484
2014.292080,13485
2014.293930,13486
2014.303840,13487
2014.308340,13488
2014.308791,13489
2014.318340,13491
2014.318340,13493
2014.319994,13494
2014.322250,13495
2014.323340,13496
2014.325040,13498
2014.330290,13499
2014.333080,13500
2014.333200,13502
2014.335007,13503
2014.337173,13504
2014.341840,13505
2014.348340,13506
2014.349340,13507
2014.352990,13508
2014.362105,13509
2014.362430,13510
2014.368340,13511
2014.370700,13512
2014.373225,13513
2014.377550,13514
2014.378340,13515
2014.382403,13516
2014.383740,13518
2014.388080,13519
2014.392324,13520
2014.403340,13521
2014.410086,13522
2014.410340,13523
2014.418340,13527
2014.418340,13532
2014.418340,13534
2014.418340,13536
2014.421140,13537
2014.422490,13538
2014.424560,13539
2014.424690,13540
2014.427090,13541
2014.428340,13542
2014.429040,13543
2014.431867,13544
2014.432185,13545
2014.433170,13546
2014.437290,13547
2014.440940,13548
2014.445010,13549
2014.445590,13552
2014.445593,13553
2014.446340,13554
2014.448340,13555
2014.451557,13556
2014.458340,13557
2014.460810,13558
2014.463105,13559
2014.465790,13560
2014.468040,13561
2014.468340,13562
2014.468340,13563
2014.468980,13564
2014.469311,13565
2014.473340,13566
2014.473940,13567
2014.476940,13568
2014.485280,13569
2014.486880,13570
2014.488340,13571
2014.488340,13572
2014.498340,13573
2014.498340,13574
2014.502440,13575
2014.504250,13576
2014.508340,13577
2014.508340,13578
2014.515143,13579
2014.518340,13583
2014.518340,13590
2014.518340,13592
2014.521150,13593
2014.521626,13594
2014.528340,13597
2014.532840,13599
2014.534940,13600
2014.536440,13601
2014.540130,13602
2014.542940,13603
2014.548340,13604
2014.553235,13605
2014.554340,13607
2014.557160,13608
2014.564615,13609
2014.568340,13610
2014.568820,13611
2014.573340,13612
2014.575010,13613
2014.576340,13614
2014.578340,13615
2014.578387,13617
2014.583340,13618
2014.585520,13619
2014.588340,13620
2014.588340,13621
2014.590473,13622
2014.591712,13623
2014.592740,13624
2014.593114,13625
2014.593340,13626
2014.594340,13627
2014.596623,13628
2014.598340,13629
2014.598340,13630
2014.598340,13631
2014.609490,13632
2014.613340,13633
2014.618340,13634
2014.618340,13637
2014.618340,13640
2014.618340,13641
2014.624140,13642
2014.627640,13643
2014.628340,13644
2014.629740,13645
2014.633592,13646
2014.639190,13647
2014.647050,13648
2014.648340,13649
2014.648340,13650
2014.651815,13651
2014.658340,13652
2014.659718,13653
2014.662160,13654
2014.668340,13655
2014.668340,13656
2014.671150,13657
2014.676690,13658
2014.678340,13659
2014.682440,13660
2014.682650,13661
2014.683635,13662
2014.685140,13663
2014.688340,13665
2014.690240,13666
2014.692430,13667
2014.695205,13668
2014.696900,13669
2014.704640,13672
2014.708340,13673
2014.711240,13674
2014.715080,13675
2014.716340,13676
2014.717010,13677
2014.718340,13680
2014.718340,13681
2014.718340,13686
2014.718340,13687
2014.724490,13688
2014.733825,13689
2014.733840,13690
2014.738340,13691
2014.738475,13692
2014.743340,13693
2014.748340,13694
2014.748730,13695
2014.770205,13696
2014.771532,13697
2014.774409,13698
2014.788340,13699
2014.788340,13700
2014.790235,13701
2014.791640,13702
2014.793440,13703
2014.798340,13705
2014.801625,13706
2014.805836,13707
2014.814460,13708
2014.818340,13709
2014.818340,13716
2014.818340,13719
2014.818340,13720
2014.830640,13721
2014.833240,13722
2014.835550,13723
2014.837290,13724
2014.838340,13725
2014.842440,13726
2014.844690,13727
2014.846110,13728
2014.846110,13729
2014.848340,13730
2014.855960,13733
2014.858340,13734
2014.858340,13735
2014.861433,13736
2014.865040,13738
2014.868107,13739
2014.871820,13740
2014.872740,13741
2014.873340,13742
2014.875203,13743
2014.877690,13744
2014.884840,13745
2014.885107,13746
2014.888340,13747
2014.888415,13748
2014.889640,13749
2014.892540,13750
2014.892795,13751
2014.893420,13754
2014.893440,13755
2014.897706,13756
2014.898340,13757
2014.900240,13758
2014.901614,13759
2014.908340,13760
2014.918340,13761
2014.918340,13762
2014.918340,13764
2014.921675,13765
2014.923880,13766
2014.927777,13767
2014.928340,13768
2014.928340,13769
2014.931620,13770
2014.933400,13771
2014.933890,13772
2014.938340,13773
2014.940640,13774
2014.943340,13775
2014.948340,13776
2014.950590,13777
2014.953340,13778
2014.954440,13779
2014.958340,13780
2014.962190,13781
2014.962620,13782
2014.967660,13783
2014.968010,13784
2014.968340,13785
2014.974590,13786
2014.983490,13787
2014.984470,13788
2014.985007,13789
2014.990940,13792
2014.993200,13794
2014.993540,13795
2014.997340,13796
2014.998340,13797
2014.998775,13798
2014.999130,13799
2015.000490,13800
2015.006840,13801
2015.008340,13803
2015.008340,13805
2015.009290,13806
2015.012374,13807
2015.013820,13808
2015.014360,13812
2015.016727,13813
2015.018340,13814
2015.018340,13818
2015.018340,13840
2015.018340,13850
2015.018340,13856
2015.023340,13857
2015.027440,13858
2015.028330,13859
2015.028340,13860
2015.030790,13861
2015.036942,13862
2015.037985,13863
2015.038340,13864
2015.038340,13865
2015.048340,13866
2015.048340,13867
2015.058340,13868
2015.066010,13869
2015.068640,13870
2015.078215,13871
2015.088340,13872
2015.091911,13873
2015.093340,13874
2015.095320,13875
2015.099632,13876
2015.108340,13878
2015.108340,13879
2015.118340,13880
2015.118340,13881
2015.118340,13887
2015.118340,13891
2015.119480,13892
2015.125007,13893
2015.128340,13894
2015.128340,13895
2015.135240,13896
2015.139140,13897
2015.147940,13898
2015.150980,13900
2015.151673,13901
2015.151680,13902
2015.154640,13903
2015.155840,13904
2015.156340,13909
2015.156940,13910
2015.162850,13911
2015.168140,13912
2015.168340,13913
2015.168340,13915
2015.172340,13916
2015.178340,13917
2015.178340,13918
2015.178960,13919
2015.181304,13920
2015.183240,13921
2015.188340,13922
2015.192168,13923
2015.194670,13924
2015.195740,13925
2015.198340,13926
2015.203055,13927
2015.204890,13928
2015.207227,13929
2015.208340,13930
2015.214760,13931
2015.218340,13937
2015.218340,13940
2015.218340,13942
2015.221096,13943
2015.222090,13945
2015.225243,13946
2015.228340,13947
2015.228340,13948
2015.230750,13949
2015.230940,13950
2015.231610,13951
2015.242816,13952
2015.244440,13954
2015.245200,13955
2015.252040,13956
2015.253240,13957
2015.257947,13958
2015.262680,13959
2015.263340,13960
2015.272793,13961
2015.274810,13962
2015.276690,13965
2015.277534,13966
2015.282140,13967
2015.283840,13968
2015.293340,13969
2015.298340,13970
2015.300060,13971
2015.300393,13972
2015.303800,13973
2015.304940,13974
2015.307790,13975
2015.308340,13976
2015.308340,13977
2015.314940,13978
2015.316990,13979
2015.318340,13981
2015.318340,13983
2015.318340,13985
2015.318340,13987
2015.318340,13988
2015.328340,13989
2015.338340,13990
2015.339240,13991
2015.342040,13992
2015.344602,13993
2015.348055,13994
2015.352430,13995
2015.353640,13996
2015.355667,13997
2015.362550,13998
2015.363480,13999
2015.368340,14000
2015.369100,14001
2015.370390,14002
2015.378340,14003
2015.379615,14004
2015.387790,14005
2015.389980,14006
2015.395651,14007
2015.398252,14008
2015.398340,14011
2015.398340,14014
2015.398840,14015
2015.404540,14016
2015.408340,14017
2015.413340,14018
2015.417040,14019
2015.418340,14021
2015.418340,14028
2015.418340,14029
2015.418340,14033
2015.427030,14034
2015.428340,14035
2015.428910,14036
2015.436180,14037
2015.436344,14038
2015.437240,14039
2015.438000,14040
2015.438340,14042
2015.442647,14043
2015.443297,14044
2015.444970,14045
2015.450810,14047
2015.451340,14048
2015.451640,14049
2015.452506,14050
2015.458340,14051
2015.459950,14053
2015.468340,14057
2015.471005,14058
2015.471728,14059
2015.474200,14060
2015.475850,14061
2015.477653,14062
2015.478340,14063
2015.478340,14064
2015.481765,14065
2015.490915,14066
2015.497685,14067
2015.504390,14068
2015.504724,14069
2015.514010,14070
2015.518340,14076
2015.518340,14079
2015.518340,14080
2015.528160,14081
2015.533340,14083
2015.535045,14084
2015.536440,14085
2015.536773,14086
2015.538340,14088
2015.543340,14089
2015.544340,14090
2015.548340,14092
2015.551540,14093
2015.552684,14094
2015.553540,14095
2015.553700,14096
2015.557000,14097
2015.557745,14098
2015.568340,14099
2015.568340,14100
2015.570000,14101
2015.580420,14102
2015.583519,14103
2015.587240,14104
2015.591810,14105
2015.591933,14106
2015.596005,14107
2015.596468,14108
2015.596540,14109
2015.597210,14110
2015.597410,14111
2015.602440,14112
2015.603655,14113
2015.608340,14114
2015.610985,14115
2015.618340,14118
2015.618340,14127
2015.618340,14133
2015.623340,14134
2015.624560,14135
2015.624836,14136
2015.627340,14137
2015.627740,14138
2015.630971,14139
2015.631513,14140
2015.633080,14141
2015.636560,14143
2015.639280,14144
2015.647660,14145
2015.648340,14146
2015.650070,14148
2015.653000,14149
2015.656990,14150
2015.663103,14151
2015.665540,14152
2015.673340,14153
2015.673415,14154
2015.675840,14155
2015.678340,14156
2015.679340,14158
2015.683890,14159
2015.688340,14160
2015.688340,14162
2015.695070,14163
2015.695731,14164
2015.696740,14165
2015.698340,14166
2015.706339,14167
2015.707440,14168
2015.708143,14169
2015.708221,14170
2015.708221,14171
2015.708340,14172
2015.709290,14173
2015.711840,14174
2015.714340,14175
2015.714540,14176
2015.718340,14179
2015.718340,14181
2015.718340,14182
2015.718340,14183
2015.718340,14184
2015.729040,14185
2015.731390,14186
2015.738340,14187
2015.745710,14188
2015.748340,14190
2015.748340,14191
2015.752840,14192
2015.755365,14193
2015.758330,14194
2015.759060,14195
2015.763340,14196
2015.763470,14197
2015.763640,14198
2015.764180,14199
2015.764580,14200
2015.778340,14203
2015.780980,14204
2015.781940,14205
2015.786570,14206
2015.787685,14207
2015.788050,14208
2015.788340,14209
2015.788340,14210
2015.788603,14211
2015.795970,14212
2015.798340,14214
2015.798340,14215
2015.798860,14216
2015.803873,14217
2015.808140,14218
2015.808340,14219
2015.808340,14220
2015.808340,14221
2015.816650,14222
2015.816928,14223
2015.818340,14226
2015.818340,14227
2015.818340,14228
2015.818340,14231
2015.826173,14232
2015.835940,14233
2015.838340,14234
2015.838340,14235
2015.839350,14238
2015.839845,14239
2015.845205,14240
2015.847660,14241
2015.847830,14242
2015.848340,14243
2015.849550,14244
2015.851720,14245
2015.854851,14246
2015.862490,14247
2015.862810,14248
2015.865070,14249
2015.866060,14250
2015.868340,14251
2015.868340,14252
2015.876130,14253
2015.878689,14254
2015.883760,14255
2015.887582,14256
2015.888340,14257
2015.897860,14258
2015.898340,14259
2015.899640,14260
2015.902153,14261
2015.903990,14262
2015.908340,14264
2015.908340,14266
2015.912550,14267
2015.915440,14268
2015.917412,14269
2015.918340,14270
2015.918340,14271
2015.918340,14274
2015.921110,14275
2015.923340,14276
2015.927001,14277
2015.927920,14278
2015.928340,14279
2015.930170,14280
2015.938340,14282
2015.942250,14283
2015.943292,14284
2015.948340,14285
2015.948340,14286
2015.959690,14287
2015.963340,14288
2015.965180,14289
2015.966240,14290
2015.968340,14291
2015.968482,14292
2015.975840,14293
2015.976730,14294
2015.978340,14295
2015.978340,14296
2015.982187,14297
2015.985540,14299
2015.988140,14300
2015.988340,14301
2015.988340,14302
2015.995410,14303
2015.998340,14304
2015.998340,14305
2016.000083,14306
2016.000760,14307
2016.002560,14308
2016.008340,14309
2016.008340,14310
2016.016740,14311
2016.018340,14316
2016.018340,14322
2016.018340,14332
2016.018340,14335
2016.018340,14336
2016.018340,14337
2016.020570,14338
2016.022840,14339
2016.026978,14340
2016.028340,14341
2016.028340,14343
2016.033740,14344
2016.038340,14345
2016.038640,14346
2016.043840,14347
2016.047680,14348
2016.048340,14349
2016.048340,14351
2016.057415,14352
2016.058340,14354
2016.063373,14355
2016.068340,14357
2016.069685,14358
2016.080040,14359
2016.081180,14360
2016.083640,14361
2016.085570,14363
2016.087640,14364
2016.088461,14365
2016.096010,14366
2016.096740,14367
2016.101440,14368
2016.107553,14369
2016.109890,14370
2016.117700,14371
2016.117790,14372
2016.118340,14373
2016.118340,14375
2016.118340,14377
2016.121040,14378
2016.122060,14379
2016.123340,14380
2016.125440,14381
2016.133290,14382
2016.134540,14383
2016.138340,14384
2016.138340,14385
2016.143740,14387
2016.144770,14388
2016.147560,14389
2016.148340,14390
2016.148340,14391
2016.151020,14392
2016.151840,14393
2016.154550,14394
2016.156770,14395
2016.157240,14396
2016.157626,14397
2016.158060,14398
2016.163340,14399
2016.166077,14400
2016.168340,14401
2016.169775,14402
2016.172250,14403
2016.177480,14404
2016.178340,14406
2016.182076,14407
2016.185340,14408
2016.186830,14409
2016.192010,14410
2016.198317,14411
2016.198340,14412
2016.204440,14413
2016.206121,14414
2016.206140,14415
2016.208340,14417
2016.208340,14418
2016.208845,14419
2016.212840,14420
2016.218340,14423
2016.218340,14428
2016.218340,14429
2016.218340,14431
2016.222417,14432
2016.222859,14433
2016.223150,14434
2016.228920,14435
2016.232460,14436
2016.238340,14438
2016.246390,14439
2016.248340,14441
2016.249317,14442
2016.254360,14443
2016.258340,14444
2016.259130,14445
2016.263640,14446
2016.264630,14447
2016.268340,14448
2016.268340,14449
2016.271340,14450
2016.274125,14451
2016.277040,14452
2016.278340,14453
2016.278340,14454
2016.278340,14455
2016.283330,14457
2016.283540,14458
2016.288742,14459
2016.289634,14460
2016.292790,14461
2016.298340,14462
2016.298340,14463
2016.303792,14464
2016.304737,14465
2016.308340,14467
2016.315140,14468
2016.318340,14470
2016.318340,14473
2016.318340,14476
2016.320280,14477
2016.323600,14479
2016.326620,14480
2016.333070,14481
2016.333340,14482
2016.338340,14484
2016.338340,14485
2016.342442,14487
2016.347840,14488
2016.352040,14489
2016.359873,14490
2016.362720,14491
2016.372928,14492
2016.375913,14493
2016.378340,14495
2016.378340,14496
2016.380905,14497
2016.382240,14498
2016.385740,14499
2016.387800,14500
2016.395980,14501
2016.397420,14502
2016.399895,14503
2016.403537,14504
2016.413707,14505
2016.418340,14508
2016.418340,14511
2016.418340,14512
2016.418340,14515
2016.418340,14516
2016.418840,14517
2016.420740,14518
2016.424990,14519
2016.426465,14520
2016.427930,14521
2016.428340,14522
2016.428340,14524
2016.429369,14525
2016.432600,14526
2016.435550,14527
2016.438340,14528
2016.443715,14529
2016.445657,14530
2016.448340,14531
2016.451755,14532
2016.458340,14533
2016.461470,14534
2016.463980,14535
2016.468340,14536
2016.468340,14537
2016.469630,14538
2016.473430,14539
2016.478340,14540
2016.481250,14541
2016.483803,14542
2016.488340,14543
2016.493340,14544
2016.496820,14545
2016.497770,14546
2016.499190,14547
2016.502035,14548
2016.506930,14550
2016.510187,14551
2016.513340,14552
2016.514909,14553
2016.514909,14554
2016.517590,14555
2016.518340,14557
2016.518340,14559
2016.518340,14562
2016.518340,14564
2016.520704,14565
2016.522660,14566
2016.524488,14567
2016.532060,14568
2016.533536,14569
2016.533900,14570
2016.538340,14571
2016.540191,14572
2016.546940,14573
2016.549597,14574
2016.550340,14575
2016.554295,14576
2016.557610,14577
2016.558340,14578
2016.558340,14579
2016.560750,14580
2016.564720,14581
2016.565650,14583
2016.568340,14584
2016.576590,14585
2016.577440,14586
2016.578355,14587
2016.579660,14588
2016.587750,14589
2016.588340,14590
2016.590535,14591
2016.590540,14592
2016.598340,14593
2016.598340,14595
2016.598340,14596
2016.604207,14597
2016.604973,14598
2016.608340,14599
2016.612997,14600
2016.615030,14602
2016.618340,14603
2016.618340,14604
2016.618340,14609
2016.618340,14610
2016.618340,14611
2016.618340,14614
2016.628340,14615
2016.628340,14616
2016.638340,14617
2016.645440,14618
2016.651187,14619
2016.651525,14620
2016.653640,14621
2016.658105,14622
2016.658340,14624
2016.658573,14625
2016.663340,14626
2016.663940,14627
2016.664140,14628
2016.664230,14629
2016.664890,14630
2016.668340,14631
2016.668340,14632
2016.678340,14633
2016.679623,14634
2016.682070,14635
2016.682923,14636
2016.687120,14637
2016.688010,14638
2016.695070,14639
2016.696723,14640
2016.698340,14641
2016.698340,14642
2016.707834,14643
2016.707834,14644
2016.708340,14645
2016.714940,14646
2016.718260,14647
2016.718340,14651
2016.718340,14653
2016.718340,14655
2016.718340,14657
2016.718340,14658
2016.721695,14659
2016.728340,14660
2016.735460,14661
2016.736640,14662
2016.738340,14663
2016.743122,14664
2016.743340,14665
2016.745990,14666
2016.747940,14667
2016.758340,14668
2016.759773,14669
2016.767095,14670
2016.768540,14671
2016.774740,14672
2016.775840,14673
2016.777090,14674
2016.777137,14675
2016.777940,14676
2016.778340,14677
2016.778340,14680
2016.796640,14681
2016.798340,14682
2016.803340,14684
2016.803340,14685
2016.804510,14686
2016.804855,14687
2016.808340,14689
2016.808870,14690
2016.814273,14691
2016.818340,14700
2016.818340,14703
2016.819175,14704
2016.821140,14705
2016.826120,14706
2016.828340,14707
2016.828340,14708
2016.838680,14709
2016.840600,14710
2016.842130,14711
2016.843340,14712
2016.848340,14713
2016.849999,14714
2016.859640,14715
2016.861673,14716
2016.865693,14717
2016.874540,14718
2016.875590,14719
2016.878590,14720
2016.882953,14721
2016.888340,14722
2016.889040,14723
2016.889830,14724
2016.890330,14725
2016.891420,14726
2016.894790,14727
2016.896190,14728
2016.908340,14729
2016.908340,14730
2016.908340,14731
2016.910340,14732
2016.915440,14733
2016.918340,14734
2016.918340,14742
2016.918340,14743
2016.922400,14744
2016.928340,14745
2016.933340,14746
2016.934454,14747
2016.937180,14748
2016.941632,14749
2016.943773,14750
2016.943870,14751
2016.948340,14752
2016.951673,14753
2016.953340,14754
2016.953350,14755
2016.958340,14756
2016.958440,14757
2016.959330,14758
2016.966580,14759
2016.967718,14760
2016.967940,14761
2016.968340,14762
2016.968340,14763
2016.970090,14764
2016.973340,14765
2016.973590,14766
2016.974590,14767
2016.977973,14768
2016.982150,14770
2016.982895,14771
2016.983420,14772
2016.988340,14774
2016.988340,14775
2016.989360,14776
2016.989650,14777
2016.992760,14778
2016.995490,14779
2016.997920,14780
2016.998340,14781
2016.998340,14783
2017.000500,14785
2017.002140,14786
2017.003745,14787
2017.003862,14788
2017.005140,14789
2017.006360,14790
2017.008340,14791
2017.008340,14792
2017.008340,14795
2017.008800,14796
2017.018340,14798
2017.018340,14809
2017.018340,14825
2017.018340,14829
2017.018340,14833
2017.018340,14835
2017.018340,14836
2017.018350,14837
2017.023120,14838
2017.028340,14839
2017.029240,14840
2017.034442,14841
2017.038340,14842
2017.042080,14843
2017.043673,14844
2017.044760,14845
2017.047790,14846
2017.048340,14847
2017.048340,14848
2017.048645,14849
2017.056540,14850
2017.058198,14851
2017.058340,14852
2017.058340,14853
2017.059895,14854
2017.060840,14855
2017.062240,14856
2017.062888,14857
2017.063720,14860
2017.068340,14861
2017.068340,14862
2017.071890,14863
2017.076605,14864
2017.078240,14865
2017.078340,14867
2017.088340,14868
2017.092910,14869
2017.096780,14870
2017.104150,14871
2017.108540,14872
2017.109378,14873
2017.109875,14874
2017.110340,14875
2017.113340,14876
2017.118068,14877
2017.118340,14878
2017.118340,14879
2017.118340,14880
2017.125310,14881
2017.128340,14883
2017.129550,14884
2017.136488,14885
2017.139094,14886
2017.143380,14888
2017.144826,14889
2017.146517,14891
2017.151103,14892
2017.151815,14893
2017.157840,14894
2017.158340,14895
2017.159050,14898
2017.161546,14899
2017.167940,14900
2017.168340,14901
2017.172030,14902
2017.172250,14903
2017.175930,14904
2017.178340,14905
2017.184649,14906
2017.189530,14907
2017.190715,14908
2017.198340,14909
2017.200575,14910
2017.200640,14911
2017.203280,14912
2017.205690,14913
2017.205810,14914
2017.208340,14916
2017.208340,14917
2017.210120,14918
2017.217340,14919
2017.218340,14920
2017.218340,14925
2017.218340,14927
2017.218340,14931
2017.218340,14932
2017.219180,14933
2017.222585,14934
2017.224390,14936
2017.225540,14937
2017.228340,14938
2017.228340,14939
2017.228340,14940
2017.232558,14941
2017.233680,14942
2017.238340,14944
2017.238593,14945
2017.241985,14946
2017.243340,14947
2017.244100,14948
2017.249670,14951
2017.251680,14952
2017.253440,14953
2017.256480,14954
2017.257190,14955
2017.258240,14959
2017.258340,14960
2017.260156,14961
2017.261509,14962
2017.262225,14963
2017.262340,14964
2017.264905,14965
2017.267700,14966
2017.268340,14967
2017.270240,14968
2017.271607,14971
2017.274020,14972
2017.275512,14973
2017.276567,14974
2017.278340,14976
2017.278340,14979
2017.282215,14980
2017.284620,14981
2017.288340,14983
2017.294898,14984
2017.298100,14986
2017.298130,14987
2017.302040,14988
2017.302050,14989
2017.303505,14990
2017.308340,14991
2017.309380,14992
2017.313940,14993
2017.316806,14994
2017.318340,14995
2017.318340,14998
2017.318340,15001
2017.318340,15002
2017.321840,15003
2017.326640,15004
2017.327720,15005
2017.328340,15006
2017.330910,15007
2017.338080,15008
2017.338340,15010
2017.345580,15011
2017.348340,15014
2017.348340,15015
2017.360573,15016
2017.361540,15017
2017.363480,15018
2017.365230,15019
2017.368340,15020
2017.371285,15021
2017.372990,15022
2017.373745,15023
2017.375081,15024
2017.378340,15025
2017.384394,15026
2017.388340,15027
2017.388340,15028
2017.388755,15029
2017.392692,15030
2017.397590,15031
2017.397750,15032
2017.398340,15033
2017.401340,15034
2017.408340,15035
2017.408340,15037
2017.410095,15038
2017.410340,15039
2017.417441,15040
2017.418340,15044
2017.418340,15053
2017.418340,15054
2017.418340,15058
2017.418493,15059
2017.423340,15060
2017.426640,15061
2017.431740,15062
2017.444832,15063
2017.448340,15064
2017.448900,15065
2017.455540,15066
2017.458293,15067
2017.459980,15068
2017.462685,15069
2017.463260,15070
2017.465100,15071
2017.465120,15072
2017.468340,15073
2017.471732,15074
2017.472155,15075
2017.474250,15076
2017.474433,15077
2017.478290,15078
2017.481870,15079
2017.483440,15080
2017.488340,15081
2017.490550,15082
2017.496390,15083
2017.496530,15084
2017.506937,15085
2017.508340,15086
2017.511600,15087
2017.515530,15089
2017.518340,15093
2017.518340,15096
2017.518340,15109
2017.518340,15112
2017.518340,15114
2017.524090,15115
2017.528340,15116
2017.528340,15117
2017.538340,15118
2017.538825,15119
2017.540340,15120
2017.547640,15121
2017.548340,15122
2017.552840,15123
2017.554630,15124
2017.557140,15125
2017.558340,15126
2017.559940,15127
2017.561150,15128
2017.564250,15129
2017.565710,15130
2017.567040,15132
2017.568340,15133
2017.575040,15134
2017.575795,15135
2017.578340,15137
2017.581980,15138
2017.584750,15139
2017.586433,15140
2017.587243,15141
2017.588340,15142
2017.597920,15144
2017.598340,15145
2017.599590,15146
2017.601170,15147
2017.603540,15148
2017.607590,15149
2017.608340,15150
2017.611165,15151
2017.611270,15152
2017.618107,15153
2017.618340,15154
2017.618340,15156
2017.618340,15158
2017.618340,15160
2017.618340,15161
2017.622210,15164
2017.623140,15165
2017.628340,15166
2017.628940,15167
2017.637840,15168
2017.640670,15169
2017.643670,15170
2017.644740,15171
2017.646540,15172
2017.648340,15173
2017.648545,15174
2017.653320,15175
2017.653680,15176
2017.656555,15177
2017.657955,15179
2017.658340,15180
2017.665390,15181
2017.668340,15182
2017.668830,15183
2017.678340,15184
2017.680140,15185
2017.682150,15186
2017.684310,15187
2017.688340,15189
2017.688340,15190
2017.699840,15191
2017.700803,15192
2017.701023,15194
2017.701731,15195
2017.702340,15196
2017.708340,15198
2017.714290,15199
2017.716080,15200
2017.717800,15201
2017.718260,15202
2017.718340,15203
2017.718340,15204
2017.718340,15207
2017.718340,15208
2017.728340,15209
2017.728340,15210
2017.730020,15211
2017.734180,15212
2017.734550,15213
2017.737360,15216
2017.738600,15217
2017.739290,15218
2017.742225,15219
2017.744440,15220
2017.745510,15221
2017.751040,15222
2017.756340,15223
2017.758013,15224
2017.758340,15225
2017.758340,15226
2017.758340,15229
2017.760007,15230
2017.762340,15231
2017.766197,15232
2017.766484,15233
2017.768340,15234
2017.768940,15235
2017.776168,15236
2017.777740,15237
2017.782410,15238
2017.783890,15239
2017.784220,15240
2017.784680,15241
2017.788340,15242
2017.788340,15243
2017.788340,15244
2017.793340,15245
2017.795540,15246
2017.798790,15247
2017.803433,15248
2017.807975,15249
2017.811980,15250
2017.812267,15251
2017.818340,15252
2017.818340,15254
2017.820890,15255
2017.822450,15256
2017.828340,15257
2017.828740,15258
2017.830340,15259
2017.833290,15262
2017.833840,15263
2017.836026,15264
2017.838340,15265
2017.843340,15266
2017.846369,15267
2017.848340,15268
2017.850240,15269
2017.857667,15270
2017.857940,15271
2017.858240,15272
2017.858340,15273
2017.858340,15274
2017.860517,15275
2017.868940,15276
2017.876643,15277
2017.878340,15278
2017.882585,15279
2017.885007,15280
2017.885623,15281
2017.890290,15282
2017.891440,15283
2017.892114,15288
2017.893340,15289
2017.898680,15290
2017.908340,15291
2017.908340,15292
2017.913340,15293
2017.914640,15294
2017.914640,15295
2017.918340,15296
2017.918340,15298
2017.918340,15304
2017.918340,15307
2017.919940,15308
2017.928340,15309
2017.928340,15310
2017.931673,15311
2017.932040,15312
2017.933240,15313
2017.938340,15314
2017.938895,15315
2017.939340,15316
2017.940029,15317
2017.941673,15318
2017.944190,15319
2017.948340,15321
2017.948340,15323
2017.951845,15324
2017.952740,15325
2017.953340,15326
2017.956005,15327
2017.958340,15330
2017.964970,15331
2017.968340,15332
2017.970390,15333
2017.974961,15334
2017.978340,15335
2017.978340,15337
2017.981040,15338
2017.981090,15339
2017.983111,15340
2017.984580,15341
2017.988340,15343
2017.988340,15344
2017.988340,15345
2017.988340,15347
2017.988340,15348
2017.988890,15349
2017.997507,15350
2017.998340,15351
2017.998340,15352
2018.003240,15354
2018.005270,15355
2018.008340,15356
2018.009540,15357
2018.009740,15358
2018.012475,15359
2018.012640,15360
2018.017604,15361
2018.018340,15368
2018.018340,15405
2018.018340,15411
2018.018340,15417
2018.018340,15418
2018.018340,15419
2018.020710,15420
2018.025650,15421
2018.028340,15422
2018.029990,15423
2018.032025,15424
2018.035940,15425
2018.038340,15426
2018.039801,15427
2018.044438,15428
2018.046240,15429
2018.048340,15430
2018.050400,15431
2018.052679,15432
2018.054940,15433
2018.056010,15434
2018.058340,15435
2018.059930,15436
2018.067726,15437
2018.068340,15438
2018.068790,15439
2018.070380,15440
2018.073340,15441
2018.074580,15442
2018.074840,15443
2018.077758,15444
2018.078340,15445
2018.078340,15446
2018.081577,15447
2018.081975,15448
2018.083340,15449
2018.084100,15450
2018.084425,15451
2018.087110,15452
2018.087810,15453
2018.088340,15456
2018.088340,15457
2018.090090,15458
2018.091673,15459
2018.093340,15460
2018.096685,15461
2018.098340,15462
2018.101140,15463
2018.107190,15464
2018.107550,15465
2018.110840,15466
2018.112570,15467
2018.113691,15468
2018.116610,15469
2018.117360,15470
2018.118340,15473
2018.118340,15477
2018.118340,15482
2018.118340,15485
2018.118340,15486
2018.125070,15487
2018.129190,15488
2018.129240,15489
2018.133240,15490
2018.134029,15491
2018.136450,15492
2018.136935,15493
2018.138340,15494
2018.138340,15495
2018.139940,15496
2018.141673,15497
2018.143380,15498
2018.144665,15499
2018.146040,15500
2018.148340,15501
2018.148550,15502
2018.148575,15503
2018.153340,15504
2018.158340,15505
2018.161363,15507
2018.168340,15508
2018.168690,15509
2018.172060,15510
2018.175262,15511
2018.177140,15512
2018.178340,15514
2018.180090,15515
2018.181456,15516
2018.184875,15517
2018.192281,15518
2018.200940,15519
2018.208982,15520
2018.212790,15521
2018.217115,15522
2018.218340,15524
2018.218340,15527
2018.219583,15528
2018.221140,15529
2018.222140,15530
2018.223180,15531
2018.225140,15532
2018.226040,15533
2018.226140,15534
2018.227690,15535
2018.227890,15536
2018.233830,15537
2018.234919,15538
2018.235770,15539
2018.237263,15540
2018.238340,15541
2018.240840,15542
2018.242140,15543
2018.246347,15544
2018.248840,15545
2018.253400,15546
2018.255854,15547
2018.258340,15548
2018.258340,15549
2018.259450,15550
2018.261223,15551
2018.261597,15552
2018.268340,15553
2018.268340,15554
2018.271640,15555
2018.273340,15556
2018.274640,15557
2018.276540,15558
2018.281440,15559
2018.281673,15560
2018.284740,15561
2018.284940,15562
2018.284973,15563
2018.285160,15564
2018.285340,15565
2018.286165,15566
2018.287710,15567
2018.290310,15568
2018.291051,15569
2018.294910,15570
2018.298340,15571
2018.299390,15572
2018.308340,15574
2018.308620,15575
2018.311327,15576
2018.312140,15577
2018.318340,15581
2018.318340,15582
2018.318640,15583
2018.322662,15584
2018.323010,15585
2018.325640,15586
2018.327810,15587
2018.328340,15588
2018.334340,15589
2018.336740,15590
2018.337590,15591
2018.348020,15592
2018.352985,15593
2018.356790,15594
2018.368340,15595
2018.368340,15596
2018.371090,15597
2018.377716,15598
2018.385353,15599
2018.388226,15600
2018.388340,15601
2018.394070,15602
2018.395760,15603
2018.398340,15604
2018.398340,15605
2018.401191,15606
2018.404966,15607
2018.409907,15608
2018.411040,15609
2018.411850,15610
2018.413340,15611
2018.418340,15614
2018.418340,15616
2018.418340,15617
2018.418340,15623
2018.418340,15625
2018.418340,15629
2018.422110,15630
2018.422810,15631
2018.423340,15632
2018.425190,15633
2018.429690,15634
2018.432840,15635
2018.438340,15636
2018.438340,15638
2018.448340,15640
2018.455355,15641
2018.456807,15642
2018.457028,15643
2018.458340,15645
2018.458340,15646
2018.463510,15647
2018.464150,15649
2018.465900,15650
2018.468340,15653
2018.468340,15654
2018.472640,15656
2018.473740,15657
2018.474020,15658
2018.476130,15659
2018.476667,15660
2018.478340,15661
2018.480807,15662
2018.486347,15663
2018.488040,15664
2018.489040,15665
2018.491840,15666
2018.493340,15667
2018.498340,15668
2018.501970,15669
2018.502040,15670
2018.513340,15671
2018.514010,15672
2018.516655,15673
2018.517140,15674
2018.517160,15676
2018.518340,15677
2018.518340,15681
2018.518340,15685
2018.518340,15691
2018.518340,15694
2018.522606,15695
2018.528340,15696
2018.533245,15697
2018.533640,15698
2018.535396,15699
2018.538340,15700
2018.538690,15701
2018.541480,15702
2018.541550,15703
2018.545598,15704
2018.549060,15705
2018.549340,15706
2018.549670,15707
2018.551445,15708
2018.553140,15709
2018.558340,15710
2018.558580,15711
2018.560320,15712
2018.563000,15713
2018.568340,15715
2018.578240,15716
2018.578340,15717
2018.578340,15718
2018.579680,15719
2018.581765,15721
2018.582570,15723
2018.586040,15724
2018.586480,15725
2018.588340,15726
2018.588340,15727
2018.593080,15728
2018.598340,15729
2018.598340,15730
2018.600280,15731
2018.601940,15732
2018.605940,15734
2018.608340,15735
2018.617540,15736
2018.618340,15738
2018.618340,15741
2018.618340,15743
2018.619104,15744
2018.622040,15745
2018.624240,15746
2018.624686,15748
2018.628340,15749
2018.628340,15750
2018.633240,15751
2018.635007,15752
2018.636470,15753
2018.638340,15754
2018.638340,15756
2018.639871,15757
2018.642060,15758
2018.645420,15759
2018.648340,15760
2018.648340,15761
2018.649445,15762
2018.655704,15763
2018.656940,15764
2018.657380,15765
2018.660840,15766
2018.666190,15769
2018.668160,15770
2018.668340,15771
2018.670340,15772
2018.671525,15773
2018.672180,15774
2018.673960,15775
2018.676955,15776
2018.678140,15777
2018.678240,15778
2018.678340,15779
2018.680140,15780
2018.687502,15781
2018.688340,15782
2018.688340,15783
2018.688470,15784
2018.691540,15785
2018.691793,15786
2018.693000,15787
2018.694760,15788
2018.695525,15789
2018.697165,15790
2018.698340,15792
2018.702340,15793
2018.707487,15794
2018.708340,15795
2018.708340,15796
2018.715240,15797
2018.718340,15802
2018.718340,15804
2018.718340,15806
2018.718340,15808
2018.718340,15810
2018.725799,15811
2018.728315,15812
2018.733536,15813
2018.736340,15814
2018.738340,15817
2018.740470,15818
2018.743754,15819
2018.744840,15820
2018.752200,15822
2018.753540,15823
2018.755007,15824
2018.755520,15825
2018.755640,15826
2018.758340,15827
2018.760010,15828
2018.763340,15829
2018.767585,15830
2018.768340,15831
2018.770039,15832
2018.772800,15833
2018.773755,15834
2018.781886,15835
2018.781920,15836
2018.783340,15837
2018.784360,15838
2018.787785,15839
2018.792040,15840
2018.795273,15841
2018.795640,15842
2018.797780,15843
2018.798340,15844
2018.799000,15845
2018.800780,15846
2018.801040,15847
2018.802460,15848
2018.803340,15849
2018.804790,15850
2018.808340,15851
2018.808340,15852
2018.808340,15853
2018.808690,15854
2018.812520,15855
2018.815260,15856
2018.817940,15857
2018.818340,15858
2018.818340,15860
2018.818340,15862
2018.818340,15867
2018.818340,15875
2018.828340,15876
2018.830200,15877
2018.833340,15878
2018.833550,15879
2018.836673,15880
2018.836940,15881
2018.843775,15882
2018.844740,15883
2018.847320,15884
2018.848340,15885
2018.848340,15886
2018.851420,15887
2018.853080,15888
2018.854036,15889
2018.854340,15890
2018.854390,15891
2018.856970,15892
2018.858340,15893
2018.858340,15894
2018.858340,15896
2018.861490,15897
2018.869590,15898
2018.878340,15899
2018.878340,15900
2018.878340,15901
2018.878570,15902
2018.878640,15906
2018.884773,15907
2018.887200,15908
2018.887955,15909
2018.888340,15910
2018.903540,15911
2018.906520,15912
2018.906691,15913
2018.907210,15914
2018.907900,15915
2018.908340,15916
2018.908340,15917
2018.909100,15918
2018.911970,15919
2018.918290,15920
2018.918340,15929
2018.918340,15935
2018.923489,15937
2018.925750,15938
2018.925980,15939
2018.926740,15940
2018.927090,15941
2018.928350,15942
2018.931580,15943
2018.935140,15944
2018.938340,15945
2018.938430,15946
2018.941737,15947
2018.948340,15949
2018.948340,15950
2018.948340,15952
2018.953340,15953
2018.957540,15954
2018.958340,15955
2018.963340,15956
2018.964123,15957
2018.964330,15958
2018.968340,15959
2018.968340,15960
2018.975280,15961
2018.981240,15962
2018.982670,15964
2018.983340,15965
2018.985174,15966
2018.985310,15967
2018.993340,15968
2018.993607,15969
2018.999820,15970
2019.000063,15971
2019.000800,15972
2019.003440,15973
2019.004990,15974
2019.006540,15975
2019.010025,15976
2019.013716,15978
2019.018340,15981
2019.018340,15996
2019.018340,16000
2019.018340,16008
2019.018340,16010
2019.024040,16011
2019.028340,16012
2019.028340,16014
2019.028340,16015
2019.028840,16016
2019.038340,16017
2019.038340,16018
2019.051115,16019
2019.054840,16020
2019.055273,16021
2019.055502,16022
2019.056940,16023
2019.058340,16024
2019.059440,16025
2019.068040,16026
2019.072657,16027
2019.074490,16028
2019.078340,16029
2019.078340,16030
2019.081440,16031
2019.085760,16032
2019.087440,16033
2019.087995,16034
2019.088340,16035
2019.089020,16036
2019.089353,16037
2019.090660,16038
2019.097820,16039
2019.098320,16040
2019.098340,16041
2019.100640,16042
2019.100715,16043
2019.101124,16044
2019.107190,16045
2019.108210,16046
2019.108340,16047
2019.108340,16048
2019.109560,16049
2019.112310,16050
2019.112310,16052
2019.114240,16053
2019.115640,16054
2019.115940,16055
2019.116570,16056
2019.117340,16057
2019.118340,16058
2019.118340,16060
2019.118340,16065
2019.118340,16066
2019.125743,16067
2019.128340,16068
2019.128340,16069
2019.135127,16070
2019.137460,16071
2019.137960,16072
2019.138340,16073
2019.147407,16074
2019.148340,16076
2019.148380,16077
2019.156080,16078
2019.158340,16081
2019.158340,16082
2019.158340,16083
2019.161379,16084
2019.167140,16085
2019.168340,16086
2019.168340,16087
2019.169050,16088
2019.173877,16089
2019.174537,16090
2019.176295,16091
2019.176550,16092
2019.182980,16093
2019.185523,16094
2019.187120,16095
2019.187525,16096
2019.188340,16097
2019.188340,16098
2019.188340,16099
2019.189053,16100
2019.190560,16101
2019.191040,16102
2019.191607,16103
2019.193410,16104
2019.196400,16105
2019.198340,16106
2019.201940,16107
2019.203875,16108
2019.208340,16110
2019.208340,16111
2019.208400,16113
2019.208813,16114
2019.209405,16115
2019.212840,16116
2019.214580,16117
2019.217540,16118
2019.218340,16121
2019.218340,16123
2019.218340,16125
2019.218340,16126
2019.226280,16128
2019.228340,16129
2019.228340,16130
2019.228740,16131
2019.233440,16132
2019.233875,16134
2019.234820,16135
2019.234840,16136
2019.240220,16137
2019.245690,16138
2019.248340,16140
2019.248340,16141
2019.249307,16142
2019.253160,16144
2019.253340,16145
2019.253560,16146
2019.254327,16147
2019.257320,16148
2019.258340,16150
2019.261140,16151
2019.262670,16152
2019.263831,16153
2019.268340,16154
2019.278340,16155
2019.278340,16156
2019.278340,16157
2019.284335,16158
2019.285240,16159
2019.288340,16160
2019.291638,16161
2019.292755,16162
2019.293800,16163
2019.295740,16164
2019.298340,16165
2019.298340,16166
2019.306930,16168
2019.308340,16170
2019.313640,16171
2019.315911,16172
2019.318340,16176
2019.318340,16181
2019.321953,16182
2019.325640,16183
2019.328340,16184
2019.328340,16185
2019.329823,16186
2019.337200,16187
2019.342800,16188
2019.344630,16190
2019.348340,16191
2019.351340,16192
2019.358340,16193
2019.358840,16196
2019.359640,16197
2019.359873,16198
2019.361285,16199
2019.362486,16200
2019.362740,16201
2019.368357,16202
2019.372890,16203
2019.373490,16204
2019.375340,16205
2019.378340,16206
2019.382640,16207
2019.383540,16208
2019.388340,16209
2019.390530,16210
2019.394770,16211
2019.398870,16212
2019.399775,16213
2019.402960,16214
2019.408340,16215
2019.414230,16216
2019.415450,16217
2019.418340,16218
2019.418340,16221
2019.418340,16223
2019.418340,16226
2019.421840,16227
2019.427518,16228
2019.428340,16229
2019.438340,16230
2019.438340,16231
2019.438340,16232
2019.441940,16233
2019.443340,16234
2019.448340,16236
2019.448340,16237
2019.448340,16238
2019.452760,16239
2019.453340,16240
2019.455900,16241
2019.457440,16242
2019.458340,16245
2019.459660,16246
2019.461450,16247
2019.465385,16248
2019.465640,16249
2019.471195,16250
2019.472953,16251
2019.474140,16252
2019.477840,16253
2019.478340,16254
2019.479940,16255
2019.483075,16256
2019.483977,16257
2019.484843,16258
2019.488010,16259
2019.488340,16260
2019.488340,16261
2019.489340,16262
2019.490260,16263
2019.493405,16264
2019.495080,16265
2019.503825,16266
2019.504250,16268
2019.506440,16269
2019.507990,16270
2019.508340,16271
2019.508340,16272
2019.512340,16273
2019.513340,16274
2019.515430,16275
2019.518295,16276
2019.518340,16280
2019.518340,16282
2019.518340,16286
2019.519000,16287
2019.522740,16288
2019.525740,16289
2019.527057,16291
2019.528040,16292
2019.528340,16293
2019.528840,16294
2019.533670,16295
2019.537740,16296
2019.543340,16297
2019.544405,16298
2019.545055,16299
2019.548340,16300
2019.548340,16302
2019.548340,16304
2019.548844,16305
2019.550716,16308
2019.551368,16309
2019.553280,16310
2019.553340,16311
2019.553440,16312
2019.554660,16313
2019.558230,16314
2019.558340,16315
2019.561390,16316
2019.565040,16317
2019.568340,16318
2019.568591,16319
2019.573240,16320
2019.573333,16321
2019.574570,16322
2019.577180,16323
2019.578340,16325
2019.578340,16326
2019.578440,16327
2019.583340,16328
2019.584530,16329
2019.588340,16331
2019.588340,16332
2019.588340,16333
2019.590540,16334
2019.591940,16335
2019.594650,16336
2019.608340,16337
2019.613382,16338
2019.618340,16339
2019.618340,16340
2019.619240,16341
2019.625980,16342
2019.628340,16344
2019.628340,16345
2019.631830,16346
2019.631960,16347
2019.633980,16348
2019.638340,16350
2019.638340,16351
2019.640940,16352
2019.643660,16353
2019.645920,16354
2019.648340,16355
2019.649640,16356
2019.652695,16357
2019.656838,16358
2019.658340,16359
2019.659890,16360
2019.660740,16361
2019.665490,16362
2019.665912,16363
2019.666940,16364
2019.668740,16365
2019.670610,16366
2019.671760,16367
2019.673080,16368
2019.673585,16369
2019.673970,16370
2019.676440,16371
2019.677919,16372
2019.678340,16374
2019.682940,16375
2019.682965,16376
2019.684740,16377
2019.684942,16378
2019.685840,16379
2019.686520,16380
2019.686760,16381
2019.688110,16382
2019.688340,16383
2019.693370,16384
2019.697940,16385
2019.698340,16386
2019.700840,16387
2019.704991,16388
2019.705150,16389
2019.706240,16390
2019.708340,16391
2019.708340,16394
2019.708340,16395
2019.712797,16397
2019.714500,16398
2019.718340,16402
2019.718340,16403
2019.718340,16404
2019.718340,16406
2019.718340,16409
2019.721940,16410
2019.723725,16411
2019.728340,16412
2019.728340,16413
2019.732510,16414
2019.735201,16415
2019.736630,16416
2019.737510,16417
2019.738340,16419
2019.748340,16421
2019.748340,16422
2019.751350,16423
2019.751673,16424
2019.753550,16425
2019.755037,16427
2019.755940,16428
2019.756988,16429
2019.758340,16430
2019.762040,16431
2019.771840,16432
2019.778340,16433
2019.780950,16435
2019.781040,16436
2019.789007,16437
2019.789640,16438
2019.790310,16439
2019.792430,16440
2019.798340,16441
2019.798340,16442
2019.803100,16443
2019.805410,16444
2019.808240,16445
2019.809290,16446
2019.810380,16447
2019.812860,16448
2019.813540,16449
2019.814340,16450
2019.815285,16451
2019.818340,16453
2019.818340,16455
2019.818340,16456
2019.818340,16459
2019.818340,16461
2019.818340,16462
2019.819219,16463
2019.826570,16464
2019.830370,16465
2019.831140,16466
2019.833465,16467
2019.835565,16468
2019.835670,16469
2019.838340,16471
2019.839780,16472
2019.839880,16473
2019.847820,16474
2019.848307,16476
2019.851003,16477
2019.858340,16478
2019.860550,16479
2019.862100,16480
2019.863340,16481
2019.863355,16482
2019.866240,16483
2019.868340,16484
2019.869840,16485
2019.871321,16486
2019.875995,16487
2019.876840,16488
2019.878340,16489
2019.878340,16490
2019.878340,16491
2019.879190,16492
2019.879673,16493
2019.882740,16494
2019.885355,16495
2019.885777,16496
2019.887560,16497
2019.892265,16498
2019.897090,16499
2019.897940,16502
2019.898340,16503
2019.899620,16504
2019.901675,16505
2019.902530,16506
2019.903640,16507
2019.908340,16510
2019.908645,16511
2019.910630,16512
2019.918340,16515
2019.918340,16517
2019.918340,16519
2019.918340,16520
2019.918340,16522
2019.921090,16523
2019.923340,16524
2019.923437,16528
2019.926240,16530
2019.927676,16531
2019.930095,16533
2019.935568,16534
2019.938827,16535
2019.942440,16536
2019.947190,16537
2019.948340,16538
2019.948340,16539
2019.951653,16540
2019.953340,16541
2019.953530,16542
2019.956040,16543
2019.957518,16544
2019.958340,16548
2019.960980,16549
2019.966640,16550
2019.969870,16551
2019.978340,16552
2019.981640,16553
2019.983403,16554
2019.984005,16555
2019.986350,16556
2019.988340,16557
2019.988340,16558
2019.990525,16559
2019.995685,16560
2019.996086,16561
2019.998340,16562
2019.998340,16564
2019.998340,16565
2020.001710,16566
2020.008240,16567
2020.008340,16568
2020.012153,16569
2020.012530,16570
2020.012942,16571
2020.013940,16572
2020.016268,16573
2020.016482,16574
2020.017680,16575
2020.018340,16577
2020.018340,16588
2020.018340,16601
2020.018340,16610
2020.018340,16613
2020.018340,16614
2020.020390,16615
2020.020520,16616
2020.021725,16617
2020.028340,16618
2020.028340,16619
2020.031670,16620
2020.032330,16622
2020.033000,16623
2020.033340,16624
2020.035657,16625
2020.038340,16627
2020.038340,16628
2020.041700,16629
2020.045295,16630
2020.055007,16631
2020.058340,16632
2020.058340,16633
2020.059790,16634
2020.062490,16635
2020.064140,16636
2020.066940,16638
2020.074550,16639
2020.078340,16640
2020.078340,16641
2020.082755,16642
2020.085470,16643
2020.085870,16644
2020.085870,16645
2020.086060,16646
2020.086541,16647
2020.089410,16648
2020.090840,16649
2020.092205,16650
2020.095151,16652
2020.098767,16653
2020.098975,16654
2020.106540,16655
2020.108340,16656
2020.110040,16657
2020.110819,16658
2020.111690,16659
2020.112200,16660
2020.113940,16661
2020.116750,16662
2020.118340,16664
2020.118340,16665
2020.118340,16667
2020.118340,16668
2020.119930,16669
2020.126480,16670
2020.126740,16671
2020.128340,16672
2020.131240,16673
2020.138240,16675
2020.140139,16676
2020.141730,16677
2020.145070,16678
2020.148340,16679
2020.155290,16680
2020.163281,16681
2020.163340,16682
2020.164525,16683
2020.168340,16684
2020.168340,16685
2020.168535,16686
2020.168860,16687
2020.173710,16689
2020.179870,16690
2020.181140,16691
2020.185290,16692
2020.188340,16693
2020.191190,16694
2020.196766,16695
2020.198320,16696
2020.198340,16697
2020.198340,16698
2020.202920,16699
2020.203040,16700
2020.204920,16701
2020.208340,16704
2020.208340,16705
2020.209840,16706
2020.213240,16707
2020.214110,16708
2020.216507,16709
2020.218340,16711
2020.218340,16714
2020.218340,16719
2020.218340,16722
2020.218925,16723
2020.219285,16724
2020.220440,16725
2020.220840,16726
2020.221458,16727
2020.228340,16729
2020.228940,16730
2020.230740,16731
2020.231580,16732
2020.243340,16733
2020.244340,16734
2020.245347,16735
2020.245940,16736
2020.257090,16737
2020.257653,16738
2020.258340,16741
2020.259540,16742
2020.261507,16743
2020.268540,16744
2020.270883,16745
2020.273010,16746
2020.277940,16747
2020.278340,16749
2020.278340,16750
2020.280250,16751
2020.280940,16752
2020.285940,16753
2020.286440,16754
2020.286480,16755
2020.289180,16756
2020.290090,16757
2020.290340,16758
2020.291420,16759
2020.293870,16760
2020.294110,16761
2020.294510,16762
2020.295040,16763
2020.295160,16764
2020.297050,16765
2020.298340,16766
2020.298340,16767
2020.298640,16768
2020.298677,16769
2020.300235,16771
2020.303909,16772
2020.304840,16773
2020.307220,16774
2020.308340,16775
2020.310540,16776
2020.314580,16777
2020.316000,16778
2020.318340,16782
2020.318340,16785
2020.318340,16787
2020.318340,16788
2020.318340,16791
2020.318340,16793
2020.318640,16794
2020.321550,16795
2020.323140,16796
2020.332937,16797
2020.333057,16798
2020.334525,16799
2020.338340,16801
2020.338340,16803
2020.340141,16805
2020.340830,16806
2020.344673,16807
2020.345141,16808
2020.348340,16809
2020.348340,16810
2020.350240,16811
2020.350340,16812
2020.354846,16813
2020.355390,16814
2020.355570,16815
2020.355780,16816
2020.358340,16819
2020.361640,16820
2020.368340,16822
2020.371180,16823
2020.372620,16824
2020.374920,16825
2020.377620,16826
2020.378340,16827
2020.380540,16828
2020.383340,16829
2020.388340,16830
2020.393310,16831
2020.394800,16832
2020.398290,16833
2020.398340,16837
2020.399036,16838
2020.405835,16839
2020.408340,16842
2020.408340,16843
2020.408650,16844
2020.413740,16845
2020.418340,16846
2020.418340,16847
2020.418340,16850
2020.418340,16852
2020.422010,16853
2020.423340,16854
2020.424150,16855
2020.426580,16856
2020.428340,16857
2020.428445,16858
2020.438340,16859
2020.438340,16860
2020.441282,16861
2020.447730,16862
2020.448560,16863
2020.450440,16864
2020.457510,16866
2020.458340,16867
2020.458340,16869
2020.460993,16870
2020.461040,16871
2020.461725,16872
2020.465820,16873
2020.466331,16874
2020.468090,16875
2020.468340,16878
2020.469080,16879
2020.471125,16880
2020.471490,16881
2020.473140,16882
2020.477415,16883
2020.477650,16884
2020.477790,16885
2020.478340,16889
2020.478340,16890
2020.478340,16891
2020.479080,16892
2020.480838,16893
2020.483240,16894
2020.483340,16895
2020.486190,16896
2020.486535,16897
2020.487840,16898
2020.488340,16899
2020.489378,16900
2020.489577,16901
2020.490320,16902
2020.491418,16903
2020.493340,16904
2020.493340,16905
2020.493471,16906
2020.498412,16907
2020.501810,16909
2020.505190,16910
2020.506340,16911
2020.508340,16912
2020.508340,16913
2020.513040,16914
2020.514465,16915
2020.515140,16916
2020.516312,16917
2020.516565,16918
2020.518340,16920
2020.518340,16924
2020.518340,16925
2020.518340,16926
2020.521340,16927
2020.521820,16928
2020.522680,16930
2020.526260,16931
2020.528340,16932
2020.528340,16933
2020.532380,16934
2020.539980,16935
2020.544882,16937
2020.548340,16939
2020.548340,16940
2020.550160,16941
2020.553300,16942
2020.556810,16943
2020.558340,16944
2020.558340,16945
2020.559330,16946
2020.561730,16947
2020.563340,16948
2020.565420,16949
2020.568340,16950
2020.568340,16951
2020.575215,16952
2020.578340,16953
2020.580360,16954
2020.581250,16955
2020.582840,16956
2020.583430,16957
2020.585340,16958
2020.588340,16959
2020.588340,16960
2020.588340,16961
2020.591221,16962
2020.591230,16963
2020.592540,16964
2020.593020,16965
2020.598340,16966
2020.600960,16967
2020.602340,16968
2020.604185,16969
2020.604840,16970
2020.608340,16971
2020.609700,16972
2020.610940,16973
2020.615007,16974
2020.616287,16975
2020.618340,16979
2020.618340,16989
2020.618340,16993
2020.618340,16997
2020.618340,17001
2020.620590,17002
2020.633340,17003
2020.635540,17004
2020.637460,17005
2020.638340,17010
2020.638340,17011
2020.642070,17012
2020.644180,17013
2020.648340,17015
2020.652620,17016
2020.656920,17017
2020.658340,17018
2020.661180,17019
2020.661840,17020
2020.662040,17021
2020.663410,17022
2020.665240,17023
2020.667200,17025
2020.667473,17026
2020.668340,17027
2020.668340,17029
2020.668340,17030
2020.672090,17031
2020.673340,17032
2020.683240,17033
2020.687275,17034
2020.688340,17035
2020.695770,17036
2020.696135,17037
2020.696183,17038
2020.697940,17039
2020.698340,17040
2020.699290,17041
2020.700390,17042
2020.707340,17043
2020.708340,17045
2020.708340,17046
2020.709100,17047
2020.711385,17048
2020.715010,17049
2020.718340,17051
2020.718340,17059
2020.718340,17061
2020.718340,17063
2020.718740,17064
2020.728340,17065
2020.731590,17066
2020.733040,17067
2020.738340,17068
2020.741660,17069
2020.741673,17070
2020.748340,17071
2020.748340,17072
2020.751340,17073
2020.752470,17074
2020.757040,17075
2020.757535,17076
2020.758340,17078
2020.758340,17080
2020.758960,17081
2020.761670,17082
2020.763340,17083
2020.765285,17084
2020.765380,17085
2020.766320,17086
2020.766480,17087
2020.766630,17088
2020.772297,17089
2020.772405,17090
2020.773340,17091
2020.775360,17093
2020.781871,17094
2020.782871,17095
2020.784497,17096
2020.787550,17097
2020.788270,17098
2020.788340,17100
2020.788340,17101
2020.793540,17102
2020.793540,17103
2020.798960,17104
2020.800340,17105
2020.808340,17106
2020.808730,17107
2020.811310,17108
2020.813610,17109
2020.817840,17110
2020.818340,17114
2020.818340,17115
2020.818340,17123
2020.818340,17125
2020.818390,17127
2020.818970,17128
2020.820740,17129
2020.820930,17130
2020.823340,17131
2020.823873,17132
2020.829050,17133
2020.829120,17134
2020.833147,17135
2020.834495,17136
2020.838010,17137
2020.838340,17140
2020.839640,17141
2020.841655,17142
2020.842265,17143
2020.843337,17144
2020.848340,17146
2020.848340,17148
2020.849840,17149
2020.855740,17150
2020.858220,17151
2020.862060,17152
2020.864312,17153
2020.868230,17154
2020.868550,17155
2020.873004,17156
2020.873340,17157
2020.875223,17158
2020.878340,17159
2020.878340,17160
2020.880840,17161
2020.881640,17162
2020.886589,17163
2020.887440,17164
2020.888150,17165
2020.888340,17168
2020.891546,17169
2020.895040,17170
2020.895915,17171
2020.896062,17172
2020.897110,17173
2020.898340,17174
2020.898340,17175
2020.899640,17176
2020.904750,17177
2020.908340,17178
2020.913805,17179
2020.914765,17180
2020.914770,17181
2020.917346,17182
2020.918340,17186
2020.918340,17188
2020.918340,17191
2020.918340,17192
2020.921180,17193
2020.922640,17194
2020.926230,17195
2020.928340,17196
2020.928340,17197
2020.928340,17198
2020.928340,17200
2020.932927,17201
2020.934360,17202
2020.936250,17203
2020.944140,17204
2020.944575,17205
2020.948185,17206
2020.948340,17207
2020.948340,17208
2020.949590,17209
2020.950273,17210
2020.956290,17211
2020.958500,17212
2020.964990,17213
2020.968340,17216
2020.976540,17217
2020.983340,17219
2020.983440,17220
2020.984440,17221
2020.984940,17222
2020.986240,17223
2020.988340,17224
2020.993290,17225
2020.994720,17226
2020.996063,17227
2020.998340,17228
2020.998340,17229
2021.008340,17230
2021.008340,17231
2021.008840,17232
2021.009280,17233
2021.014280,17234
2021.017710,17235
2021.017800,17236
2021.018340,17238
2021.018340,17246
2021.018340,17261
2021.018340,17273
2021.018340,17279
2021.018340,17281
2021.019780,17282
2021.020450,17283
2021.024520,17284
2021.028927,17285
2021.031740,17286
2021.032040,17287
2021.033070,17288
2021.034545,17289
2021.034550,17290
2021.038340,17291
2021.038640,17292
2021.047520,17293
2021.048340,17294
2021.048340,17296
2021.048955,17297
2021.049290,17298
2021.053240,17299
2021.055700,17300
2021.060340,17301
2021.064132,17302
2021.066540,17303
2021.067765,17304
2021.075320,17305
2021.082850,17306
2021.085365,17307
2021.085805,17308
2021.088340,17309
2021.088340,17310
2021.088340,17311
2021.092633,17312
2021.093390,17313
2021.093680,17314
2021.096190,17315
2021.098340,17317
2021.098340,17318
2021.098910,17319
2021.101320,17320
2021.101975,17321
2021.102450,17322
2021.105673,17323
2021.108340,17324
2021.108340,17325
2021.109666,17326
2021.110390,17327
2021.113835,17328
2021.117915,17329
2021.118340,17331
2021.118340,17332
2021.118340,17335
2021.118930,17336
2021.119383,17337
2021.119440,17338
2021.121040,17339
2021.121673,17340
2021.124590,17341
2021.124994,17342
2021.128340,17343
2021.131760,17344
2021.132030,17345
2021.132540,17346
2021.135640,17348
2021.135707,17349
2021.136630,17350
2021.138340,17351
2021.141845,17352
2021.145920,17353
2021.148340,17354
2021.148340,17355
2021.151576,17356
2021.151673,17357
2021.153340,17358
2021.155548,17359
2021.158340,17361
2021.159190,17362
2021.167280,17363
2021.168140,17364
2021.168340,17365
2021.168340,17366
2021.173340,17367
2021.174950,17368
2021.178340,17369
2021.179167,17370
2021.179277,17371
2021.180924,17372
2021.185007,17373
2021.186158,17374
2021.187160,17375
2021.188340,17376
2021.188340,17377
2021.191240,17378
2021.193340,17379
2021.196990,17380
2021.198040,17381
2021.198042,17382
2021.198340,17383
2021.198575,17384
2021.200031,17385
2021.203690,17386
2021.212790,17387
2021.214560,17388
2021.216290,17389
2021.217310,17390
2021.217310,17391
2021.218340,17393
2021.218340,17396
2021.218340,17397
2021.218340,17398
2021.218340,17400
2021.218340,17402
2021.222590,17403
2021.227640,17404
2021.228445,17405
2021.228605,17406
2021.238340,17407
2021.240140,17408
2021.243040,17409
2021.248340,17410
2021.248840,17411
2021.251590,17412
2021.254640,17413
2021.258340,17414
2021.258430,17415
2021.259150,17416
2021.260860,17417
2021.262045,17418
2021.262630,17419
2021.265190,17420
2021.272890,17421
2021.273340,17422
2021.276540,17423
2021.278340,17424
2021.278340,17425
2021.280340,17426
2021.280740,17427
2021.282614,17429
2021.284240,17430
2021.287410,17431
2021.288340,17432
2021.298340,17433
2021.300350,17434
2021.303160,17435
2021.303540,17436
2021.303763,17437
2021.305020,17438
2021.306634,17439
2021.308340,17440
2021.309750,17443
2021.310690,17444
2021.311608,17445
2021.311755,17446
2021.311840,17447
2021.314270,17448
2021.318340,17450
2021.318340,17453
2021.318340,17459
2021.318340,17461
2021.318340,17463
2021.320670,17464
2021.322405,17465
2021.322409,17466
2021.325235,17467
2021.327940,17468
2021.328340,17470
2021.328340,17472
2021.329020,17473
2021.329240,17474
2021.335740,17475
2021.338340,17476
2021.338340,17477
2021.339190,17478
2021.341440,17479
2021.346840,17480
2021.348340,17481
2021.353711,17482
2021.356240,17483
2021.359340,17486
2021.360270,17487
2021.360490,17488
2021.363340,17489
2021.365945,17490
2021.366210,17491
2021.366545,17492
2021.367600,17493
2021.368340,17494
2021.368340,17496
2021.369940,17497
2021.370390,17498
2021.373340,17499
2021.375640,17500
2021.388340,17501
2021.397640,17502
2021.399563,17503
2021.400803,17504
2021.409050,17505
2021.409610,17506
2021.413340,17507
2021.417340,17508
2021.418340,17514
2021.418340,17518
2021.418340,17520
2021.418340,17522
2021.418340,17531
2021.418340,17532
2021.423340,17533
2021.428340,17536
2021.428340,17538
2021.428740,17539
2021.429330,17540
2021.433829,17541
2021.436940,17542
2021.438340,17544
2021.442910,17545
2021.443113,17546
2021.444240,17547
2021.445740,17548
2021.446275,17549
2021.448465,17550
2021.453340,17551
2021.456460,17552
2021.458340,17556
2021.458720,17557
2021.458890,17558
2021.467740,17559
2021.468340,17560
2021.468340,17563
2021.468680,17564
2021.472062,17565
2021.472340,17567
2021.473640,17568
2021.473820,17569
2021.478340,17570
2021.479440,17571
2021.488340,17572
2021.490430,17573
2021.495905,17574
2021.498340,17575
2021.498340,17576
2021.498340,17578
2021.501640,17579
2021.505007,17580
2021.505467,17581
2021.507045,17582
2021.508340,17583
2021.518340,17588
2021.518340,17589
2021.518340,17591
2021.518340,17592
2021.518340,17593
2021.518340,17594
2021.523930,17595
2021.524410,17596
2021.528620,17597
2021.530840,17598
2021.533353,17599
2021.538340,17600
2021.538340,17601
2021.538340,17602
2021.539173,17603
2021.539740,17605
2021.540000,17606
2021.542266,17607
2021.542460,17608
2021.545580,17610
2021.550040,17611
2021.551200,17612
2021.551921,17613
2021.553737,17614
2021.554140,17615
2021.555460,17616
2021.558340,17618
2021.558340,17620
2021.558340,17621
2021.560040,17622
2021.560209,17623
2021.561499,17624
2021.562830,17625
2021.563590,17626
2021.565680,17627
2021.567330,17628
2021.567640,17629
2021.568340,17630
2021.568340,17631
2021.568340,17633
2021.571043,17634
2021.571210,17635
2021.573340,17636
2021.576014,17637
2021.576740,17638
2021.577490,17639
2021.578340,17640
2021.584280,17641
2021.586590,17642
2021.590465,17643
2021.593340,17644
2021.596940,17645
2021.597940,17646
2021.598340,17647
2021.598340,17648
2021.598340,17649
2021.601140,17650
2021.605205,17651
2021.606207,17652
2021.608340,17653
2021.618340,17654
2021.618340,17657
2021.618340,17659
2021.618340,17660
2021.618340,17662
2021.619348,17663
2021.626520,17665
2021.626840,17666
2021.628100,17667
2021.631540,17668
2021.634310,17669
2021.635070,17670
2021.636440,17671
2021.636700,17672
2021.649040,17673
2021.649290,17674
2021.649580,17675
2021.649980,17676
2021.653548,17677
2021.654620,17678
2021.655797,17679
2021.655840,17680
2021.658340,17681
2021.658340,17683
2021.658380,17684
2021.660140,17685
2021.660740,17686
2021.661335,17687
2021.661540,17688
2021.669990,17689
2021.671490,17690
2021.676340,17691
2021.677440,17692
2021.678340,17693
2021.680390,17694
2021.681950,17695
2021.682490,17696
2021.683607,17697
2021.686615,17698
2021.687040,17699
2021.688900,17700
2021.694840,17701
2021.696640,17702
2021.697000,17704
2021.698260,17705
2021.698340,17706
2021.699540,17707
2021.708340,17708
2021.708530,17711
2021.714560,17712
2021.716460,17713
2021.718340,17727
2021.718340,17728
2021.718340,17729
2021.719340,17730
2021.721770,17731
2021.722020,17732
2021.724848,17734
2021.725290,17735
2021.728340,17737
2021.728340,17738
2021.729800,17739
2021.730740,17740
2021.733643,17741
2021.735467,17742
2021.738340,17744
2021.738340,17745
2021.738340,17746
2021.740740,17747
2021.742926,17748
2021.744510,17749
2021.744660,17750
2021.746866,17751
2021.747780,17752
2021.748340,17753
2021.753352,17754
2021.754620,17755
2021.754960,17756
2021.755220,17757
2021.755440,17758
2021.756630,17759
2021.758340,17760
2021.761285,17761
2021.768340,17762
2021.768340,17763
2021.768340,17764
2021.768340,17765
2021.771455,17766
2021.776970,17767
2021.776970,17768
2021.778340,17769
2021.788340,17771
2021.788340,17772
2021.788340,17773
2021.788340,17774
2021.790074,17775
2021.792440,17776
2021.793240,17777
2021.801340,17778
2021.803340,17779
2021.803740,17780
2021.804260,17781
2021.806240,17782
2021.809100,17783
2021.810733,17786
2021.811940,17787
2021.817570,17789
2021.818340,17790
2021.818340,17792
2021.818340,17794
2021.818340,17797
2021.825440,17798
2021.826420,17799
2021.827456,17800
2021.828050,17801
2021.828340,17802
2021.830005,17803
2021.833757,17804
2021.841140,17805
2021.843340,17806
2021.847210,17807
2021.847683,17808
2021.848140,17809
2021.848340,17812
2021.853301,17813
2021.853440,17815
2021.853680,17816
2021.856330,17817
2021.858340,17818
2021.861330,17820
2021.865275,17821
2021.868340,17822
2021.875030,17824
2021.876540,17826
2021.877140,17827
2021.878340,17828
2021.878470,17829
2021.879160,17830
2021.882340,17831
2021.882360,17832
2021.882700,17833
2021.888340,17834
2021.892140,17835
2021.895458,17836
2021.898050,17837
2021.898340,17838
2021.899025,17839
2021.906160,17840
2021.906640,17841
2021.907740,17842
2021.908340,17843
2021.911340,17844
2021.916244,17845
2021.917211,17846
2021.918340,17847
2021.918340,17849
2021.918340,17856
2021.918340,17857
2021.921959,17858
2021.927840,17859
2021.930613,17860
2021.933340,17861
2021.934430,17862
2021.937050,17863
2021.937371,17864
2021.937670,17865
2021.938040,17866
2021.938340,17867
2021.939740,17868
2021.945370,17869
2021.945540,17870
2021.945765,17871
2021.946200,17872
2021.947610,17873
2021.948340,17875
2021.948340,17876
2021.950780,17877
2021.952430,17878
2021.952733,17879
2021.953460,17880
2021.959440,17881
2021.963440,17882
2021.965563,17883
2021.968313,17884
2021.968340,17885
2021.968340,17886
2021.968878,17887
2021.970764,17888
2021.973370,17890
2021.973370,17892
2021.975630,17893
2021.978340,17894
2021.978340,17896
2021.981743,17897
2021.982790,17898
2021.988340,17901
2021.988340,17903
2021.995178,17904
2021.995740,17905
2021.998340,17906
2021.998340,17907
2021.998340,17908
2022.002840,17909
2022.003340,17910
2022.006340,17911
2022.007200,17912
2022.007500,17913
2022.008340,17914
2022.010960,17915
2022.016730,17916
2022.018340,17918
2022.018340,17922
2022.018340,17940
2022.018340,17949
2022.018340,17958
2022.018340,17960
2022.018340,17962
2022.019140,17963
2022.021997,17964
2022.023340,17965
2022.025240,17966
2022.031040,17967
2022.033375,17968
2022.034099,17970
2022.034410,17971
2022.041930,17973
2022.044320,17974
2022.044413,17975
2022.051340,17976
2022.053340,17977
2022.056945,17978
2022.057439,17979
2022.058340,17980
2022.058340,17981
2022.064250,17982
2022.064490,17983
2022.064500,17984
2022.064540,17985
2022.068340,17986
2022.068340,17987
2022.068340,17988
2022.069420,17989
2022.070390,17990
2022.071670,17991
2022.077140,17992
2022.078340,17994
2022.079563,17995
2022.080440,17996
2022.081560,17997
2022.082255,17998
2022.082255,17999
2022.083570,18000
2022.085007,18001
2022.088340,18002
2022.094133,18003
2022.094398,18004
2022.096480,18005
2022.097480,18006
2022.098340,18007
2022.099840,18008
2022.100870,18009
2022.108340,18012
2022.108340,18013
2022.108567,18014
2022.110175,18015
2022.111170,18016
2022.114282,18017
2022.116949,18018
2022.118340,18022
2022.118340,18029
2022.118340,18032
2022.118340,18033
2022.118340,18034
2022.118340,18035
2022.120440,18036
2022.124550,18037
2022.124640,18038
2022.128540,18039
2022.128940,18040
2022.129185,18041
2022.130200,18042
2022.131840,18043
2022.132210,18044
2022.133550,18045
2022.135238,18046
2022.137430,18047
2022.137860,18048
2022.148340,18049
2022.149440,18050
2022.151250,18051
2022.156220,18052
2022.156317,18054
2022.158183,18055
2022.158355,18056
2022.161668,18057
2022.163940,18058
2022.163990,18059
2022.165940,18060
2022.167342,18061
2022.168340,18062
2022.168850,18063
2022.173340,18064
2022.176414,18065
2022.178650,18066
2022.184340,18067
2022.186200,18068
2022.188340,18069
2022.191426,18071
2022.195100,18073
2022.196150,18074
2022.198340,18075
2022.198340,18076
2022.200530,18077
2022.201340,18078
2022.203280,18079
2022.203340,18080
2022.204200,18081
2022.206422,18082
2022.206440,18083
2022.208340,18084
2022.212640,18085
2022.214740,18086
2022.218340,18088
2022.218340,18094
2022.218340,18100
2022.218340,18116
2022.218340,18122
2022.218925,18123
2022.219050,18124
2022.220685,18125
2022.225200,18127
2022.226590,18128
2022.228150,18129
2022.229930,18130
2022.238340,18133
2022.241622,18134
2022.243080,18135
2022.243340,18136
2022.245660,18137
2022.245798,18138
2022.248040,18139
2022.248340,18140
2022.250010,18141
2022.252805,18142
2022.254745,18143
2022.257540,18144
2022.258340,18145
2022.258550,18146
2022.258872,18147
2022.259140,18148
2022.261030,18149
2022.266173,18151
2022.268150,18152
2022.268340,18153
2022.268340,18154
2022.271090,18155
2022.275135,18156
2022.275153,18157
2022.276955,18158
2022.277083,18159
2022.278340,18162
2022.279536,18163
2022.282370,18167
2022.285535,18170
2022.285860,18171
2022.286350,18172
2022.287700,18173
2022.288340,18174
2022.289440,18175
2022.290934,18176
2022.296640,18177
2022.299090,18178
2022.303340,18179
2022.307715,18180
2022.307985,18181
2022.308340,18182
2022.308340,18183
2022.309740,18184
2022.310240,18185
2022.311460,18186
2022.318340,18190
2022.318340,18192
2022.319520,18194
2022.321640,18195
2022.322430,18196
2022.324343,18197
2022.324790,18198
2022.325265,18199
2022.328340,18202
2022.328820,18203
2022.329840,18204
2022.329940,18205
2022.333390,18206
2022.333455,18207
2022.333570,18208
2022.334560,18211
2022.334790,18212
2022.336493,18213
2022.338340,18214
2022.338340,18215
2022.340040,18216
2022.345258,18217
2022.345740,18218
2022.345973,18219
2022.348340,18220
2022.355290,18221
2022.358340,18222
2022.358340,18223
2022.366040,18224
2022.368340,18225
2022.371430,18227
2022.373050,18228
2022.373340,18229
2022.373340,18230
2022.376340,18231
2022.378039,18232
2022.378340,18233
2022.379440,18234
2022.388340,18235
2022.389055,18236
2022.389840,18237
2022.389960,18238
2022.391673,18239
2022.393840,18240
2022.395190,18241
2022.398340,18242
2022.399655,18243
2022.403540,18244
2022.404640,18245
2022.407760,18246
2022.408340,18247
2022.408340,18248
2022.409640,18249
2022.416580,18250
2022.417873,18251
2022.418340,18254
2022.418340,18257
2022.418340,18260
2022.418340,18271
2022.418340,18277
2022.418340,18278
2022.421673,18279
2022.421820,18280
2022.422540,18281
2022.424040,18285
2022.424140,18286
2022.425030,18287
2022.426350,18288
2022.428340,18289
2022.429745,18290
2022.432520,18291
2022.438676,18292
2022.445517,18293
2022.446550,18294
2022.446873,18295
2022.448340,18296
2022.453710,18297
2022.454640,18298
2022.458340,18299
2022.458340,18301
2022.459750,18302
2022.468340,18304
2022.468340,18305
2022.471607,18306
2022.473150,18307
2022.476740,18308
2022.477530,18309
2022.478250,18311
2022.478340,18313
2022.478340,18315
2022.478340,18316
2022.479910,18317
2022.487260,18318
2022.488340,18319
2022.489755,18320
2022.491400,18321
2022.491966,18322
2022.495251,18323
2022.496140,18324
2022.496190,18325
2022.497140,18326
2022.498340,18328
2022.498340,18329
2022.500600,18330
2022.502760,18331
2022.505650,18332
2022.507133,18333
2022.508340,18334
2022.514640,18335
2022.518340,18338
2022.518340,18342
2022.518340,18343
2022.518340,18346
2022.518340,18348
2022.521673,18349
2022.526150,18350
2022.528340,18354
2022.531696,18355
2022.533340,18356
2022.535090,18357
2022.536160,18358
2022.536620,18359
2022.538340,18360
2022.538340,18361
2022.541217,18362
2022.543340,18363
2022.548269,18364
2022.553637,18365
2022.555720,18366
2022.558340,18368
2022.560003,18369
2022.561635,18370
2022.563340,18371
2022.563525,18372
2022.564090,18373
2022.568250,18374
2022.568340,18375
2022.571440,18376
2022.571910,18377
2022.574285,18378
2022.578340,18379
2022.578340,18381
2022.581510,18382
2022.581860,18383
2022.583523,18385
2022.587210,18386
2022.596240,18387
2022.598340,18388
2022.598340,18391
2022.601440,18392
2022.603427,18393
2022.604240,18394
2022.608340,18395
2022.608340,18396
2022.608440,18397
2022.609840,18398
2022.613840,18399
2022.618340,18401
2022.618340,18407
2022.618340,18408
2022.618340,18410
2022.618340,18420
2022.619000,18421
2022.621485,18423
2022.622120,18424
2022.622570,18425
2022.627690,18426
2022.628600,18427
2022.633840,18428
2022.638340,18430
2022.638340,18431
2022.638340,18432
2022.638540,18433
2022.643673,18434
2022.648340,18435
2022.648340,18438
2022.650320,18439
2022.655670,18440
2022.656940,18441
2022.658180,18442
2022.660175,18443
2022.661940,18445
2022.665820,18446
2022.667660,18447
2022.668340,18448
2022.668340,18449
2022.668340,18450
2022.669240,18451
2022.669640,18452
2022.672135,18453
2022.673470,18454
2022.677810,18455
2022.678340,18456
2022.678970,18457
2022.680115,18458
2022.680340,18459
2022.680660,18460
2022.684340,18461
2022.687180,18462
2022.688080,18463
2022.698340,18465
2022.703027,18466
2022.704823,18467
2022.708340,18468
2022.711220,18469
2022.715350,18470
2022.716640,18471
2022.717960,18477
2022.718340,18478
2022.718340,18485
2022.718340,18487
2022.718340,18488
2022.722140,18489
2022.723340,18491
2022.726279,18492
2022.734085,18493
2022.738340,18494
2022.738340,18496
2022.738340,18497
2022.738340,18498
2022.738670,18503
2022.740570,18504
2022.744715,18505
2022.745340,18506
2022.745710,18507
2022.748340,18508
2022.748340,18509
2022.749020,18510
2022.750060,18511
2022.751630,18512
2022.752110,18513
2022.754340,18514
2022.757515,18515
2022.757640,18516
2022.758280,18517
2022.758660,18518
2022.760320,18519
2022.760770,18521
2022.761280,18522
2022.762307,18523
2022.768340,18524
2022.769900,18525
2022.772960,18526
2022.777080,18527
2022.778340,18528
2022.778340,18529
2022.782150,18530
2022.784860,18531
2022.788340,18532
2022.789770,18533
2022.790640,18534
2022.791673,18535
2022.793830,18536
2022.794557,18538
2022.798340,18539
2022.798340,18540
2022.802840,18541
2022.803940,18544
2022.804365,18545
2022.806230,18546
2022.806940,18547
2022.808340,18549
2022.808680,18552
2022.812540,18553
2022.818250,18554
2022.818340,18560
2022.818340,18565
2022.818340,18568
2022.818340,18574
2022.818340,18578
2022.818340,18580
2022.819238,18581
2022.826640,18582
2022.836440,18583
2022.838340,18585
2022.841160,18586
2022.841550,18587
2022.844770,18588
2022.848340,18589
2022.855390,18590
2022.855440,18591
2022.857150,18592
2022.857800,18593
2022.858000,18594
2022.860350,18595
2022.860850,18596
2022.871840,18597
2022.872990,18598
2022.873340,18599
2022.873340,18600
2022.876030,18601
2022.878640,18602
2022.882030,18603
2022.882710,18604
2022.884710,18605
2022.888340,18606
2022.888340,18607
2022.890140,18608
2022.897140,18609
2022.898340,18611
2022.898340,18613
2022.898340,18616
2022.900630,18617
2022.904540,18618
2022.906360,18619
2022.909290,18620
2022.915445,18621
2022.918310,18623
2022.918340,18626
2022.918340,18630
2022.918340,18631
2022.918340,18634
2022.920113,18635
2022.920798,18636
2022.921730,18637
2022.921997,18638
2022.923340,18639
2022.923833,18640
2022.928340,18641
2022.931770,18642
2022.933868,18643
2022.938340,18644
2022.939407,18645
2022.941673,18646
2022.946707,18647
2022.947810,18648
2022.948090,18649
2022.948340,18651
2022.952390,18652
2022.954340,18653
2022.956720,18654
2022.958620,18655
2022.962650,18656
2022.968340,18657
2022.968340,18658
2022.968340,18659
2022.970873,18660
2022.972120,18661
2022.976240,18662
2022.979640,18663
2022.980110,18664
2022.980357,18665
2022.980480,18667
2022.983390,18668
2022.987330,18669
2022.988340,18670
2022.988340,18671
2022.989323,18672
2022.991680,18673
2022.991707,18674
2022.992540,18675
2022.993759,18676
2022.993890,18677
2022.994810,18678
2022.995640,18679
2022.996840,18680
2022.997490,18681
2022.998340,18683
2023.002540,18685
2023.003850,18686
2023.005595,18687
2023.011580,18688
2023.012355,18689
2023.014210,18690
2023.014840,18692
2023.018340,18696
2023.018340,18707
2023.018340,18723
2023.018340,18735
2023.018340,18737
2023.018340,18741
2023.018340,18742
2023.023340,18743
2023.028340,18744
2023.028340,18745
2023.028340,18746
2023.030740,18747
2023.032340,18748
2023.038340,18749
2023.038440,18750
2023.042090,18751
2023.048110,18753
2023.048340,18754
2023.048340,18755
2023.049833,18756
2023.053040,18757
2023.054460,18758
2023.055388,18759
2023.058040,18760
2023.058340,18761
2023.060442,18762
2023.063340,18763
2023.063480,18765
2023.065300,18766
2023.067290,18767
2023.067641,18768
2023.069190,18769
2023.069190,18772
2023.072510,18773
2023.074160,18774
2023.075200,18775
2023.075640,18776
2023.075734,18777
2023.078340,18778
2023.081114,18779
2023.088340,18780
2023.088640,18781
2023.095937,18782
2023.098355,18783
2023.101430,18784
2023.109087,18785
2023.109540,18786
2023.118340,18787
2023.118340,18788
2023.118340,18789
2023.118340,18790
2023.120810,18791
2023.121513,18792
2023.121970,18794
2023.122940,18795
2023.137390,18796
2023.138340,18798
2023.140673,18799
2023.145173,18800
2023.147580,18801
2023.149040,18802
2023.154446,18804
2023.158340,18806
2023.158340,18807
2023.160340,18808
2023.163340,18809
2023.167027,18812
2023.168340,18813
2023.169335,18814
2023.169640,18815
2023.172670,18816
2023.174180,18817
2023.177765,18819
2023.184640,18820
2023.184713,18821
2023.184730,18822
2023.184800,18823
2023.186240,18824
2023.188340,18825
2023.189440,18826
2023.189605,18827
2023.193340,18828
2023.193590,18829
2023.196140,18832
2023.198381,18833
2023.207360,18834
2023.208340,18838
2023.211030,18839
2023.212200,18840
2023.213340,18841
2023.218340,18844
2023.218940,18845
2023.219379,18846
2023.225981,18847
2023.227860,18848
2023.228340,18849
2023.228340,18851
2023.228340,18852
2023.228440,18853
2023.232357,18854
2023.232480,18855
2023.234740,18856
2023.236040,18857
2023.237090,18858
2023.238253,18859
2023.238340,18860
2023.238340,18862
2023.240252,18863
2023.241355,18864
2023.241613,18865
2023.244930,18866
2023.245840,18867
2023.248340,18868
2023.248340,18869
2023.248340,18871
2023.248640,18872
2023.248890,18874
2023.248900,18875
2023.249050,18876
2023.250195,18877
2023.250640,18878
2023.253340,18879
2023.255440,18880
2023.255990,18882
2023.256840,18883
2023.258340,18884
2023.260000,18885
2023.267751,18886
2023.268340,18889
2023.270290,18890
2023.272842,18891
2023.274340,18892
2023.274396,18893
2023.275175,18894
2023.275930,18895
2023.276757,18896
2023.278340,18897
2023.278340,18898
2023.280090,18899
2023.281605,18900
2023.282284,18901
2023.282890,18902
2023.283590,18903
2023.283960,18904
2023.285170,18905
2023.286120,18906
2023.286670,18907
2023.286740,18908
2023.287585,18909
2023.289060,18910
2023.294413,18911
2023.296340,18913
2023.296505,18914
2023.298340,18915
2023.300700,18916
2023.302522,18917
2023.304512,18918
2023.305740,18919
2023.307620,18920
2023.308340,18921
2023.308340,18922
2023.308340,18923
2023.310130,18924
2023.312640,18925
2023.316060,18926
2023.317030,18927
2023.317240,18928
2023.318340,18930
2023.318340,18932
2023.324600,18933
2023.324920,18934
2023.325730,18935
2023.326840,18936
2023.326840,18937
2023.328340,18939
2023.328340,18940
2023.328912,18941
2023.331730,18942
2023.333490,18943
2023.334344,18944
2023.335200,18945
2023.336540,18946
2023.338340,18947
2023.338340,18950
2023.340760,18951
2023.344340,18952
2023.348340,18954
2023.348340,18955
2023.348340,18956
2023.348640,18957
2023.350930,18959
2023.351673,18960
2023.352940,18961
2023.355540,18962
2023.358340,18964
2023.358998,18965
2023.364690,18966
2023.367960,18967
2023.368340,18968
2023.370340,18969
2023.373340,18970
2023.373500,18971
2023.378340,18972
2023.378440,18973
2023.380520,18974
2023.388340,18975
2023.388889,18976
2023.390140,18977
2023.393290,18978
2023.393760,18979
2023.398340,18980
2023.398340,18981
2023.402120,18982
2023.402855,18983
2023.407089,18986
2023.407640,18987
2023.408340,18988
2023.410540,18989
2023.410640,18990
2023.413683,18991
2023.413840,18992
2023.416620,18993
2023.417430,18994
2023.418340,18995
2023.418340,19000
2023.418340,19001
2023.418340,19002
2023.419293,19003
2023.423340,19006
2023.428340,19007
2023.435480,19008
2023.439030,19009
2023.443283,19010
2023.444330,19011
2023.445687,19012
2023.446937,19013
2023.448340,19014
2023.448370,19015
2023.449840,19016
2023.450740,19017
2023.450859,19018
2023.451673,19019
2023.451770,19020
2023.453397,19021
2023.458340,19022
2023.458340,19023
2023.464540,19024
2023.466312,19025
2023.468340,19026
2023.468808,19027
2023.468990,19028
2023.470517,19029
2023.471009,19032
2023.476238,19033
2023.477010,19034
2023.482230,19035
2023.483705,19036
2023.488340,19037
2023.492500,19038
2023.493285,19039
2023.497303,19040
2023.498131,19041
2023.500052,19042
2023.500610,19043
2023.505840,19044
2023.506607,19045
2023.506620,19046
2023.507840,19047
2023.508340,19049
2023.508340,19050
2023.509540,19051
2023.510430,19053
2023.512240,19054
2023.515200,19055
2023.518340,19061
2023.518340,19062
2023.518340,19067
2023.518340,19071
2023.518990,19072
2023.523855,19073
2023.525540,19074
2023.527740,19075
2023.528340,19081
2023.528340,19082
2023.531915,19083
2023.532630,19084
2023.532990,19085
2023.533330,19086
2023.537240,19087
2023.538340,19088
2023.539065,19089
2023.541540,19090
2023.542100,19091
2023.543037,19092
2023.543480,19093
2023.548340,19094
2023.548340,19095
2023.549670,19097
2023.552290,19098
2023.552490,19099
2023.553800,19101
2023.558340,19102
2023.558340,19103
2023.558340,19104
2023.561350,19105
2023.565030,19106
2023.565440,19107
2023.567217,19108
2023.568295,19109
2023.568340,19110
2023.571110,19111
2023.571997,19112
2023.574634,19113
2023.578270,19114
2023.578340,19115
2023.578340,19116
2023.578340,19117
2023.579100,19118
2023.581550,19119
2023.582115,19120
2023.583360,19122
2023.583420,19123
2023.585050,19124
2023.585960,19125
2023.586707,19126
2023.586707,19127
2023.587140,19128
2023.588300,19129
2023.588340,19130
2023.588340,19132
2023.591240,19133
2023.592941,19134
2023.593040,19135
2023.593340,19136
2023.593600,19137
2023.596810,19138
2023.598340,19140
2023.598340,19141
2023.603920,19142
2023.604117,19143
2023.604460,19144
2023.607580,19145
2023.608340,19147
2023.608340,19150
2023.608340,19151
2023.612480,19152
2023.613340,19153
2023.618340,19156
2023.618340,19158
2023.618340,19160
2023.618340,19163
2023.618340,19168
2023.618340,19170
2023.624080,19171
2023.626830,19172
2023.626926,19173
2023.630422,19174
2023.634690,19175
2023.635687,19176
2023.636500,19177
2023.638130,19178
2023.639839,19179
2023.640050,19180
2023.640310,19181
2023.641230,19182
2023.643310,19183
2023.646740,19184
2023.648340,19186
2023.649400,19187
2023.654507,19188
2023.657040,19189
2023.658940,19190
2023.661340,19191
2023.662440,19192
2023.666325,19193
2023.667550,19194
2023.668340,19195
2023.668340,19198
2023.671040,19199
2023.671320,19200
2023.673265,19201
2023.673340,19202
2023.673440,19203
2023.677033,19204
2023.678340,19205
2023.680215,19206
2023.683340,19207
2023.685770,19208
2023.688340,19209
2023.688340,19210
2023.689280,19211
2023.690840,19212
2023.695975,19213
2023.697703,19214
2023.698340,19215
2023.698340,19216
2023.701070,19217
2023.701240,19218
2023.704710,19219
2023.708340,19221
2023.709331,19222
2023.710940,19223
2023.711673,19224
2023.714910,19225
2023.718340,19227
2023.718340,19229
2023.718340,19231
2023.718340,19240
2023.718340,19242
2023.719483,19243
2023.720190,19244
2023.722100,19245
2023.725570,19246
2023.727847,19252
2023.728340,19253
2023.737780,19254
2023.738340,19255
2023.739700,19256
2023.742420,19257
2023.742440,19258
2023.743390,19259
2023.745119,19260
2023.748340,19261
2023.751040,19262
2023.752310,19263
2023.756440,19264
2023.757140,19265
2023.758340,19266
2023.758340,19267
2023.758340,19268
2023.758600,19269
2023.767701,19270
2023.767744,19271
2023.768340,19273
2023.768340,19275
2023.770250,19276
2023.772433,19277
2023.772570,19278
2023.777375,19279
2023.777990,19280
2023.778340,19281
2023.779440,19282
2023.780040,19283
2023.780940,19284
2023.784340,19285
2023.785040,19286
2023.786340,19288
2023.786565,19289
2023.788340,19291
2023.790335,19292
2023.791880,19293
2023.793395,19294
2023.794040,19295
2023.794264,19296
2023.796540,19297
2023.798340,19298
2023.798340,19299
2023.798940,19300
2023.799000,19301
2023.802860,19302
2023.803189,19303
2023.803410,19304
2023.805140,19305
2023.805215,19306
2023.805260,19307
2023.808340,19308
2023.813340,19309
2023.818340,19310
2023.818340,19316
2023.818340,19317
2023.818340,19323
2023.820335,19324
2023.826444,19325
2023.827290,19326
2023.828340,19327
2023.831940,19328
2023.833340,19329
2023.833690,19330
2023.835040,19331
2023.836185,19332
2023.838340,19340
2023.840530,19341
2023.840840,19342
2023.841313,19343
2023.841440,19344
2023.843265,19345
2023.844730,19346
2023.848340,19347
2023.848340,19348
2023.848810,19349
2023.850175,19350
2023.851000,19351
2023.853340,19352
2023.853910,19353
2023.854680,19354
2023.855140,19355
2023.855840,19356
2023.858130,19357
2023.858340,19358
2023.858340,19359
2023.858340,19360
2023.859140,19361
2023.859290,19362
2023.861673,19363
2023.862840,19364
2023.863273,19365
2023.863575,19366
2023.864740,19367
2023.865397,19368
2023.867760,19369
2023.868340,19370
2023.868340,19371
2023.871640,19372
2023.873834,19373
2023.878340,19374
2023.880710,19375
2023.883330,19376
2023.883340,19377
2023.887310,19380
2023.887840,19381
2023.888340,19382
2023.889040,19383
2023.890690,19385
2023.891850,19386
2023.891932,19387
2023.893191,19388
2023.893340,19389
2023.894240,19390
2023.896925,19391
2023.897140,19392
2023.898340,19393
2023.901840,19394
2023.902889,19395
2023.903040,19396
2023.903260,19397
2023.903590,19398
2023.908000,19399
2023.908340,19400
2023.910460,19401
2023.910508,19402
2023.911506,19403
2023.915169,19404
2023.918340,19407
2023.918340,19408
2023.918340,19410
2023.918340,19411
2023.918340,19412
2023.919246,19413
2023.919722,19414
2023.921900,19415
2023.922960,19416
2023.923740,19417
2023.923990,19418
2023.925580,19419
2023.925740,19420
2023.928340,19421
2023.928340,19422
2023.928340,19425
2023.930240,19426
2023.933360,19427
2023.934265,19428
2023.936140,19429
2023.938060,19430
2023.938340,19431
2023.938340,19432
2023.938340,19433
2023.938340,19435
2023.939550,19436
2023.943050,19437
2023.943190,19438
2023.943340,19439
2023.945760,19440
2023.948340,19441
2023.950640,19442
2023.951607,19444
2023.951673,19445
2023.953521,19446
2023.955007,19447
2023.956210,19448
2023.956870,19449
2023.958040,19450
2023.958340,19452
2023.958340,19453
2023.960040,19454
2023.962440,19455
2023.963652,19456
2023.964389,19457
2023.967190,19458
2023.968005,19459
2023.968040,19460
2023.968340,19461
2023.968340,19462
2023.968340,19463
2023.968340,19464
2023.968670,19465
2023.971150,19466
2023.972720,19467
2023.976340,19468
2023.977490,19469
2023.978340,19471
2023.978340,19472
2023.980540,19473
2023.981340,19474
2023.988340,19475
2023.992850,19476
2023.997140,19477
2023.997670,19478
2023.998340,19480
2023.998340,19482
2023.998340,19485
2023.999710,19486
2024.005470,19488
2024.008340,19489
2024.008340,19490
2024.010240,19491
2024.011849,19492
2024.013740,19493
2024.014240,19494
2024.016740,19495
2024.017940,19496
2024.018170,19497
2024.018340,19499
2024.018340,19514
2024.018340,19521
2024.018340,19540
2024.018340,19548
2024.018340,19551
2024.018340,19553
2024.019640,19554
2024.021140,19555
2024.025994,19556
2024.028340,19557
2024.028840,19558
2024.030790,19559
2024.032831,19560
2024.033130,19561
2024.036010,19563
2024.037423,19564
2024.038600,19565
2024.039945,19566
2024.042786,19570
2024.043707,19571
2024.044005,19572
2024.047555,19573
2024.048340,19574
2024.048340,19575
2024.048740,19577
2024.051750,19579
2024.058340,19580
2024.058340,19582
2024.058340,19583
2024.058889,19584
2024.060070,19585
2024.062230,19586
2024.068100,19587
2024.068340,19588
2024.070170,19589
2024.073340,19590
2024.074940,19591
2024.075020,19604
2024.075184,19605
2024.075340,19606
2024.075640,19607
2024.079240,19608
2024.080890,19609
2024.081784,19610
2024.088340,19611
2024.094440,19612
2024.096040,19613
2024.096340,19614
2024.097626,19615
2024.098340,19616
2024.098340,19617
2024.099022,19618
2024.099230,19619
2024.099620,19620
2024.103273,19621
2024.103640,19622
2024.104840,19623
2024.105240,19624
2024.106040,19626
2024.107810,19627
2024.108340,19628
2024.108340,19630
2024.108340,19631
2024.108340,19632
2024.108890,19633
2024.113120,19634
2024.115160,19635
2024.118340,19637
2024.118340,19638
2024.118340,19641
2024.118340,19642
2024.126140,19643
2024.127318,19644
2024.128140,19645
2024.128340,19646
2024.128580,19647
2024.128590,19648
2024.133340,19649
2024.138860,19650
2024.142130,19651
2024.144110,19652
2024.144240,19653
2024.144740,19654
2024.145540,19655
2024.148340,19657
2024.148340,19658
2024.148760,19659
2024.150040,19660
2024.154403,19661
2024.158340,19662
2024.161240,19663
2024.162940,19664
2024.165310,19665
2024.167751,19666
2024.167765,19667
2024.168340,19668
2024.168340,19669
2024.170830,19670
2024.171560,19671
2024.171873,19672
2024.178340,19673
2024.178340,19677
2024.179497,19678
2024.182040,19679
2024.186852,19680
2024.187220,19681
2024.188340,19682
2024.188340,19683
2024.191040,19684
2024.199110,19685
2024.199240,19686
2024.203618,19687
2024.203680,19688
2024.203913,19689
2024.204330,19690
2024.204640,19691
2024.206040,19692
2024.206150,19693
2024.206992,19694
2024.207920,19696
2024.208629,19697
2024.212600,19698
2024.213450,19699
2024.215110,19700
2024.215703,19701
2024.218340,19704
2024.218340,19712
2024.218340,19725
2024.218340,19728
2024.218800,19729
2024.219450,19730
2024.221630,19732
2024.221787,19733
2024.226255,19734
2024.230060,19735
2024.233240,19736
2024.234650,19737
2024.236113,19738
2024.237105,19739
2024.237540,19740
2024.238340,19741
2024.238340,19746
2024.238600,19747
2024.247450,19748
2024.248340,19749
2024.248340,19750
2024.249483,19752
2024.254740,19753
2024.254910,19754
2024.257837,19755
2024.258171,19756
2024.258340,19757
2024.261640,19758
2024.262540,19759
2024.262797,19760
2024.263340,19761
2024.268340,19762
2024.268340,19763
2024.268340,19764
2024.269320,19765
2024.270076,19766
2024.271373,19767
2024.277640,19768
2024.278340,19771
2024.278340,19773
2024.278340,19774
2024.279195,19775
2024.280200,19776
2024.280980,19777
2024.284530,19778
2024.284730,19779
2024.288340,19780
2024.288340,19781
2024.290490,19782
2024.296590,19783
2024.296690,19784
2024.298340,19786
2024.302524,19787
2024.303360,19788
2024.305540,19790
2024.305540,19792
2024.306700,19793
2024.307570,19794
2024.308340,19795
2024.308340,19796
2024.310440,19797
2024.314750,19798
2024.315790,19799
2024.316340,19800
2024.316545,19801
2024.317940,19802
2024.318340,19804
2024.318340,19806
2024.318340,19809
2024.318340,19813
2024.318990,19814
2024.321330,19815
2024.323340,19816
2024.326310,19817
2024.326540,19818
2024.328340,19819
2024.328340,19820
2024.338340,19821
2024.338340,19822
2024.340740,19823
2024.341150,19824
2024.342030,19825
2024.343365,19827
2024.346970,19828
2024.352740,19829
2024.352907,19830
2024.353340,19831
2024.358320,19832
2024.368250,19833
2024.368340,19834
2024.368340,19835
2024.368340,19837
2024.368940,19838
2024.369420,19839
2024.374520,19840
2024.374640,19841
2024.375570,19842
2024.378340,19843
2024.378340,19844
2024.378340,19845
2024.378340,19846
2024.380210,19850
2024.380740,19851
2024.383600,19852
2024.384930,19853
2024.386230,19854
2024.388340,19856
2024.388340,19857
2024.391520,19858
2024.392880,19859
2024.393539,19860
2024.395040,19861
2024.396570,19862
2024.396945,19863
2024.397770,19865
2024.398250,19866
2024.398340,19867
2024.398340,19868
2024.400417,19869
2024.405640,19870
2024.406155,19871
2024.408340,19872
2024.408340,19873
2024.408360,19875
2024.409860,19876
2024.412270,19877
2024.412670,19878
2024.418130,19879
2024.418340,19880
2024.418340,19883
2024.418340,19885
2024.418340,19887
2024.418340,19891
2024.418340,19899
2024.418340,19904
2024.421617,19905
2024.424230,19906
2024.428310,19907
2024.428340,19908
2024.428545,19909
2024.430230,19910
2024.433820,19911
2024.435360,19912
2024.435620,19913
2024.437340,19914
2024.437790,19915
2024.438340,19920
2024.438340,19922
2024.438340,19923
2024.438340,19924
2024.439140,19925
2024.446615,19926
2024.447940,19927
2024.453241,19928
2024.453640,19930
2024.453640,19933
2024.453880,19936
2024.455740,19937
2024.458340,19938
2024.459380,19939
2024.460335,19940
2024.460950,19941
2024.465340,19942
2024.465610,19944
2024.465640,19945
2024.466015,19946
2024.470850,19947
2024.473025,19948
2024.475430,19949
2024.477070,19950
2024.480248,19951
2024.481407,19952
2024.483340,19953
2024.484710,19954
2024.486100,19955
2024.486335,19956
2024.487700,19957
2024.492210,19958
2024.493390,19959
2024.493840,19960
2024.494000,19961
2024.494460,19962
2024.494750,19963
2024.496773,19964
2024.498340,19966
2024.499127,19967
2024.501060,19968
2024.501750,19969
2024.503020,19970
2024.503050,19971
2024.503490,19972
2024.505464,19973
2024.505497,19974
2024.508340,19975
2024.508340,19976
2024.510540,19977
2024.511885,19978
2024.512050,19979
2024.513340,19980
2024.516940,19981
2024.517360,19982
2024.518340,19983
2024.518340,19988
2024.518340,19990
2024.518340,19991
2024.518340,19997
2024.518340,19998
2024.519524,19999
2024.523060,20000
2024.523340,20001
2024.525524,20002
2024.526503,20006
2024.527090,20007
2024.528340,20008
2024.531840,20009
2024.533634,20010
2024.534440,20011
2024.537866,20012
2024.538545,20013
2024.538950,20014
2024.539405,20015
2024.541640,20016
2024.541840,20017
2024.543340,20018
2024.543685,20019
2024.545040,20020
2024.548340,20021
2024.548340,20023
2024.549120,20024
2024.549340,20025
2024.550995,20026
2024.551540,20027
2024.556540,20028
2024.557090,20029
2024.558340,20030
2024.558340,20031
2024.558340,20032
2024.558961,20033
2024.559560,20034
2024.560310,20035
2024.562930,20036
2024.562930,20037
2024.564585,20038
2024.565040,20039
2024.567040,20040
2024.568340,20041
2024.568340,20042
2024.570883,20043
2024.573010,20044
2024.575640,20045
2024.577945,20046
2024.578340,20047
2024.578340,20048
2024.578340,20049
2024.578690,20050
2024.578910,20051
2024.580740,20052
2024.580990,20053
2024.582550,20054
2024.584005,20055
2024.585139,20056
2024.585620,20057
2024.589270,20058
2024.592429,20059
2024.593340,20060
2024.594498,20061
2024.597140,20062
2024.597440,20063
2024.598740,20064
2024.600740,20065
2024.603340,20066
2024.605940,20067
2024.607944,20068
2024.611500,20069
2024.611740,20070
2024.613990,20071
2024.615740,20072
2024.618340,20073
2024.618340,20074
2024.618340,20080
2024.618340,20086
2024.618340,20090
2024.618340,20092
2024.618340,20096
2024.620340,20099
2024.620620,20100
2024.621180,20101
2024.628340,20102
2024.628340,20103
2024.628650,20104
2024.628700,20105
2024.634430,20106
2024.636943,20107
2024.638340,20108
2024.639250,20109
2024.640740,20110
2024.640750,20111
2024.644203,20112
2024.644840,20113
2024.645088,20114
2024.645088,20115
2024.645620,20116
2024.648340,20118
2024.650343,20119
2024.650650,20120
2024.652600,20121
2024.655000,20122
2024.658155,20123
2024.658184,20124
2024.658340,20126
2024.658340,20127
2024.658340,20129
2024.658740,20130
2024.659773,20131
2024.659840,20132
2024.661673,20133
2024.662307,20134
2024.662700,20135
2024.663260,20136
2024.663380,20137
2024.663990,20138
2024.664995,20139
2024.665240,20140
2024.665440,20141
2024.665480,20143
2024.666440,20144
2024.666550,20145
2024.667370,20148
2024.668340,20151
2024.668340,20152
2024.670252,20153
2024.673050,20154
2024.673800,20157
2024.675440,20158
2024.675925,20159
2024.678340,20160
2024.678340,20162
2024.678340,20163
2024.678340,20164
2024.680340,20166
2024.682000,20167
2024.682740,20168
2024.683645,20169
2024.684540,20170
2024.684590,20171
2024.684940,20172
2024.689090,20173
2024.692480,20174
2024.693340,20175
2024.694650,20176
2024.696990,20177
2024.698340,20179
2024.699043,20180
2024.705340,20181
2024.708340,20182
2024.708340,20184
2024.708365,20185
2024.710040,20186
2024.717893,20187
2024.718340,20195
2024.718340,20200
2024.718340,20204
2024.718340,20221
2024.718340,20222
2024.720100,20223
2024.721340,20224
2024.721365,20226
2024.721780,20227
2024.722840,20228
2024.723750,20230
2024.725515,20231
2024.727890,20232
2024.728340,20233
2024.728340,20234
2024.728340,20235
2024.728540,20237
2024.734240,20238
2024.734440,20239
2024.735740,20240
2024.737845,20241
2024.738120,20242
2024.738176,20243
2024.743340,20244
2024.745110,20247
2024.746370,20248
2024.748340,20249
2024.748800,20250
2024.750980,20251
2024.751650,20252
2024.758340,20253
2024.758340,20254
2024.758340,20255
2024.760560,20256
2024.761800,20257
2024.762770,20258
2024.767880,20259
2024.767960,20260
2024.768340,20261
2024.769480,20262
2024.770200,20263
2024.770640,20264
2024.777600,20265
2024.778340,20267
2024.783590,20268
2024.784353,20269
2024.786550,20270
2024.787331,20271
2024.788280,20272
2024.788340,20273
2024.790600,20274
2024.791740,20275
2024.793340,20276
2024.795341,20277
2024.796710,20278
2024.797820,20279
2024.798570,20280
2024.798640,20281
2024.799270,20282
2024.799930,20283
2024.801030,20284
2024.801395,20285
2024.803340,20286
2024.804010,20287
2024.804740,20288
2024.807883,20289
2024.808340,20290
2024.808340,20291
2024.808340,20293
2024.808340,20294
2024.808340,20295
2024.810800,20296
2024.812290,20297
2024.813680,20298
2024.816920,20299
2024.817040,20300
2024.818340,20301
2024.818340,20303
2024.818340,20304
2024.818340,20306
2024.818340,20309
2024.818340,20311
2024.820340,20312
2024.823633,20313
2024.824320,20314
2024.824677,20315
2024.827545,20316
2024.828340,20317
2024.830040,20318
2024.831800,20319
2024.831940,20322
2024.832100,20323
2024.833340,20324
2024.835835,20326
2024.838340,20329
2024.838340,20330
2024.838440,20331
2024.842251,20333
2024.844940,20334
2024.845040,20335
2024.848115,20336
2024.848340,20337
2024.848340,20338
2024.852180,20339
2024.856740,20340
2024.858340,20341
2024.861340,20342
2024.862949,20343
2024.863340,20344
2024.864386,20345
2024.868340,20347
2024.874407,20348
2024.878140,20349
2024.878340,20351
2024.878440,20352
2024.878840,20353
2024.879280,20354
2024.879280,20355
2024.882040,20356
2024.883350,20361
2024.886740,20362
2024.888340,20364
2024.888340,20365
2024.888453,20366
2024.889063,20367
2024.889153,20368
2024.891800,20369
2024.893340,20370
2024.893840,20371
2024.894040,20372
2024.898340,20374
2024.901470,20375
2024.902407,20376
2024.905840,20377
2024.906240,20378
2024.911190,20379
2024.912195,20380
2024.912510,20381
2024.913340,20382
2024.917330,20383
2024.918340,20386
2024.918340,20389
2024.918340,20394
2024.918340,20402
2024.918340,20404
2024.918740,20405
2024.920020,20406
2024.921990,20407
2024.926880,20408
2024.928340,20409
2024.928340,20410
2024.929065,20411
2024.929120,20412
2024.933340,20413
2024.938340,20414
2024.942740,20415
2024.943152,20416
2024.943340,20417
2024.946340,20418
2024.946820,20419
2024.947240,20420
2024.948340,20421
2024.948340,20422
2024.948340,20423
2024.948494,20424
2024.948616,20427
2024.950140,20428
2024.956340,20429
2024.957490,20430
2024.959130,20431
2024.962140,20432
2024.962733,20433
2024.968340,20434
2024.968340,20435
2024.968340,20436
2024.969440,20439
2024.969860,20440
2024.973340,20441
2024.975140,20442
2024.975300,20443
2024.977450,20444
2024.978340,20446
2024.978340,20448
2024.979540,20449
2024.983736,20450
2024.984809,20451
2024.987940,20452
2024.993160,20453
2024.998080,20454
2024.998240,20455
2025.000240,20456
2025.001960,20457
2025.003970,20458
2025.004590,20459
2025.005540,20460
2025.006421,20462
2025.007540,20463
2025.008340,20465
2025.008340,20466
2025.008340,20468
2025.008515,20469
2025.011140,20470
2025.011187,20471
2025.013000,20472
2025.013123,20473
2025.014440,20474
2025.017040,20475
2025.018312,20476
2025.018340,20479
2025.018340,20492
2025.018340,20507
2025.018340,20528
2025.018340,20535
2025.018340,20539
2025.018340,20556
2025.028340,20558
2025.028890,20559
2025.031070,20560
2025.033340,20561
2025.038340,20564
2025.038800,20565
2025.040410,20566
2025.040420,20567
2025.048340,20568
2025.048380,20569
2025.053150,20571
2025.053730,20572
2025.056140,20573
2025.056460,20574
2025.056670,20575
2025.057754,20576
2025.058340,20577
2025.058340,20582
2025.060840,20583
2025.061673,20584
2025.066040,20585
2025.067660,20586
2025.068340,20587
2025.068340,20588
2025.068340,20589
2025.068340,20590
2025.070670,20591
2025.072140,20592
2025.078281,20593
2025.078340,20595
2025.078590,20596
2025.079040,20597
2025.079360,20598
2025.082872,20599
2025.086670,20600
2025.087040,20601
2025.088340,20602
2025.088340,20603
2025.088340,20605
2025.088940,20606
2025.093340,20607
2025.096540,20608
2025.100080,20609
2025.101400,20610
2025.103000,20611
2025.103590,20612
2025.104200,20613
2025.104360,20614
2025.105544,20615
2025.108340,20616
2025.108340,20617
2025.108903,20618
2025.111640,20619
2025.112420,20620
2025.114183,20621
2025.118340,20623
2025.118340,20626
2025.118340,20627
2025.118340,20630
2025.118340,20634
2025.118390,20635
2025.119360,20636
2025.122410,20637
2025.123340,20638
2025.124640,20639
2025.128340,20640
2025.128840,20641
2025.129240,20642
2025.134210,20643
2025.135290,20644
2025.136290,20645
2025.136340,20646
2025.137805,20647
2025.137990,20648
2025.143340,20649
2025.145040,20650
2025.146980,20651
2025.148340,20652
2025.148340,20653
2025.148340,20654
2025.151505,20655
2025.152290,20656
2025.152840,20657
2025.153349,20658
2025.157464,20659
2025.158457,20660
2025.160030,20661
2025.168340,20662
2025.168340,20663
2025.168340,20664
2025.168340,20665
2025.169640,20666
2025.170040,20667
2025.174830,20668
2025.175840,20669
2025.178221,20671
2025.179927,20672
2025.180490,20673
2025.181140,20674
2025.181820,20675
2025.185260,20676
2025.188340,20677
2025.189300,20678
2025.190640,20679
2025.191403,20680
2025.192380,20681
2025.198115,20682
2025.198340,20683
2025.199210,20684
2025.200573,20685
2025.204040,20686
2025.205160,20688
2025.206980,20689
2025.207940,20690
2025.208340,20691
2025.208340,20692
2025.209440,20693
2025.210940,20694
2025.210940,20695
2025.211640,20696
2025.211790,20697
2025.213340,20698
2025.214590,20699
2025.216940,20700
2025.218340,20706
2025.218340,20707
2025.218340,20708
2025.218340,20709
2025.219340,20710
2025.221340,20711
2025.221673,20712
2025.223840,20713
2025.223883,20714
2025.227303,20715
2025.228340,20717
2025.228340,20718
2025.229120,20720
2025.235315,20721
2025.235440,20722
2025.236924,20723
2025.238257,20724
2025.238340,20725
2025.238340,20726
2025.243810,20728
2025.244080,20729
2025.244480,20730
2025.245010,20732
2025.250495,20733
2025.251870,20734
2025.254200,20735
2025.255140,20736
2025.257040,20737
2025.258340,20739
2025.258687,20740
2025.260144,20741
2025.260187,20742
2025.262440,20743
2025.264910,20744
2025.265040,20745
2025.267655,20746
2025.268340,20748
2025.272260,20749
2025.276970,20751
2025.278340,20752
2025.278340,20753
2025.285186,20754
2025.285910,20755
2025.288340,20756
2025.288560,20757
2025.293490,20758
2025.293690,20759
2025.296540,20761
2025.298340,20764
2025.298340,20765
2025.300700,20766
2025.300715,20767
2025.302640,20768
2025.303480,20770
2025.310040,20771
2025.311290,20772
2025.314560,20773
2025.314895,20774
2025.316010,20775
2025.317851,20776
2025.318340,20777
2025.318340,20780
2025.318340,20789
2025.318340,20794
2025.319630,20795
2025.319740,20796
2025.321380,20797
2025.322020,20798
2025.323340,20799
2025.325840,20800
2025.328340,20801
2025.328340,20802
2025.332040,20803
2025.333225,20804
2025.338340,20807
2025.338340,20808
2025.341880,20809
2025.343940,20810
2025.344010,20811
2025.345240,20812
2025.345936,20813
2025.346335,20814
2025.346620,20815
2025.348340,20816
2025.351480,20817
2025.351535,20818
2025.353090,20819
2025.356220,20820
2025.356485,20821
2025.359540,20822
2025.362295,20823
2025.362740,20824
2025.363340,20825
2025.363700,20826
2025.367420,20827
2025.368340,20828
2025.368340,20829
2025.368340,20830
2025.368340,20832
2025.372740,20833
2025.373070,20834
2025.373090,20835
2025.373345,20836
2025.375040,20837
2025.375210,20838
2025.377290,20839
2025.378120,20840
2025.378340,20842
2025.378340,20843
2025.379340,20844
2025.380390,20845
2025.382860,20846
2025.386140,20847
2025.386180,20848
2025.389380,20849
2025.389960,20850
2025.390120,20851
2025.391050,20854
2025.392440,20855
2025.393375,20856
2025.395090,20857
2025.395340,20858
2025.397540,20859
2025.398340,20860
2025.398340,20861
2025.398340,20862
2025.399340,20863
2025.399500,20864
2025.400288,20865
2025.406500,20867
2025.407740,20868
2025.408340,20869
2025.413440,20870
2025.413933,20871
2025.418340,20872
2025.418340,20873
2025.418340,20885
2025.418340,20892
2025.418340,20894
2025.419510,20895
2025.421890,20896
2025.425240,20897
2025.427985,20898
2025.428340,20899
2025.428340,20900
2025.428715,20901
2025.429340,20902
2025.429437,20903
2025.431856,20904
2025.433940,20905
2025.435880,20906
2025.436190,20907
2025.436540,20908
2025.438340,20909
2025.439640,20910
2025.442910,20911
2025.443340,20912
2025.443950,20913
2025.444359,20914
2025.444830,20915
2025.445007,20916
2025.448340,20917
2025.448340,20919
2025.448340,20921
2025.448340,20922
2025.448340,20923
2025.448340,20924
2025.452538,20925
2025.453340,20926
2025.454937,20927
2025.458340,20928
2025.458340,20929
2025.458442,20930
2025.460195,20931
2025.460300,20932
2025.461110,20933
2025.461540,20934
2025.462555,20935
2025.464970,20936
2025.466240,20937
2025.468380,20938
2025.469618,20939
2025.469860,20940
2025.472740,20941
2025.474440,20942
2025.476340,20943
2025.476788,20944
2025.477940,20945
2025.478340,20946
2025.478340,20947
2025.478340,20949
2025.479260,20952
2025.481815,20953
2025.481870,20954
2025.484625,20955
2025.485007,20956
2025.487640,20957
2025.488040,20958
2025.488220,20959
2025.488340,20960
2025.488340,20961
2025.489130,20962
2025.491640,20963
2025.501180,20964
2025.501797,20965
2025.502340,20966
2025.502500,20967
2025.503720,20968
2025.508340,20969
2025.508340,20970
2025.508950,20971
2025.509995,20972
2025.511340,20973
2025.511450,20974
2025.511730,20975
2025.513460,20976
2025.515540,20977
2025.517540,20978
2025.518340,20979
2025.518340,20984
2025.518340,20989
2025.518340,20997
2025.518340,21000
2025.521830,21001
2025.523440,21002
2025.525660,21003
2025.526320,21004
2025.528340,21005
2025.528340,21006
2025.528340,21007
2025.528460,21008
2025.528710,21009
2025.530010,21010
2025.538340,21011
2025.538340,21012
2025.540040,21013
2025.546330,21014
2025.547010,21015
2025.548160,21016
2025.548340,21017
2025.548340,21018
2025.550340,21019
2025.553263,21020
2025.557080,21021
2025.557465,21022
2025.558340,21023
2025.558340,21024
2025.559700,21025
2025.560845,21026
2025.561140,21027
2025.561390,21028
2025.563340,21030
2025.565007,21031
2025.565390,21032
2025.568340,21033
2025.568340,21035
2025.568340,21037
2025.570640,21038
2025.571640,21039
2025.573520,21040
2025.574145,21041
2025.575740,21042
2025.576720,21043
2025.577380,21044
2025.577830,21045
2025.578340,21046
2025.578340,21047
2025.580440,21048
2025.580640,21049
2025.582125,21050
2025.582540,21051
2025.582679,21052
2025.582740,21053
2025.585210,21054
2025.586530,21055
2025.587340,21056
2025.588340,21057
2025.588340,21058
2025.591130,21059
2025.591612,21060
2025.591720,21061
2025.592010,21062
2025.592730,21063
2025.593340,21064
2025.593971,21065
2025.598281,21066
2025.598340,21068
2025.601160,21069
2025.602510,21070
2025.607680,21071
2025.608340,21072
2025.608340,21073
2025.608340,21074
2025.610500,21075
2025.611063,21076
2025.611190,21077
2025.613340,21078
2025.618340,21079
2025.618340,21087
2025.618340,21091
2025.618340,21095
2025.618340,21098
2025.618340,21101
2025.618340,21108
2025.618340,21111
2025.619600,21112
2025.622500,21113
2025.624952,21114
2025.627055,21115
2025.627140,21116
2025.628340,21117
2025.628340,21118
2025.629640,21119
2025.632940,21120
2025.633460,21121
2025.635140,21122
2025.638340,21123
2025.638360,21124
2025.638616,21125
2025.639040,21126
2025.639235,21127
2025.639450,21128
2025.642170,21129
2025.648340,21130
2025.648340,21131
2025.650477,21132
2025.650672,21133
2025.655340,21134
2025.657220,21135
2025.658340,21136
2025.658340,21137
2025.659290,21138
2025.660320,21139
2025.661673,21140
2025.662440,21141
2025.662740,21142
2025.663340,21143
2025.664265,21144
2025.666040,21145
2025.666318,21146
2025.667040,21147
2025.667079,21148
2025.667517,21149
2025.668340,21151
2025.668340,21156
2025.668340,21157
2025.668340,21158
2025.668340,21159
2025.669521,21160
2025.670100,21161
2025.670450,21162
2025.671673,21163
2025.672660,21164
2025.673340,21165
2025.673460,21166
2025.674300,21167
2025.676535,21168
2025.678340,21169
2025.678340,21170
2025.681915,21171
2025.683978,21172
2025.687559,21173
2025.688340,21174
2025.688340,21175
2025.689228,21176
2025.689305,21177
2025.690000,21178
2025.690440,21179
2025.691225,21180
2025.691340,21183
2025.691340,21189
2025.693342,21190
2025.695770,21191
2025.698087,21192
2025.698340,21193
2025.698340,21197
2025.698530,21198
2025.701040,21199
2025.701750,21200
2025.702043,21201
2025.702160,21202
2025.707520,21203
2025.708340,21204
2025.708340,21205
2025.711430,21206
2025.712373,21209
2025.712940,21210
2025.718340,21214
2025.718340,21215
2025.718340,21217
2025.718340,21224
2025.718340,21226
2025.719940,21227
2025.720760,21228
2025.721045,21229
2025.723340,21230
2025.724240,21231
2025.725380,21232
2025.728340,21233
2025.729320,21234
2025.734230,21236
2025.736530,21237
2025.737700,21238
2025.738065,21239
2025.738240,21240
2025.738340,21241
2025.738340,21242
2025.738460,21243
2025.740835,21244
2025.742240,21245
2025.745050,21246
2025.745590,21247
2025.745905,21248
2025.747390,21249
2025.747940,21250
2025.748340,21251
2025.748340,21252
2025.749120,21253
2025.749703,21254
2025.751870,21255
2025.753960,21256
2025.754840,21257
2025.756500,21258
2025.758890,21259
2025.759340,21260
2025.759725,21261
2025.761800,21262
2025.764260,21263
2025.764773,21264
2025.768340,21265
2025.769640,21266
2025.770010,21267
2025.773340,21268
2025.773540,21269
2025.776660,21270
2025.780040,21271
2025.780340,21272
2025.780853,21273
2025.782620,21274
2025.782667,21275
2025.783790,21276
2025.784880,21277
2025.788340,21278
2025.788340,21279
2025.789540,21280
2025.790400,21281
2025.790420,21284
2025.792497,21287
2025.793002,21288
2025.793150,21289
2025.793453,21290
2025.798340,21291
2025.798340,21295
2025.799354,21296
2025.799870,21297
2025.799990,21298
2025.801390,21299
2025.804440,21300
2025.804520,21301
2025.805650,21302
2025.806170,21303
2025.808340,21305
2025.808340,21306
2025.809760,21307
2025.809920,21308
2025.810840,21309
2025.811026,21310
2025.814278,21311
2025.818340,21314
2025.818340,21320
2025.818340,21322
2025.818340,21325
2025.819805,21326
2025.821530,21327
2025.821802,21328
2025.822023,21329
2025.822975,21330
2025.827019,21331
2025.827680,21332
2025.828340,21333
2025.828340,21334
2025.829200,21335
2025.829360,21336
2025.829440,21337
2025.836765,21338
2025.837200,21339
2025.838340,21341
2025.838340,21342
2025.838340,21343
2025.839240,21344
2025.843003,21345
2025.845750,21346
2025.848340,21348
2025.848340,21349
2025.848340,21350
2025.848500,21351
2025.850440,21353
2025.850879,21354
2025.852060,21355
2025.853340,21356
2025.854760,21357
2025.855040,21358
2025.856555,21359
2025.857590,21360
2025.858340,21361
2025.858432,21362
2025.861540,21363
2025.861750,21364
2025.863686,21365
2025.864355,21366
2025.864865,21367
2025.865560,21368
2025.866040,21369
2025.866400,21370
2025.867190,21371
2025.868040,21372
2025.868340,21373
2025.868340,21374
2025.868720,21375
2025.868807,21376
2025.868823,21377
2025.871120,21378
2025.871490,21379
2025.872140,21380
2025.874980,21381
2025.878340,21383
2025.878340,21385
2025.878540,21386
2025.884827,21387
2025.887210,21388
2025.888340,21390
2025.888340,21392
2025.888340,21393
2025.890840,21394
2025.891640,21395
2025.894180,21396
2025.894340,21397
2025.898322,21398
2025.898340,21400
2025.898340,21401
2025.908790,21402
2025.908970,21403
2025.909330,21404
2025.910540,21405
2025.911953,21406
2025.913340,21407
2025.914140,21408
2025.915667,21409
2025.917200,21410
2025.917970,21411
2025.918340,21412
2025.918340,21414
2025.918340,21422
2025.918340,21425
2025.918340,21426
2025.918616,21427
2025.921120,21430
2025.924820,21431
2025.927140,21432
2025.927940,21433
2025.928340,21434
2025.928340,21435
2025.932590,21437
2025.933340,21438
2025.933400,21439
2025.935030,21440
2025.935160,21442
2025.936320,21443
2025.937409,21444
2025.937830,21445
2025.938340,21447
2025.938560,21449
2025.942240,21450
2025.943480,21452
2025.945714,21453
2025.946510,21454
2025.947520,21455
2025.948340,21456
2025.948340,21458
2025.948860,21459
2025.950580,21460
2025.955220,21461
2025.956440,21462
2025.960900,21463
2025.963525,21464
2025.965310,21465
2025.966342,21466
2025.968340,21468
2025.970434,21469
2025.978340,21470
2025.978340,21472
2025.978370,21473
2025.978850,21475
2025.980340,21476
2025.984510,21477
2025.985445,21478
2025.986340,21479
2025.988340,21481
2025.989440,21482
2025.994340,21483
2025.997632,21484
2025.998635,21485
2026.003340,21486
2026.003349,21487
2026.005280,21488
2026.005610,21491
2026.007350,21492
2026.008340,21493
2026.008340,21496
2026.008690,21497
2026.011160,21498
2026.015160,21499
2026.016400,21500
2026.017017,21501
2026.017630,21502
2026.018340,21503
2026.018340,21520
2026.018340,21549
2026.018340,21560
2026.018340,21561
2026.018340,21562
2026.019390,21563
2026.022200,21564
2026.028340,21565
2026.029395,21566
2026.030060,21567
2026.033230,21568
2026.035668,21569
2026.036520,21570
2026.037077,21571
2026.038607,21572
2026.041870,21573
2026.042968,21574
2026.047510,21575
2026.047510,21576
2026.048340,21577
2026.055800,21578
2026.055800,21579
2026.056450,21580
2026.057453,21581
2026.058340,21582
2026.058340,21589
2026.059740,21590
2026.068340,21591
2026.068340,21592
2026.070895,21593
2026.071673,21594
2026.074175,21595
2026.074240,21596
2026.074740,21597
2026.074985,21598
2026.075625,21599
2026.077905,21600
2026.078340,21601
2026.078940,21602
2026.080580,21603
2026.081140,21604
2026.081540,21605
2026.081673,21606
2026.083340,21607
2026.083805,21608
2026.083940,21609
2026.084060,21610
2026.084713,21611
2026.086136,21612
2026.087030,21613
2026.088340,21614
2026.088720,21615
2026.091150,21616
2026.091214,21619
2026.092020,21620
2026.096940,21621
2026.098340,21624
2026.098340,21625
2026.100940,21626
2026.101325,21627
2026.101673,21628
2026.102040,21629
2026.106840,21630
2026.107975,21631
2026.110631,21632
2026.112040,21633
2026.113833,21634
2026.116010,21637
2026.118010,21638
2026.118340,21643
2026.118340,21646
2026.118340,21647
2026.118340,21653
2026.118340,21656
2026.118340,21659
2026.121180,21660
2026.122980,21661
2026.123240,21662
2026.125820,21663
2026.126780,21665
2026.134350,21666
2026.135445,21667
2026.137990,21668
2026.138340,21669
2026.138340,21670
2026.139410,21671
2026.140210,21672
2026.141740,21673
2026.142130,21674
2026.143080,21675
2026.143690,21676
2026.148970,21677
2026.150180,21678
2026.150980,21679
2026.151440,21680
2026.152880,21681
2026.158340,21682
2026.158340,21683
2026.158785,21684
2026.162070,21685
2026.162080,21686
2026.163215,21687
2026.165383,21688
2026.168340,21689
2026.168710,21690
2026.170340,21691
2026.171853,21692
2026.172024,21693
2026.176080,21694
2026.176740,21695
2026.178340,21696
2026.180285,21697
2026.182220,21698
2026.185190,21700
2026.185335,21701
2026.186940,21702
2026.188140,21703
2026.189166,21704
2026.193700,21705
2026.194800,21706
2026.194940,21707
2026.197380,21708
2026.198340,21709
2026.198340,21710
2026.198340,21711
2026.198740,21712
2026.199060,21713
2026.202340,21714
2026.207680,21715
2026.208340,21716
2026.208340,21721
2026.208340,21723
2026.208940,21724
2026.210178,21725
2026.210245,21726
2026.211820,21727
2026.213140,21728
2026.218100,21729
2026.218340,21734
2026.218340,21746
2026.218340,21749
2026.218340,21757
2026.218340,21758
2026.219250,21759
2026.219734,21760
2026.221770,21761
2026.222223,21762
2026.223790,21763
2026.224100,21764
2026.225040,21765
2026.225248,21766
2026.228340,21767
2026.228340,21768
2026.231340,21769
2026.232810,21770
2026.232810,21771
2026.234136,21772
2026.234290,21773
2026.235860,21774
2026.236710,21775
2026.236720,21776
2026.237230,21777
2026.238340,21778
2026.238340,21779
2026.238340,21780
2026.241080,21781
2026.243340,21782
2026.243720,21783
2026.243940,21784
2026.245210,21785
2026.245710,21786
2026.246312,21787
2026.247640,21788
2026.248340,21790
2026.248340,21792
2026.248340,21794
2026.248576,21795
2026.251185,21796
2026.251280,21797
2026.253027,21799
2026.253340,21800
2026.255940,21801
2026.258340,21803
2026.261290,21804
2026.263340,21805
2026.263340,21806
2026.263340,21807
2026.263495,21808
2026.267550,21809
2026.268340,21810
2026.268340,21812
2026.268340,21814
2026.268340,21816
2026.269140,21817
2026.270455,21818
2026.272010,21819
2026.272010,21820
2026.272720,21821
2026.273620,21823
2026.278340,21828
2026.278340,21830
2026.279240,21831
2026.279409,21832
2026.280616,21833
2026.283861,21834
2026.284840,21835
2026.286660,21836
2026.288340,21837
2026.288340,21838
2026.288440,21839
2026.288955,21840
2026.297555,21841
2026.298340,21842
2026.298340,21844
2026.298340,21845
2026.298753,21846
2026.298830,21847
2026.299840,21848
2026.299995,21849
2026.301620,21850
2026.301940,21851
2026.302170,21852
2026.304170,21853
2026.308340,21854
2026.311150,21855
2026.312410,21856
2026.312565,21857
2026.318262,21858
2026.318340,21860
2026.318340,21863
2026.318340,21865
2026.318340,21874
2026.318340,21876
2026.318340,21877
2026.318927,21878
2026.319450,21879
2026.320407,21880
2026.321025,21881
2026.323340,21882
2026.327840,21883
2026.327870,21884
2026.328340,21885
2026.329940,21886
2026.331540,21887
2026.333340,21888
2026.333624,21889
2026.334933,21890
2026.335920,21892
2026.336913,21893
2026.337940,21894
2026.338047,21895
2026.338340,21896
2026.340025,21897
2026.340265,21898
2026.340540,21899
2026.341940,21900
2026.343340,21901
2026.344239,21902
2026.344460,21903
2026.347790,21904
2026.348340,21905
2026.351570,21906
2026.351860,21907
2026.354410,21908
2026.358170,21910
2026.358340,21911
2026.359950,21912
2026.361673,21913
2026.361860,21914
2026.362220,21915
2026.363120,21916
2026.363148,21917
2026.363520,21918
2026.366170,21919
2026.366384,21920
2026.368040,21921
2026.368340,21922
2026.368340,21924
2026.369340,21925
2026.370530,21930
2026.371270,21931
2026.377190,21932
2026.378340,21933
2026.379040,21934
2026.379410,21935
2026.381134,21936
2026.381683,21937
2026.382648,21938
2026.382740,21939
2026.384620,21940
2026.384652,21941
2026.385445,21942
2026.387624,21943
2026.388340,21944
2026.388340,21945
2026.389490,21946
2026.391720,21947
2026.392680,21948
2026.393480,21949
2026.394590,21950
2026.395540,21951
2026.395600,21952
2026.396147,21953
2026.396240,21954
2026.397835,21955
2026.398340,21956
2026.398340,21957
2026.399850,21958
2026.400140,21959
2026.401340,21960
2026.402533,21961
2026.407620,21962
2026.407900,21963
2026.408340,21964
2026.408644,21965
2026.408955,21966
2026.411000,21967
2026.412020,21968
2026.413065,21969
2026.413410,21973
2026.414982,21974
2026.415940,21975
2026.416312,21976
2026.418340,21978
2026.418340,21982
2026.418340,21983
2026.418340,21984
2026.418340,21987
2026.418340,21988
2026.418340,21991
2026.423140,21992
2026.426190,21993
2026.428130,21994
2026.428340,21997
2026.428565,21998
2026.430860,21999
2026.434690,22000
2026.436940,22001
2026.438540,22002
2026.439040,22003
2026.440740,22004
2026.445135,22005
2026.445940,22006
2026.446080,22007
2026.448340,22008
2026.449190,22009
2026.450315,22010
2026.453740,22011
2026.455510,22012
2026.456165,22013
2026.458340,22014
2026.458340,22016
2026.458576,22017
2026.460640,22018
2026.460790,22019
2026.462740,22020
2026.465240,22021
2026.467060,22022
2026.467940,22023
2026.468340,22026
2026.468340,22027
2026.470580,22028
2026.471330,22029
2026.471720,22030
2026.474340,22031
2026.474840,22032
2026.476793,22033
2026.476793,22035
2026.477040,22036
2026.478340,22037
2026.478340,22038
2026.481340,22039
2026.481440,22040
2026.481570,22041
2026.483390,22042
2026.484390,22043
2026.485120,22046
2026.486087,22047
2026.488000,22048
2026.488340,22049
2026.489900,22050
2026.491940,22051
2026.492140,22052
2026.492645,22053
2026.496440,22054
2026.496540,22056
2026.498340,22058
2026.499410,22059
2026.499540,22060
2026.501370,22061
2026.501520,22062
2026.505440,22063
2026.507640,22064
2026.508340,22067
2026.508720,22068
2026.512300,22069
2026.513790,22070
2026.514930,22071
2026.518140,22072
2026.518173,22073
2026.518340,22075
2026.518340,22077
2026.518340,22082
2026.518340,22084
2026.518340,22089
2026.518340,22090
2026.518340,22094
2026.520113,22095
2026.520340,22096
2026.520417,22097
2026.521680,22098
2026.523290,22099
2026.525390,22101
2026.525840,22102
2026.528340,22103
2026.528340,22104
2026.529490,22105
2026.533380,22106
2026.535775,22107
2026.538040,22108
2026.538340,22109
2026.538340,22113
2026.538440,22114
2026.541540,22115
2026.541690,22116
2026.543355,22117
2026.543590,22118
2026.543604,22119
2026.546020,22120
2026.547100,22124
2026.547140,22126
2026.548260,22127
2026.548340,22128
2026.551240,22129
2026.552960,22130
2026.553680,22131
2026.555816,22132
2026.556260,22133
2026.556540,22134
2026.557310,22135
2026.558340,22137
2026.560333,22138
2026.563340,22139
2026.568340,22140
2026.570630,22141
2026.573140,22143
2026.573337,22144
2026.573340,22145
2026.573710,22146
2026.574000,22147
2026.574140,22148
2026.576767,22149
2026.578340,22150
2026.578340,22151
2026.579440,22152
2026.580910,22153
2026.581780,22154
2026.581990,22155
2026.584430,22156
2026.587260,22157
2026.588340,22159
2026.588410,22160
2026.589940,22161
2026.590480,22162
2026.590987,22163
2026.591740,22164
2026.592160,22165
2026.592440,22166
2026.592820,22167
2026.593030,22168
2026.593340,22169
2026.594140,22170
2026.594700,22171
2026.595640,22172
2026.597840,22173
2026.598340,22174
2026.598340,22176
2026.598340,22177
2026.599215,22178
2026.599502,22179
2026.601240,22180
2026.601290,22181
2026.602340,22182
2026.606040,22183
2026.606430,22184
2026.608340,22185
2026.608420,22186
2026.608936,22187
2026.609205,22188
2026.611740,22189
2026.612100,22190
2026.612676,22191
2026.613560,22192
2026.613740,22193
2026.614570,22194
2026.618340,22195
2026.618340,22203
2026.618340,22210
2026.618340,22212
2026.618340,22216
2026.618340,22218
2026.620340,22219
2026.624240,22220
2026.625120,22221
2026.625283,22222
2026.627727,22223
2026.628340,22226
2026.628340,22227
2026.628340,22228
2026.628340,22229
2026.631693,22230
2026.633080,22231
2026.633340,22232
2026.633340,22233
2026.633440,22234
2026.634390,22235
2026.636440,22236
2026.636710,22237
2026.637400,22238
2026.638340,22241
2026.642218,22242
2026.642340,22243
2026.643340,22244
2026.644010,22245
2026.644130,22246
2026.648060,22247
2026.648340,22248
2026.651262,22249
2026.655910,22250
2026.656800,22251
2026.656920,22252
2026.657665,22253
2026.658340,22254
2026.658340,22255
2026.658340,22256
2026.659660,22257
2026.660440,22258
2026.660440,22259
2026.661340,22260
2026.663290,22261
2026.666400,22262
2026.667940,22263
2026.668340,22265
2026.668340,22267
2026.668340,22268
2026.670170,22269
2026.671460,22270
2026.674140,22271
2026.678040,22272
2026.678340,22273
2026.678883,22274
2026.679440,22275
2026.680068,22276
2026.680850,22277
2026.685480,22278
2026.685540,22280
2026.685980,22281
2026.686105,22282
2026.686543,22283
2026.687970,22284
2026.689305,22285
2026.690901,22286
2026.692910,22287
2026.695990,22288
2026.696040,22289
2026.697100,22290
2026.698060,22291
2026.698340,22292
2026.698340,22293
2026.699140,22294
2026.701600,22295
2026.701640,22296
2026.708340,22297
2026.708580,22298
2026.709769,22299
2026.710540,22300
2026.710740,22301
2026.710930,22302
2026.711860,22303
2026.714140,22304
2026.715890,22305
2026.716140,22306
2026.716280,22307
2026.718340,22308
2026.718340,22309
2026.718340,22310
2026.718340,22312
2026.718340,22314
2026.720705,22315
2026.723340,22316
2026.727320,22317
2026.727510,22318
2026.727540,22319
2026.728340,22321
2026.728340,22322
2026.731902,22323
2026.733700,22324
2026.734040,22325
2026.735920,22326
2026.735940,22327
2026.736240,22328
2026.738340,22329
2026.744110,22330
2026.744450,22331
2026.744730,22332
2026.745007,22333
2026.748140,22334
2026.749525,22335
2026.749740,22336
2026.749940,22337
2026.751160,22338
2026.752021,22339
2026.752570,22340
2026.753340,22343
2026.753340,22344
2026.754140,22345
2026.756107,22346
2026.757210,22349
2026.758070,22350
2026.758340,22354
2026.758340,22356
2026.758340,22357
2026.758700,22358
2026.759970,22359
2026.760240,22360
2026.760840,22361
2026.762117,22362
2026.762934,22363
2026.763340,22364
2026.764579,22365
2026.768340,22366
2026.768340,22368
2026.769540,22369
2026.771798,22370
2026.772173,22371
2026.773340,22372
2026.776740,22373
2026.777040,22374
2026.778340,22375
2026.778340,22376
2026.778340,22377
2026.782590,22378
2026.783340,22379
2026.784074,22380
2026.784625,22381
2026.785030,22382
2026.788620,22383
2026.792040,22384
2026.793260,22385
2026.794155,22386
2026.794340,22387
2026.796257,22388
2026.796440,22389
2026.797040,22390
2026.797660,22391
2026.797931,22392
2026.798340,22393
2026.799440,22394
2026.799785,22395
2026.802090,22396
2026.802790,22397
2026.804790,22398
2026.805450,22399
2026.807040,22400
2026.808340,22401
2026.808340,22402
2026.808340,22403
2026.810190,22404
2026.811750,22409
2026.812695,22410
2026.813120,22412
2026.813340,22414
2026.816870,22415
2026.818340,22416
2026.818340,22425
2026.818340,22429
2026.818340,22438
2026.818980,22439
2026.825600,22440
2026.826540,22441
2026.826540,22442
2026.827847,22443
2026.828030,22444
2026.828340,22445
2026.828340,22446
2026.830607,22447
2026.831670,22448
2026.832964,22449
2026.835940,22450
2026.837040,22451
2026.838177,22452
2026.838340,22453
2026.838340,22456
2026.838340,22458
2026.839036,22459
2026.843340,22460
2026.843990,22461
2026.848340,22462
2026.850965,22463
2026.853390,22464
2026.858340,22465
2026.862520,22466
2026.863501,22467
2026.865250,22468
2026.868340,22469
2026.868340,22470
2026.870379,22471
2026.870582,22472
2026.871540,22473
2026.873015,22474
2026.874795,22475
2026.875840,22476
2026.876090,22477
2026.876440,22478
2026.878165,22479
2026.878340,22480
2026.878930,22481
2026.879980,22482
2026.881870,22483
2026.883065,22484
2026.884890,22485
2026.885800,22486
2026.888340,22487
2026.888340,22488
2026.892380,22489
2026.895840,22490
2026.896056,22491
2026.897565,22492
2026.898158,22493
2026.898340,22494
2026.898340,22495
2026.898340,22497
2026.898435,22498
2026.898473,22499
2026.899790,22501
2026.901360,22502
2026.902580,22503
2026.903700,22504
2026.906907,22505
2026.908340,22506
2026.911230,22507
2026.912503,22508
2026.912507,22509
2026.914140,22510
2026.915635,22511
2026.917540,22512
2026.918340,22513
2026.918340,22518
2026.918340,22519
2026.918340,22520
2026.919492,22522
2026.921624,22523
2026.926099,22524
2026.926570,22525
2026.928340,22526
2026.928930,22527
2026.930495,22529
2026.930940,22530
2026.931840,22531
2026.936740,22532
2026.938170,22533
2026.938340,22534
2026.938340,22535
2026.940450,22536
2026.940505,22537
2026.940880,22538
2026.944700,22539
2026.946380,22540
2026.948340,22541
2026.948340,22542
2026.948340,22544
2026.948340,22545
2026.948800,22546
2026.953640,22547
2026.954170,22548
2026.954266,22549
2026.954680,22550
2026.957510,22551
2026.958340,22553
2026.958340,22554
2026.961950,22555
2026.962620,22556
2026.963834,22557
2026.966010,22558
2026.966510,22560
2026.967790,22561
2026.968340,22562
2026.968340,22564
2026.968920,22565
2026.969940,22566
2026.970650,22567
2026.972553,22568
2026.975200,22569
2026.975380,22570
2026.976440,22571
2026.977480,22572
2026.977940,22573
2026.978340,22575
2026.978340,22576
2026.979020,22577
2026.982010,22578
2026.982280,22579
2026.986330,22580
2026.988020,22581
2026.988180,22582
2026.988340,22583
2026.988340,22584
2026.988590,22585
2026.989336,22586
2026.990540,22587
2026.992840,22588
2026.994495,22589
2026.995040,22590
2026.995390,22591
2026.996607,22592
2026.998500,22593
2027.008340,22594
2027.009352,22595
2027.010180,22596
2027.010220,22597
2027.011557,22598
2027.012380,22599
2027.014940,22600
2027.018340,22601
2027.018340,22612
2027.018340,22626
2027.018340,22634
2027.018340,22639
2027.018340,22643
2027.018340,22645
2027.018880,22646
2027.022310,22647
2027.022430,22648
2027.023740,22649
2027.024710,22651
2027.025495,22652
2027.026340,22656
2027.027736,22657
2027.028340,22658
2027.028940,22659
2027.029330,22660
2027.032673,22661
2027.033170,22662
2027.035230,22663
2027.036235,22664
2027.036270,22665
2027.037873,22666
2027.038340,22669
2027.039490,22670
2027.042160,22671
2027.043340,22672
2027.044340,22673
2027.045210,22674
2027.045400,22675
2027.047000,22676
2027.048340,22678
2027.048938,22680
2027.056460,22681
2027.056740,22682
2027.058340,22683
2027.058340,22684
2027.059681,22685
2027.062340,22686
2027.064040,22687
2027.073340,22688
2027.075740,22689
2027.077785,22690
2027.078207,22691
2027.078340,22692
2027.078340,22693
2027.078340,22694
2027.080621,22695
2027.080668,22696
2027.081360,22697
2027.082340,22698
2027.082840,22699
2027.083910,22700
2027.088340,22701
2027.093190,22702
2027.095940,22705
2027.097420,22707
2027.098677,22708
2027.101029,22709
2027.103890,22710
2027.105240,22711
2027.107435,22712
2027.108240,22713
2027.108340,22714
2027.108340,22715
2027.108340,22716
2027.110717,22717
2027.111390,22718
2027.117270,22719
2027.118100,22720
2027.118340,22727
2027.118340,22730
2027.118340,22737
2027.118340,22740
2027.118340,22741
2027.118340,22742
2027.119547,22743
2027.122140,22744
2027.122740,22746
2027.125190,22747
2027.125920,22749
2027.126710,22750
2027.127700,22751
2027.128340,22753
2027.128340,22755
2027.128540,22756
2027.129180,22757
2027.133498,22758
2027.133690,22759
2027.134840,22760
2027.135820,22761
2027.137420,22762
2027.138340,22763
2027.138340,22764
2027.138760,22765
2027.139150,22766
2027.140440,22767
2027.144560,22768
2027.145757,22769
2027.147610,22770
2027.148340,22771
2027.150540,22772
2027.151177,22773
2027.153340,22774
2027.155790,22775
2027.158340,22776
2027.158340,22777
2027.159090,22778
2027.159700,22779
2027.160545,22780
2027.161760,22781
2027.163840,22782
2027.164907,22783
2027.167279,22784
2027.167510,22786
2027.168340,22788
2027.168340,22790
2027.168340,22791
2027.172213,22793
2027.172940,22794
2027.174530,22795
2027.177850,22796
2027.178340,22797
2027.178340,22799
2027.180290,22800
2027.181673,22801
2027.183707,22802
2027.184754,22803
2027.187460,22804
2027.188340,22805
2027.188340,22809
2027.189617,22810
2027.190010,22811
2027.190380,22812
2027.191740,22813
2027.193620,22814
2027.194230,22815
2027.194800,22816
2027.195030,22817
2027.195340,22818
2027.195840,22819
2027.197540,22820
2027.202715,22821
2027.208340,22822
2027.208340,22824
2027.210335,22825
2027.210680,22826
2027.211140,22827
2027.211540,22828
2027.212440,22829
2027.212980,22830
2027.214550,22831
2027.214938,22832
2027.215050,22833
2027.216340,22834
2027.217165,22835
2027.218340,22837
2027.218340,22841
2027.218340,22843
2027.218340,22848
2027.218340,22850
2027.218340,22860
2027.219095,22861
2027.219940,22862
2027.220733,22863
2027.220990,22864
2027.223650,22865
2027.224690,22866
2027.227120,22867
2027.227340,22868
2027.230650,22869
2027.231210,22870
2027.231740,22871
2027.232023,22872
2027.232690,22873
2027.232819,22874
2027.233690,22875
2027.235940,22876
2027.236090,22877
2027.237690,22878
2027.238340,22879
2027.238340,22881
2027.239100,22882
2027.241347,22883
2027.244240,22884
2027.244940,22885
2027.248340,22886
2027.248340,22887
2027.248340,22888
2027.249040,22889
2027.251190,22890
2027.253390,22891
2027.256140,22892
2027.258340,22893
2027.258340,22895
2027.261510,22896
2027.262220,22897
2027.262540,22898
2027.265040,22899
2027.267840,22900
2027.268340,22901
2027.273910,22902
2027.274920,22903
2027.274990,22904
2027.275173,22905
2027.276740,22906
2027.278340,22907
2027.278340,22908
2027.280020,22909
2027.280240,22910
2027.280240,22911
2027.280580,22912
2027.284880,22913
2027.288340,22914
2027.288340,22915
2027.288840,22916
2027.289340,22917
2027.289465,22918
2027.289830,22919
2027.290040,22920
2027.291210,22921
2027.292720,22922
2027.293340,22923
2027.293520,22924
2027.297190,22925
2027.299285,22926
2027.302090,22927
2027.303340,22928
2027.304500,22929
2027.305840,22930
2027.308340,22931
2027.308340,22933
2027.308340,22934
2027.309440,22935
2027.310890,22936
2027.313631,22937
2027.314080,22938
2027.315230,22939
2027.315327,22940
2027.317920,22941
2027.318190,22942
2027.318340,22944
2027.318340,22952
2027.318340,22954
2027.318340,22957
2027.318340,22959
2027.318340,22962
2027.318340,22963
2027.319715,22964
2027.321214,22965
2027.321430,22966
2027.321430,22967
2027.323025,22968
2027.324468,22969
2027.325220,22970
2027.326235,22971
2027.326708,22972
2027.327943,22973
2027.328340,22975
2027.330208,22976
2027.331140,22977
2027.333120,22978
2027.335002,22979
2027.336740,22980
2027.337340,22981
2027.338340,22982
2027.342660,22983
2027.343030,22984
2027.344605,22985
2027.344785,22986
2027.345495,22987
2027.346860,22988
2027.348900,22989
2027.350680,22990
2027.352471,22991
2027.353340,22992
2027.353420,22993
2027.355040,22994
2027.355560,22995
2027.355928,22996
2027.357850,22997
2027.358730,23000
2027.358865,23001
2027.363040,23002
2027.364085,23003
2027.364290,23004
2027.365060,23005
2027.367900,23006
2027.367940,23007
2027.368340,23008
2027.368840,23009
2027.372790,23010
2027.375260,23011
2027.378340,23013
2027.378940,23014
2027.380995,23015
2027.382047,23016
2027.383173,23017
2027.383510,23018
2027.383810,23019
2027.383950,23020
2027.385007,23021
2027.385690,23022
2027.387290,23023
2027.388340,23024
2027.388540,23025
2027.392939,23026
2027.395140,23027
2027.397991,23028
2027.398340,23029
2027.398340,23031
2027.398340,23032
2027.403170,23033
2027.405550,23034
2027.410140,23035
2027.411381,23036
2027.413040,23037
2027.413340,23038
2027.414040,23039
2027.415360,23040
2027.416800,23041
2027.416843,23042
2027.418340,23048
2027.418340,23055
2027.418340,23058
2027.418340,23062
2027.418340,23079
2027.418340,23080
2027.418340,23082
2027.421710,23083
2027.421770,23085
2027.423813,23086
2027.423925,23087
2027.423940,23088
2027.424560,23089
2027.427240,23090
2027.427340,23091
2027.428340,23093
2027.429343,23094
2027.429640,23095
2027.432090,23096
2027.433340,23097
2027.437020,23098
2027.439240,23099
2027.441000,23100
2027.442465,23101
2027.442490,23102
2027.442490,23104
2027.444620,23105
2027.444940,23106
2027.447440,23107
2027.448230,23108
2027.448340,23109
2027.449344,23117
2027.452160,23118
2027.452735,23119
2027.453740,23120
2027.456680,23121
2027.459805,23122
2027.460416,23123
2027.461300,23124
2027.461500,23125
2027.465740,23126
2027.466740,23127
2027.467370,23128
2027.468340,23129
2027.468760,23130
2027.470646,23131
2027.474050,23132
2027.474731,23133
2027.475601,23134
2027.475940,23135
2027.476190,23136
2027.478340,23137
2027.478340,23138
2027.478380,23139
2027.481359,23140
2027.481549,23141
2027.483690,23142
2027.486610,23143
2027.488280,23144
2027.488340,23145
2027.489240,23146
2027.489830,23147
2027.493700,23148
2027.494180,23149
2027.496540,23150
2027.498340,23152
2027.498340,23153
2027.498838,23154
2027.503320,23155
2027.503320,23156
2027.508013,23157
2027.508340,23158
2027.508340,23159
2027.509265,23160
2027.512370,23162
2027.512703,23163
2027.512740,23164
2027.513540,23165
2027.518340,23166
2027.518340,23170
2027.518340,23175
2027.518340,23180
2027.518340,23182
2027.518340,23183
2027.518740,23184
2027.519850,23185
2027.523440,23186
2027.525213,23187
2027.526460,23188
2027.527360,23189
2027.528340,23191
2027.528340,23192
2027.528340,23193
2027.529190,23194
2027.529254,23196
2027.529640,23197
2027.529640,23198
2027.530067,23199
2027.530840,23200
2027.531040,23201
2027.531410,23202
2027.533340,23203
2027.534401,23204
2027.535790,23205
2027.536690,23206
2027.538340,23209
2027.539640,23210
2027.540140,23211
2027.540262,23213
2027.544460,23214
2027.548340,23215
2027.548501,23216
2027.548903,23217
2027.549819,23219
2027.549950,23220
2027.550005,23221
2027.550440,23222
2027.551070,23223
2027.552640,23224
2027.556640,23225
2027.557060,23226
2027.558340,23227
2027.558340,23229
2027.558340,23230
2027.558920,23231
2027.559110,23232
2027.568190,23233
2027.568340,23234
2027.572440,23235
2027.574304,23236
2027.574550,23237
2027.574730,23238
2027.578340,23239
2027.581600,23240
2027.583340,23241
2027.584720,23242
2027.585500,23243
2027.585531,23244
2027.587310,23245
2027.587910,23246
2027.588527,23247
2027.589397,23249
2027.590450,23250
2027.590800,23251
2027.590870,23252
2027.592440,23253
2027.593340,23256
2027.593470,23257
2027.595890,23258
2027.596090,23259
2027.597140,23260
2027.597240,23261
2027.597934,23263
2027.598340,23264
2027.598340,23265
2027.598780,23266
2027.598948,23267
2027.599363,23268
2027.599495,23269
2027.599590,23270
2027.601240,23271
2027.601490,23272
2027.601925,23273
2027.603260,23274
2027.607237,23275
2027.608220,23276
2027.608340,23278
2027.608340,23280
2027.609260,23281
2027.610640,23282
2027.610640,23283
2027.610790,23284
2027.612030,23285
2027.613140,23287
2027.613340,23288
2027.613764,23289
2027.613805,23290
2027.614840,23291
2027.615040,23292
2027.617000,23293
2027.618340,23295
2027.618340,23299
2027.618340,23302
2027.618340,23307
2027.618340,23310
2027.618340,23312
2027.618340,23319
2027.618720,23320
2027.620930,23321
2027.622707,23322
2027.623040,23323
2027.625600,23324
2027.626045,23325
2027.628340,23326
2027.628340,23327
2027.630835,23328
2027.630840,23329
2027.631240,23330
2027.634040,23331
2027.634100,23332
2027.638340,23333
2027.638340,23335
2027.638340,23336
2027.638340,23337
2027.638509,23338
2027.641440,23339
2027.641539,23340
2027.641574,23341
2027.642410,23342
2027.642670,23343
2027.646880,23344
2027.648340,23345
2027.648340,23346
2027.648340,23347
2027.648340,23348
2027.648690,23349
2027.651671,23350
2027.652960,23351
2027.654850,23352
2027.655240,23353
2027.656170,23354
2027.656650,23355
2027.658340,23356
2027.659240,23357
2027.665610,23358
2027.668040,23359
2027.669380,23360
2027.673910,23361
2027.674340,23362
2027.678340,23363
2027.678340,23364
2027.678340,23365
2027.680340,23366
2027.681340,23367
2027.683490,23368
2027.687460,23369
2027.688340,23371
2027.690520,23372
2027.691520,23373
2027.691840,23374
2027.692740,23375
2027.693980,23376
2027.694245,23377
2027.697210,23378
2027.697327,23379
2027.701840,23380
2027.703340,23382
2027.704400,23383
2027.710026,23384
2027.711807,23385
2027.712900,23386
2027.716540,23387
2027.716610,23388
2027.718340,23390
2027.718340,23391
2027.718340,23395
2027.718340,23399
2027.718340,23404
2027.718340,23406
2027.718340,23407
2027.720700,23408
2027.722660,23409
2027.723620,23410
2027.725780,23411
2027.727640,23412
2027.728340,23413
2027.731440,23414
2027.731625,23415
2027.731890,23416
2027.732340,23417
2027.733760,23418
2027.734160,23419
2027.735540,23420
2027.736770,23421
2027.740730,23422
2027.742340,23423
2027.743340,23424
2027.745125,23425
2027.745140,23426
2027.748340,23427
2027.752790,23428
2027.753440,23429
2027.754640,23430
2027.755550,23432
2027.756675,23433
2027.757830,23434
2027.758055,23435
2027.758340,23437
2027.758806,23438
2027.762120,23439
2027.762980,23440
2027.764140,23441
2027.765480,23442
2027.767340,23443
2027.768340,23444
2027.768340,23445
2027.769750,23446
2027.770041,23447
2027.771530,23448
2027.772140,23449
2027.772305,23450
2027.773512,23451
2027.773520,23452
2027.775025,23453
2027.778340,23455
2027.778340,23458
2027.781340,23459
2027.781840,23460
2027.783040,23461
2027.783240,23462
2027.783440,23463
2027.783620,23464
2027.786110,23465
2027.786332,23466
2027.788240,23467
2027.788340,23469
2027.788340,23470
2027.791500,23471
2027.793033,23472
2027.793270,23473
2027.793340,23474
2027.794745,23475
2027.795270,23477
2027.796240,23478
2027.796610,23479
2027.798340,23483
2027.798340,23484
2027.801160,23485
2027.801990,23486
2027.802600,23487
2027.802850,23488
2027.802940,23489
2027.804380,23490
2027.806490,23491
2027.810620,23492
2027.812210,23493
2027.813340,23494
2027.813390,23495
2027.814040,23496
2027.816010,23497
2027.818340,23500
2027.818340,23502
2027.818340,23505
2027.818340,23509
2027.818340,23511
2027.818340,23517
2027.818811,23518
2027.819990,23519
2027.822612,23522
2027.825980,23523
2027.826707,23524
2027.827590,23526
2027.828340,23527
2027.828340,23528
2027.828340,23529
2027.831040,23530
2027.831082,23531
2027.834290,23532
2027.834750,23533
2027.835040,23534
2027.836940,23535
2027.838380,23536
2027.838640,23537
2027.840340,23538
2027.840840,23539
2027.841452,23540
2027.843680,23541
2027.844940,23542
2027.845840,23543
2027.846255,23544
2027.847940,23545
2027.848140,23547
2027.848340,23548
2027.848340,23549
2027.849970,23550
2027.853340,23551
2027.856730,23552
2027.857770,23553
2027.858340,23555
2027.858740,23556
2027.858840,23557
2027.863940,23558
2027.864110,23559
2027.865740,23560
2027.866010,23561
2027.868340,23562
2027.869900,23563
2027.871285,23564
2027.873285,23565
2027.874040,23566
2027.875240,23567
2027.876630,23568
2027.877215,23569
2027.878340,23570
2027.878340,23571
2027.886080,23572
2027.887400,23574
2027.887540,23575
2027.888340,23577
2027.893340,23578
2027.893674,23579
2027.895007,23581
2027.895420,23582
2027.896340,23583
2027.897240,23584
2027.898340,23586
2027.898360,23587
2027.899150,23588
2027.899907,23589
2027.899917,23590
2027.900185,23591
2027.903107,23592
2027.904340,23593
2027.907230,23594
2027.907240,23595
2027.907770,23596
2027.907863,23597
2027.908340,23598
2027.908340,23600
2027.908340,23601
2027.909800,23602
2027.913690,23603
2027.914020,23604
2027.914140,23605
2027.914750,23606
2027.916580,23607
2027.917640,23608
2027.918170,23609
2027.918340,23610
2027.918340,23612
2027.918340,23620
2027.918340,23622
2027.918340,23623
2027.919740,23624
2027.920273,23625
2027.920763,23626
2027.921325,23627
2027.922290,23628
2027.923060,23629
2027.923648,23630
2027.925340,23631
2027.926385,23632
2027.928340,23633
2027.928340,23635
2027.928340,23636
2027.929110,23638
2027.934100,23639
2027.937490,23640
2027.938040,23641
2027.938340,23642
2027.938390,23643
2027.938806,23645
2027.940190,23646
2027.940950,23647
2027.941550,23648
2027.942640,23649
2027.944090,23650
2027.945190,23651
2027.947740,23652
2027.948500,23653
2027.950810,23654
2027.952040,23655
2027.952330,23656
2027.953240,23657
2027.953618,23658
2027.955600,23659
2027.955880,23661
2027.955940,23662
2027.956410,23663
2027.958340,23664
2027.958340,23665
2027.958340,23666
2027.958786,23667
2027.961045,23668
2027.961540,23669
2027.962750,23670
2027.963015,23671
2027.965693,23672
2027.965720,23673
2027.968040,23674
2027.968226,23675
2027.968340,23676
2027.968340,23678
2027.968340,23679
2027.968827,23680
2027.973077,23681
2027.973240,23682
2027.973240,23683
2027.973640,23684
2027.976424,23685
2027.977020,23686
2027.978240,23687
2027.978330,23688
2027.979350,23689
2027.983340,23690
2027.984970,23691
2027.992540,23692
2027.995540,23693
2027.996740,23694
2027.998340,23695
2027.999490,23696
2028.001090,23697
2028.002015,23698
2028.004510,23699
2028.004840,23700
2028.005840,23701
2028.008060,23702
2028.008340,23706
2028.008640,23707
2028.012790,23708
2028.013000,23709
2028.013340,23710
2028.014985,23711
2028.015260,23712
2028.018290,23713
2028.018340,23714
2028.018340,23727
2028.018340,23738
2028.018340,23746
2028.018340,23749
2028.018340,23751
2028.018340,23752
2028.018340,23753
2028.018940,23754
2028.019055,23755
2028.019170,23756
2028.020440,23757
2028.021520,23758
2028.023340,23759
2028.024540,23767
2028.028340,23768
2028.028837,23769
2028.028900,23770
2028.029040,23771
2028.029885,23772
2028.031440,23773
2028.031728,23774
2028.032217,23775
2028.034760,23776
2028.035010,23779
2028.038340,23780
2028.038340,23781
2028.039070,23782
2028.039103,23783
2028.039290,23784
2028.044740,23785
2028.045540,23786
2028.046586,23787
2028.047510,23788
2028.047760,23789
2028.047985,23790
2028.051197,23791
2028.052380,23792
2028.053230,23793
2028.053930,23794
2028.054017,23795
2028.058110,23796
2028.058340,23797
2028.058340,23798
2028.058720,23799
2028.060820,23800
2028.062140,23801
2028.062300,23802
2028.062640,23803
2028.063130,23804
2028.064010,23805
2028.064740,23806
2028.065770,23807
2028.068025,23808
2028.068240,23809
2028.068340,23810
2028.069050,23815
2028.069840,23816
2028.071140,23817
2028.071380,23818
2028.071440,23819
2028.073340,23820
2028.073340,23821
2028.073340,23822
2028.073730,23823
2028.076950,23824
2028.077070,23825
2028.077610,23826
2028.078340,23828
2028.078340,23829
2028.078340,23830
2028.079610,23831
2028.081673,23832
2028.082490,23833
2028.083470,23834
2028.085050,23836
2028.087740,23837
2028.088030,23838
2028.088340,23839
2028.088340,23842
2028.089340,23852
2028.091070,23853
2028.093505,23854
2028.093990,23855
2028.094530,23856
2028.094773,23857
2028.095773,23858
2028.097324,23859
2028.098340,23862
2028.099540,23863
2028.101650,23864
2028.101710,23865
2028.105600,23868
2028.106640,23869
2028.106666,23870
2028.108340,23872
2028.108340,23873
2028.108440,23874
2028.110540,23875
2028.111580,23876
2028.113580,23877
2028.114690,23878
2028.115110,23879
2028.116530,23880
2028.116640,23881
2028.118240,23882
2028.118340,23885
2028.118340,23888
2028.118340,23894
2028.118340,23896
2028.118340,23900
2028.119040,23901
2028.122435,23902
2028.122740,23903
2028.126934,23904
2028.126940,23905
2028.127735,23906
2028.128090,23907
2028.128340,23909
2028.128340,23910
2028.129080,23911
2028.130520,23912
2028.130940,23913
2028.131990,23914
2028.132120,23915
2028.135070,23916
2028.136010,23917
2028.136870,23918
2028.137490,23919
2028.138340,23921
2028.139650,23922
2028.139850,23923
2028.140840,23924
2028.145007,23925
2028.145540,23926
2028.148340,23929
2028.148440,23930
2028.149426,23931
2028.150320,23932
2028.150672,23933
2028.152240,23934
2028.152268,23935
2028.154740,23936
2028.156840,23937
2028.157817,23938
2028.158340,23939
2028.158340,23942
2028.158340,23944
2028.158340,23945
2028.158510,23946
2028.158530,23947
2028.158542,23948
2028.158840,23949
2028.164140,23950
2028.165211,23951
2028.165504,23952
2028.167630,23953
2028.168340,23954
2028.168340,23955
2028.168920,23956
2028.170690,23957
2028.171980,23958
2028.172507,23959
2028.175340,23960
2028.176008,23961
2028.178340,23962
2028.178340,23964
2028.179633,23965
2028.179740,23967
2028.182620,23968
2028.183140,23969
2028.183235,23970
2028.183340,23971
2028.186540,23972
2028.187825,23973
2028.188660,23974
2028.189150,23975
2028.192750,23979
2028.193440,23980
2028.194040,23981
2028.196190,23982
2028.197690,23983
2028.198240,23984
2028.198340,23985
2028.198340,23986
2028.198340,23987
2028.198850,23988
2028.201920,23989
2028.203340,23991
2028.206290,23992
2028.206520,23993
2028.207990,23994
2028.208340,23996
2028.208340,23998
2028.208340,23999
2028.209640,24000
2028.210200,24001
2028.213306,24002
2028.213340,24003
2028.214125,24004
2028.217001,24005
2028.218340,24011
2028.218340,24013
2028.218340,24019
2028.218340,24028
2028.218340,24033
2028.218340,24035
2028.221340,24036
2028.221390,24037
2028.223040,24038
2028.223840,24039
2028.226210,24040
2028.227540,24041
2028.228340,24042
2028.228340,24043
2028.232590,24044
2028.232686,24045
2028.234420,24048
2028.234810,24049
2028.239640,24050
2028.241673,24051
2028.243440,24052
2028.244700,24053
2028.248640,24054
2028.251452,24055
2028.252055,24056
2028.253118,24057
2028.253340,24059
2028.254640,24060
2028.255015,24062
2028.256760,24063
2028.257450,24066
2028.258340,24067
2028.258340,24068
2028.258340,24069
2028.259010,24072
2028.263440,24073
2028.263840,24074
2028.268260,24075
2028.268340,24076
2028.268340,24077
2028.270240,24078
2028.271735,24079
2028.273340,24080
2028.273570,24081
2028.274840,24082
2028.275115,24084
2028.276330,24085
2028.277334,24086
2028.278340,24087
2028.278340,24089
2028.278340,24090
2028.278360,24091
2028.281240,24092
2028.281673,24093
2028.282170,24094
2028.284570,24095
2028.285025,24096
2028.285490,24097
2028.286770,24098
2028.287670,24099
2028.288340,24100
2028.288340,24101
2028.290000,24102
2028.290810,24104
2028.293640,24106
2028.294120,24107
2028.294240,24108
2028.296740,24109
2028.297950,24110
2028.298340,24111
2028.298340,24112
2028.298340,24113
2028.298340,24114
2028.298690,24115
2028.299440,24116
2028.304900,24117
2028.305550,24118
2028.307290,24119
2028.308340,24120
2028.308700,24121
2028.311640,24122
2028.312335,24123
2028.313090,24124
2028.317240,24125
2028.318140,24126
2028.318320,24127
2028.318340,24130
2028.318340,24131
2028.318340,24138
2028.318340,24139
2028.318340,24145
2028.318340,24146
2028.319300,24147
2028.319890,24148
2028.320350,24149
2028.321040,24150
2028.322040,24151
2028.322517,24152
2028.322570,24153
2028.322640,24154
2028.323140,24155
2028.324335,24156
2028.324890,24157
2028.325550,24158
2028.325840,24159
2028.326780,24160
2028.326845,24161
2028.327014,24162
2028.327150,24163
2028.328340,24165
2028.328340,24167
2028.328720,24168
2028.329724,24169
2028.332016,24170
2028.336620,24171
2028.336950,24172
2028.338340,24173
2028.339905,24174
2028.342375,24175
2028.342715,24176
2028.344290,24177
2028.344855,24178
2028.345040,24179
2028.346090,24180
2028.348340,24181
2028.348340,24182
2028.348340,24187
2028.349140,24188
2028.350340,24189
2028.350340,24190
2028.350840,24191
2028.351540,24192
2028.354347,24193
2028.355130,24194
2028.355200,24195
2028.355740,24196
2028.358340,24197
2028.358573,24198
2028.360690,24199
2028.361540,24200
2028.363100,24201
2028.363340,24202
2028.365545,24203
2028.368240,24204
2028.368340,24205
2028.368340,24206
2028.368340,24207
2028.369265,24208
2028.375440,24209
2028.375507,24210
2028.378340,24211
2028.381050,24212
2028.381340,24213
2028.382800,24214
2028.384370,24215
2028.386340,24216
2028.387380,24217
2028.388340,24218
2028.391880,24219
2028.392324,24220
2028.393795,24221
2028.395130,24222
2028.396020,24223
2028.397240,24224
2028.397803,24227
2028.398340,24228
2028.398743,24229
2028.400490,24230
2028.400835,24231
2028.402230,24232
2028.403340,24233
2028.404540,24234
2028.404629,24235
2028.405500,24236
2028.405840,24237
2028.405970,24238
2028.405980,24239
2028.406170,24240
2028.407210,24241
2028.407350,24242
2028.407970,24243
2028.408340,24244
2028.408340,24245
2028.408340,24246
2028.408390,24247
2028.408840,24248
2028.413220,24249
2028.413740,24250
2028.413940,24251
2028.415635,24252
2028.418340,24254
2028.418340,24262
2028.418340,24269
2028.418340,24270
2028.418340,24272
2028.418340,24276
2028.418470,24278
2028.419540,24279
2028.419640,24280
2028.420390,24281
2028.422090,24283
2028.424250,24284
2028.425968,24285
2028.427070,24286
2028.428340,24287
2028.428340,24288
2028.429990,24289
2028.432300,24290
2028.433340,24291
2028.436790,24292
2028.438340,24293
2028.438340,24299
2028.441240,24300
2028.443585,24301
2028.444524,24302
2028.445370,24303
2028.446090,24304
2028.448235,24305
2028.448340,24306
2028.448340,24307
2028.450540,24309
2028.453450,24310
2028.455910,24311
2028.458347,24312
2028.460440,24313
2028.460840,24314
2028.461350,24315
2028.461740,24316
2028.462001,24317
2028.462220,24318
2028.465007,24319
2028.465847,24320
2028.466940,24321
2028.468340,24322
2028.468340,24323
2028.468340,24325
2028.468940,24326
2028.469540,24327
2028.469970,24328
2028.471780,24329
2028.474378,24330
2028.474400,24331
2028.476450,24332
2028.477080,24333
2028.477813,24334
2028.478340,24336
2028.478340,24337
2028.478565,24338
2028.480720,24339
2028.482070,24340
2028.485640,24341
2028.485780,24342
2028.486040,24343
2028.486500,24344
2028.487220,24345
2028.488340,24346
2028.493490,24347
2028.496140,24348
2028.497558,24349
2028.497707,24350
2028.498340,24351
2028.499340,24352
2028.499870,24353
2028.501720,24354
2028.503340,24355
2028.506610,24357
2028.507483,24358
2028.508340,24360
2028.508340,24361
2028.509540,24362
2028.510840,24363
2028.513205,24364
2028.513340,24365
2028.516600,24366
2028.518280,24367
2028.518340,24368
2028.518340,24372
2028.518340,24378
2028.518340,24385
2028.518340,24389
2028.518340,24396
2028.518540,24397
2028.519390,24398
2028.521420,24399
2028.523340,24400
2028.524710,24401
2028.527015,24402
2028.528250,24403
2028.528340,24404
2028.528340,24405
2028.529170,24406
2028.533140,24407
2028.533190,24408
2028.533340,24409
2028.538340,24413
2028.538340,24414
2028.538750,24415
2028.539340,24416
2028.541490,24417
2028.541673,24418
2028.541740,24419
2028.543750,24420
2028.548340,24421
2028.549913,24422
2028.550530,24423
2028.551810,24424
2028.553203,24425
2028.553950,24426
2028.554080,24427
2028.558340,24428
2028.558380,24429
2028.558980,24431
2028.559034,24432
2028.559090,24433
2028.559779,24434
2028.561440,24435
2028.562420,24436
2028.563140,24439
2028.565550,24440
2028.565840,24442
2028.566512,24443
2028.567840,24444
2028.567990,24446
2028.570810,24447
2028.570840,24448
2028.571730,24449
2028.572450,24450
2028.573940,24451
2028.574940,24452
2028.576290,24453
2028.577592,24454
2028.578340,24455
2028.578440,24456
2028.579940,24457
2028.582170,24458
2028.583440,24459
2028.584120,24460
2028.584460,24461
2028.587910,24462
2028.588340,24463
2028.589480,24464
2028.589550,24465
2028.590040,24466
2028.591120,24467
2028.596055,24468
2028.597030,24469
2028.597330,24470
2028.598340,24471
2028.599170,24472
2028.602120,24473
2028.602580,24474
2028.603140,24475
2028.606730,24476
2028.607840,24478
2028.608340,24479
2028.608340,24480
2028.608340,24483
2028.611340,24484
2028.611390,24485
2028.613236,24486
2028.614140,24487
2028.614990,24488
2028.617070,24489
2028.618340,24496
2028.618340,24500
2028.618340,24503
2028.618340,24506
2028.618340,24510
2028.619813,24511
2028.621540,24512
2028.624390,24513
2028.628340,24514
2028.628340,24515
2028.630490,24516
2028.632420,24517
2028.632640,24518
2028.633340,24519
2028.633940,24520
2028.638340,24523
2028.638340,24524
2028.638340,24525
2028.638640,24526
2028.638973,24527
2028.640521,24528
2028.640909,24529
2028.641290,24530
2028.643305,24531
2028.643340,24532
2028.643795,24533
2028.645190,24534
2028.648087,24536
2028.648140,24537
2028.648340,24538
2028.648340,24540
2028.648340,24541
2028.648340,24542
2028.649740,24543
2028.651630,24544
2028.651673,24545
2028.652240,24546
2028.652440,24547
2028.654260,24548
2028.656290,24549
2028.658340,24550
2028.658410,24551
2028.662180,24552
2028.664030,24553
2028.665007,24554
2028.665164,24555
2028.668340,24556
2028.668340,24557
2028.670440,24558
2028.671730,24559
2028.673480,24560
2028.673630,24561
2028.677140,24562
2028.677270,24563
2028.679430,24565
2028.683037,24566
2028.684440,24567
2028.685145,24568
2028.685240,24569
2028.686440,24570
2028.688340,24571
2028.688928,24572
2028.689540,24573
2028.694757,24574
2028.698140,24575
2028.698340,24576
2028.698340,24577
2028.698340,24578
2028.698890,24579
2028.699660,24580
2028.702140,24581
2028.702340,24582
2028.703340,24583
2028.704343,24584
2028.704490,24585
2028.704540,24586
2028.705930,24587
2028.706675,24588
2028.708340,24589
2028.709530,24590
2028.710610,24591
2028.711040,24592
2028.711690,24593
2028.715307,24594
2028.716150,24595
2028.717700,24596
2028.718340,24598
2028.718340,24599
2028.718340,24605
2028.718340,24609
2028.718600,24610
2028.718640,24611
2028.719075,24612
2028.719240,24614
2028.719887,24615
2028.720340,24616
2028.721240,24617
2028.721410,24618
2028.728043,24619
2028.728340,24620
2028.728340,24622
2028.732340,24623
2028.735760,24624
2028.737260,24625
2028.737480,24626
2028.737940,24627
2028.738300,24628
2028.738340,24629
2028.741840,24630
2028.743230,24631
2028.743240,24632
2028.743370,24633
2028.744978,24634
2028.745140,24635
2028.745340,24636
2028.746540,24637
2028.748810,24638
2028.750570,24639
2028.752740,24640
2028.753340,24641
2028.753340,24642
2028.753740,24643
2028.755800,24644
2028.756660,24646
2028.758340,24647
2028.763700,24649
2028.764340,24650
2028.766040,24651
2028.767740,24652
2028.767930,24653
2028.768340,24654
2028.768340,24655
2028.768390,24656
2028.768660,24657
2028.769184,24658
2028.771440,24659
2028.772381,24660
2028.776229,24661
2028.776240,24662
2028.777990,24663
2028.778340,24664
2028.778340,24665
2028.788340,24666
2028.788340,24667
2028.788340,24688
2028.788340,24689
2028.788540,24690
2028.790980,24691
2028.794040,24692
2028.794330,24693
2028.794637,24694
2028.794840,24695
2028.796940,24696
2028.797375,24697
2028.799873,24698
2028.801090,24699
2028.802060,24700
2028.803400,24701
2028.804870,24703
2028.807390,24704
2028.808340,24705
2028.810400,24706
2028.811560,24707
2028.811610,24708
2028.812450,24709
2028.813040,24710
2028.813640,24711
2028.813790,24712
2028.816820,24713
2028.818340,24714
2028.818340,24718
2028.818340,24725
2028.818340,24730
2028.818520,24731
2028.820040,24732
2028.820260,24733
2028.820380,24734
2028.821840,24735
2028.825290,24736
2028.825730,24737
2028.826910,24738
2028.827950,24739
2028.827968,24740
2028.828340,24741
2028.828340,24744
2028.828340,24746
2028.829050,24747
2028.831508,24748
2028.831887,24749
2028.833310,24750
2028.833340,24751
2028.833570,24752
2028.836140,24753
2028.836890,24754
2028.837460,24756
2028.838340,24760
2028.838340,24761
2028.838340,24763
2028.838465,24764
2028.839517,24765
2028.840397,24766
2028.840595,24767
2028.840687,24768
2028.840820,24769
2028.841340,24771
2028.842150,24772
2028.842872,24773
2028.844940,24774
2028.846340,24775
2028.846480,24776
2028.848340,24777
2028.849340,24778
2028.852840,24779
2028.853340,24780
2028.854140,24781
2028.854640,24782
2028.854714,24783
2028.854880,24785
2028.855040,24786
2028.855428,24788
2028.857240,24789
2028.858020,24790
2028.858340,24791
2028.858340,24792
2028.858564,24793
2028.859873,24794
2028.862640,24795
2028.863761,24797
2028.864920,24798
2028.865100,24799
2028.865200,24801
2028.867961,24802
2028.868627,24803
2028.872240,24804
2028.873537,24805
2028.873830,24806
2028.874870,24808
2028.874940,24809
2028.875740,24810
2028.875940,24811
2028.876045,24812
2028.876340,24813
2028.878340,24814
2028.881350,24815
2028.882790,24816
2028.882840,24817
2028.883240,24818
2028.884040,24819
2028.884150,24820
2028.884910,24821
2028.885620,24822
2028.888340,24823
2028.888340,24824
2028.889790,24825
2028.890640,24826
2028.892040,24827
2028.898340,24828
2028.899680,24829
2028.901020,24830
2028.901710,24831
2028.903580,24833
2028.904390,24834
2028.904590,24835
2028.905450,24836
2028.907591,24837
2028.908340,24840
2028.908340,24841
2028.908340,24842
2028.909981,24843
2028.910570,24844
2028.910896,24845
2028.911240,24846
2028.912001,24847
2028.913430,24848
2028.913652,24849
2028.914040,24850
2028.918140,24851
2028.918340,24856
2028.918340,24866
2028.918340,24868
2028.918340,24875
2028.918340,24879
2028.918340,24901
2028.919440,24902
2028.920765,24903
2028.920983,24904
2028.923340,24905
2028.928340,24906
2028.928340,24908
2028.928340,24909
2028.932789,24910
2028.933640,24911
2028.934210,24912
2028.936340,24913
2028.938340,24914
2028.938340,24915
2028.939340,24916
2028.940000,24917
2028.940630,24918
2028.941120,24919
2028.942407,24920
2028.942773,24921
2028.944740,24922
2028.948235,24923
2028.948340,24924
2028.948340,24926
2028.949340,24927
2028.949350,24928
2028.950660,24929
2028.951520,24930
2028.951980,24931
2028.952230,24932
2028.952340,24933
2028.953545,24934
2028.953670,24935
2028.956140,24936
2028.956550,24937
2028.957420,24938
2028.957840,24939
2028.958340,24941
2028.958340,24947
2028.960140,24948
2028.960250,24949
2028.962450,24950
2028.963210,24951
2028.963596,24952
2028.964073,24953
2028.964386,24954
2028.966289,24955
2028.966840,24956
2028.967920,24957
2028.968340,24958
2028.968340,24959
2028.968765,24960
2028.970093,24961
2028.970350,24962
2028.970440,24963
2028.971678,24964
2028.975495,24965
2028.976660,24966
2028.978340,24967
2028.984150,24968
2028.985590,24969
2028.988340,24970
2028.988536,24971
2028.994288,24972
2028.995740,24973
2028.996235,24974
2028.996929,24975
2028.997040,24976
2028.997049,24977
2028.997555,24978
2028.998340,24979
2028.998340,24980
2028.999140,24981
2028.999800,24982
2029.002440,24983
2029.005428,24984
2029.008145,24985
2029.008340,24986
2029.008340,24990
2029.011270,24991
2029.011780,24992
2029.012608,24993
2029.015790,24994
2029.016190,24995
2029.016340,24996
2029.017919,24997
2029.018205,24998
2029.018300,24999
2029.018340,25001
2029.018340,25016
2029.018340,25028
2029.018340,25037
2029.018340,25041
2029.018340,25046
2029.018340,25047
2029.018340,25049
2029.018560,25050
2029.019140,25051
2029.021220,25052
2029.022140,25053
2029.023340,25054
2029.026510,25055
2029.027427,25056
2029.028340,25057
2029.028340,25058
2029.028340,25067
2029.028340,25068
2029.028340,25069
2029.028415,25070
2029.033565,25071
2029.036342,25072
2029.037690,25073
2029.037690,25074
2029.037920,25075
2029.038340,25076
2029.038340,25077
2029.040340,25078
2029.040428,25079
2029.043245,25080
2029.043893,25081
2029.046980,25084
2029.047140,25085
2029.048340,25086
2029.048340,25089
2029.048340,25091
2029.052330,25092
2029.052620,25093
2029.056497,25094
2029.058340,25095
2029.062090,25096
2029.062440,25097
2029.063340,25098
2029.067045,25099
2029.068340,25100
2029.068340,25101
2029.068340,25102
2029.068340,25104
2029.068340,25105
2029.070073,25106
2029.070940,25107
2029.071340,25108
2029.073060,25109
2029.073340,25110
2029.076640,25111
2029.078340,25112
2029.078340,25113
2029.079260,25114
2029.080240,25115
2029.083340,25116
2029.083540,25117
2029.083855,25118
2029.084340,25119
2029.084840,25120
2029.085007,25121
2029.085125,25122
2029.086940,25123
2029.087140,25124
2029.088340,25125
2029.088340,25126
2029.090110,25136
2029.092220,25137
2029.093340,25138
2029.095290,25139
2029.097780,25140
2029.098340,25141
2029.098520,25142
2029.098900,25143
2029.100503,25144
2029.101470,25145
2029.102050,25146
2029.104255,25147
2029.104790,25149
2029.105893,25150
2029.106860,25151
2029.108140,25152
2029.108340,25154
2029.108340,25156
2029.109550,25157
2029.110910,25159
2029.114040,25160
2029.116512,25161
2029.117855,25162
2029.118110,25163
2029.118340,25171
2029.118340,25175
2029.118340,25176
2029.118340,25178
2029.119370,25179
2029.119755,25180
2029.120260,25181
2029.124638,25182
2029.128340,25183
2029.128340,25184
2029.129230,25185
2029.129440,25186
2029.129700,25187
2029.132563,25188
2029.133660,25189
2029.134320,25190
2029.135140,25191
2029.135740,25192
2029.138240,25193
2029.138340,25194
2029.138850,25195
2029.140240,25196
2029.141260,25197
2029.142940,25198
2029.143040,25199
2029.143340,25200
2029.144940,25201
2029.147930,25202
2029.148340,25203
2029.150443,25204
2029.151740,25205
2029.152219,25208
2029.152543,25209
2029.152870,25210
2029.153230,25211
2029.154690,25212
2029.154770,25213
2029.155135,25214
2029.155220,25215
2029.155860,25216
2029.156010,25217
2029.157460,25218
2029.158340,25219
2029.158340,25220
2029.163240,25221
2029.163340,25222
2029.165007,25223
2029.166770,25224
2029.168340,25225
2029.168340,25226
2029.168340,25227
2029.168620,25228
2029.169090,25229
2029.172030,25230
2029.172666,25231
2029.174315,25232
2029.174430,25233
2029.174545,25234
2029.175800,25235
2029.178340,25236
2029.178340,25238
2029.184060,25239
2029.188340,25240
2029.188340,25241
2029.188340,25242
2029.188850,25244
2029.189220,25245
2029.189840,25246
2029.192174,25248
2029.192273,25249
2029.194011,25250
2029.194340,25251
2029.196682,25252
2029.198340,25254
2029.198340,25255
2029.198340,25256
2029.199440,25257
2029.201310,25258
2029.201510,25259
2029.202640,25260
2029.203080,25261
2029.203340,25262
2029.204140,25263
2029.205040,25264
2029.206470,25265
2029.208340,25266
2029.208340,25267
2029.208840,25268
2029.209124,25269
2029.210140,25270
2029.211030,25271
2029.211640,25272
2029.212734,25273
2029.212910,25275
2029.213340,25276
2029.213961,25277
2029.214530,25278
2029.217830,25279
2029.217860,25280
2029.218340,25282
2029.218340,25283
2029.218340,25286
2029.218340,25288
2029.218340,25299
2029.218340,25303
2029.218340,25305
2029.222040,25306
2029.222430,25307
2029.226020,25308
2029.228600,25310
2029.229100,25311
2029.230817,25312
2029.232870,25313
2029.232990,25314
2029.233015,25315
2029.233440,25316
2029.234660,25317
2029.236756,25318
2029.236770,25319
2029.238150,25320
2029.241060,25321
2029.243200,25322
2029.243440,25323
2029.245258,25324
2029.245770,25325
2029.246070,25326
2029.247040,25327
2029.247880,25328
2029.248340,25329
2029.249250,25330
2029.249860,25331
2029.255940,25332
2029.257630,25333
2029.258340,25334
2029.258340,25336
2029.258368,25337
2029.260192,25338
2029.260280,25339
2029.260538,25340
2029.261440,25341
2029.262640,25342
2029.263300,25343
2029.263340,25344
2029.263340,25345
2029.263340,25351
2029.263750,25352
2029.264281,25353
2029.264924,25354
2029.265720,25355
2029.267690,25356
2029.268340,25357
2029.268340,25358
2029.268340,25359
2029.268740,25360
2029.270090,25361
2029.270280,25362
2029.271080,25363
2029.271340,25364
2029.271540,25366
2029.271990,25367
2029.274505,25368
2029.276970,25369
2029.277440,25370
2029.278340,25371
2029.278340,25372
2029.278340,25373
2029.278340,25374
2029.279240,25375
2029.279450,25378
2029.280280,25379
2029.280440,25380
2029.287850,25381
2029.288340,25383
2029.288340,25384
2029.288340,25385
2029.289500,25386
2029.289610,25387
2029.292910,25388
2029.293020,25389
2029.293730,25390
2029.296136,25391
2029.297940,25392
2029.298340,25393
2029.298340,25394
2029.298340,25397
2029.299030,25399
2029.300360,25400
2029.304370,25401
2029.304460,25402
2029.304875,25403
2029.304990,25404
2029.306173,25405
2029.307060,25406
2029.308340,25408
2029.308340,25409
2029.308400,25410
2029.308850,25412
2029.310126,25413
2029.314460,25414
2029.314640,25415
2029.316450,25416
2029.318067,25417
2029.318340,25420
2029.318340,25424
2029.318340,25429
2029.318340,25448
2029.318340,25497
2029.318340,25503
2029.318340,25505
2029.319200,25507
2029.319200,25508
2029.322249,25509
2029.323340,25510
2029.323340,25511
2029.325940,25512
2029.326690,25513
2029.334140,25514
2029.334450,25515
2029.334841,25516
2029.335007,25517
2029.337250,25518
2029.338340,25519
2029.339870,25520
2029.340007,25521
2029.341730,25522
2029.341887,25523
2029.346010,25524
2029.346710,25525
2029.346917,25526
2029.348340,25527
2029.348340,25528
2029.348340,25531
2029.348340,25533
2029.349950,25534
2029.357410,25535
2029.357740,25536
2029.358873,25537
2029.358930,25538
2029.359786,25541
2029.364094,25542
2029.366040,25543
2029.367608,25544
2029.368340,25545
2029.368340,25549
2029.369140,25550
2029.369230,25551
2029.370185,25552
2029.370240,25553
2029.370920,25554
2029.371260,25555
2029.373390,25556
2029.375080,25557
2029.375947,25558
2029.376543,25559
2029.377070,25560
2029.378340,25563
2029.378340,25564
2029.378340,25567
2029.378340,25568
2029.380790,25569
2029.381465,25570
2029.382950,25571
2029.384315,25572
2029.384375,25573
2029.384520,25574
2029.386242,25575
2029.387490,25576
2029.388340,25577
2029.388340,25580
2029.388711,25581
2029.389980,25582
2029.390467,25583
2029.391285,25584
2029.392927,25585
2029.393340,25586
2029.396040,25587
2029.396200,25588
2029.396940,25589
2029.397960,25590
2029.398340,25591
2029.398340,25593
2029.399590,25594
2029.401197,25595
2029.401500,25596
2029.403740,25597
2029.404340,25598
2029.405290,25599
2029.406640,25600
2029.407860,25604
2029.408340,25605
2029.408340,25606
2029.410740,25607
2029.411690,25608
2029.412000,25609
2029.413560,25610
2029.414640,25611
2029.415130,25612
2029.418340,25616
2029.418340,25617
2029.418340,25618
2029.418340,25622
2029.418340,25623
2029.424424,25624
2029.425990,25625
2029.428340,25627
2029.429570,25628
2029.431150,25632
2029.434320,25633
2029.434740,25634
2029.436640,25635
2029.437440,25636
2029.438340,25637
2029.438340,25638
2029.441673,25639
2029.443340,25640
2029.448340,25641
2029.448780,25642
2029.451673,25643
2029.452410,25644
2029.452557,25645
2029.453940,25646
2029.457250,25647
2029.457890,25648
2029.458340,25650
2029.458340,25652
2029.458340,25657
2029.459740,25658
2029.459840,25659
2029.460140,25660
2029.461700,25661
2029.462090,25662
2029.463390,25663
2029.463507,25664
2029.466670,25665
2029.468340,25666
2029.468340,25667
2029.468340,25669
2029.469359,25670
2029.469388,25671
2029.470510,25672
2029.473340,25673
2029.473340,25674
2029.474746,25675
2029.474990,25676
2029.475425,25677
2029.476735,25678
2029.477580,25679
2029.478340,25680
2029.478340,25681
2029.478340,25683
2029.479226,25684
2029.480870,25685
2029.481840,25686
2029.482031,25687
2029.482540,25688
2029.483090,25689
2029.483680,25690
2029.484110,25691
2029.484440,25692
2029.488125,25693
2029.488340,25694
2029.488350,25695
2029.490640,25696
2029.492213,25697
2029.493480,25698
2029.494240,25699
2029.497125,25700
2029.498340,25701
2029.499010,25702
2029.499380,25703
2029.499940,25704
2029.500140,25705
2029.500940,25706
2029.501740,25707
2029.501810,25708
2029.502124,25709
2029.504975,25710
2029.505877,25711
2029.507400,25712
2029.508340,25713
2029.508340,25715
2029.508340,25716
2029.508340,25717
2029.509110,25718
2029.509270,25719
2029.509669,25720
2029.510755,25721
2029.511640,25722
2029.512000,25723
2029.512760,25724
2029.513340,25725
2029.513430,25726
2029.515040,25727
2029.516590,25728
2029.517840,25729
2029.518340,25732
2029.518340,25737
2029.518340,25741
2029.518340,25744
2029.518340,25748
2029.519300,25749
2029.520695,25750
2029.522540,25751
2029.523340,25752
2029.524240,25753
2029.524540,25754
2029.526020,25755
2029.526850,25756
2029.527610,25757
2029.527940,25758
2029.528340,25762
2029.532010,25763
2029.532040,25764
2029.532353,25765
2029.534820,25766
2029.535007,25767
2029.535440,25768
2029.535620,25769
2029.536878,25770
2029.537060,25771
2029.537630,25772
2029.537831,25773
2029.537940,25774
2029.538340,25775
2029.538340,25778
2029.538908,25779
2029.539210,25780
2029.540350,25781
2029.543900,25782
2029.543940,25783
2029.545140,25784
2029.546440,25785
2029.546640,25786
2029.548340,25787
2029.549405,25788
2029.549480,25789
2029.551090,25790
2029.551340,25791
2029.552640,25792
2029.553340,25793
2029.554284,25794
2029.554740,25795
2029.555643,25796
2029.556270,25797
2029.558340,25799
2029.558840,25800
2029.558910,25801
2029.563740,25802
2029.564057,25803
2029.564427,25804
2029.565007,25805
2029.567054,25806
2029.568170,25807
2029.571745,25808
2029.573466,25809
2029.576510,25810
2029.576740,25811
2029.578340,25812
2029.578340,25813
2029.578640,25814
2029.579308,25815
2029.581370,25816
2029.585007,25817
2029.588134,25818
2029.588340,25819
2029.589100,25820
2029.591473,25821
2029.593518,25822
2029.594130,25823
2029.594340,25830
2029.594340,25831
2029.595710,25832
2029.597740,25833
2029.597840,25834
2029.598140,25835
2029.598340,25836
2029.598640,25837
2029.601955,25838
2029.603240,25839
2029.604040,25840
2029.605880,25841
2029.606010,25842
2029.607430,25843
2029.608140,25844
2029.608610,25845
2029.610540,25846
2029.611040,25847
2029.611083,25848
2029.611732,25849
2029.613240,25850
2029.617540,25851
2029.617941,25854
2029.618340,25855
2029.618340,25858
2029.618340,25861
2029.618340,25864
2029.618340,25890
2029.618340,25896
2029.618340,25902
2029.618350,25903
2029.618350,25904
2029.621930,25905
2029.623340,25906
2029.623910,25907
2029.624610,25908
2029.624730,25909
2029.625828,25910
2029.626760,25911
2029.626990,25912
2029.628000,25913
2029.628140,25914
2029.628340,25915
2029.628340,25916
2029.628340,25919
2029.628340,25920
2029.629080,25921
2029.630500,25922
2029.633181,25924
2029.636740,25925
2029.637240,25926
2029.638340,25927
2029.638340,25928
2029.643150,25929
2029.643340,25930
2029.644440,25931
2029.646650,25932
2029.647785,25933
2029.648340,25934
2029.648340,25941
2029.648340,25942
2029.648787,25943
2029.649300,25944
2029.651097,25945
2029.651220,25946
2029.651220,25947
2029.652860,25948
2029.653020,25949
2029.654140,25950
2029.654502,25951
2029.655540,25952
2029.656325,25953
2029.656393,25954
2029.656490,25955
2029.656990,25956
2029.657090,25957
2029.658340,25961
2029.658340,25964
2029.658340,25965
2029.659090,25966
2029.659795,25967
2029.660340,25968
2029.660484,25969
2029.662243,25970
2029.663340,25971
2029.665626,25972
2029.666740,25973
2029.666830,25974
2029.666977,25975
2029.667110,25976
2029.667980,25977
2029.668340,25979
2029.668340,25985
2029.668340,25986
2029.668340,25988
2029.668340,25989
2029.670678,25990
2029.671602,25991
2029.673140,25992
2029.674240,25993
2029.675330,25994
2029.676115,25995
2029.677340,25996
2029.677790,25997
2029.677840,25998
2029.678340,25999
2029.678340,26001
2029.678590,26002
2029.683440,26003
2029.683515,26004
2029.685007,26005
2029.685740,26006
2029.686090,26007
2029.686347,26008
2029.687369,26009
2029.688060,26010
2029.688340,26012
2029.690440,26013
2029.694770,26014
2029.695500,26015
2029.698340,26017
2029.698440,26018
2029.702540,26019
2029.707040,26020
2029.707640,26021
2029.708340,26022
2029.708340,26023
2029.711085,26024
2029.712087,26025
2029.713240,26026
2029.714190,26027
2029.714393,26028
2029.714790,26029
2029.715340,26030
2029.717033,26031
2029.717640,26032
2029.718050,26033
2029.718340,26036
2029.718340,26038
2029.718340,26040
2029.718340,26046
2029.719340,26047
2029.719640,26048
2029.719900,26049
2029.722710,26050
2029.723025,26051
2029.723340,26052
2029.725580,26053
2029.726040,26054
2029.728340,26055
2029.728540,26056
2029.728940,26057
2029.729438,26058
2029.729840,26059
2029.731100,26060
2029.731240,26061
2029.731673,26062
2029.737940,26063
2029.738160,26064
2029.738340,26065
2029.738420,26066
2029.739770,26067
2029.739965,26068
2029.740240,26069
2029.741580,26070
2029.741870,26071
2029.742240,26072
2029.742640,26073
2029.744540,26074
2029.744640,26075
2029.746620,26076
2029.747387,26077
2029.748670,26078
2029.749538,26079
2029.749830,26080
2029.752280,26081
2029.753470,26082
2029.753840,26083
2029.754030,26084
2029.754263,26085
2029.754590,26086
2029.756840,26087
2029.758340,26088
2029.758340,26090
2029.761340,26091
2029.762736,26092
2029.763340,26093
2029.764040,26094
2029.764840,26095
2029.765180,26096
2029.766213,26097
2029.766840,26098
2029.767140,26099
2029.768340,26100
2029.768340,26102
2029.768675,26103
2029.771010,26104
2029.771573,26105
2029.773540,26106
2029.774783,26107
2029.775310,26108
2029.778340,26110
2029.778340,26111
2029.780800,26112
2029.782052,26113
2029.782740,26114
2029.783340,26115
2029.786190,26116
2029.786490,26117
2029.786840,26118
2029.787840,26119
2029.788340,26120
2029.789550,26121
2029.789610,26122
2029.789830,26123
2029.790840,26124
2029.792300,26125
2029.794090,26126
2029.794168,26127
2029.794687,26128
2029.797626,26129
2029.798340,26130
2029.799110,26131
2029.799330,26132
2029.799632,26133
2029.803340,26134
2029.807005,26135
2029.807040,26136
2029.808340,26137
2029.808340,26139
2029.808840,26140
2029.809984,26143
2029.811240,26144
2029.812040,26145
2029.813140,26146
2029.813283,26147
2029.813639,26148
2029.814550,26149
2029.815410,26150
2029.815815,26151
2029.816810,26152
2029.817573,26153
2029.817940,26154
2029.818340,26159
2029.818340,26164
2029.818340,26176
2029.818340,26178
2029.818340,26179
2029.820265,26180
2029.820380,26181
2029.821036,26182
2029.822200,26183
2029.824165,26184
2029.825700,26185
2029.825780,26186
2029.826140,26187
2029.826405,26188
2029.826950,26189
2029.827098,26190
2029.828340,26196
2029.828340,26197
2029.828340,26198
2029.830200,26199
2029.832170,26200
2029.832760,26201
2029.833020,26202
2029.834260,26203
2029.835620,26204
2029.835965,26205
2029.836430,26206
2029.836895,26212
2029.838340,26213
2029.838935,26214
2029.839110,26215
2029.841570,26216
2029.845320,26217
2029.845800,26218
2029.845940,26219
2029.846230,26220
2029.848040,26221
2029.848340,26226
2029.848830,26227
2029.853840,26228
2029.858340,26230
2029.858840,26231
2029.859385,26232
2029.865670,26233
2029.867067,26234
2029.867300,26235
2029.868340,26236
2029.870330,26237
2029.870600,26238
2029.870910,26239
2029.871440,26240
2029.873273,26241
2029.873340,26242
2029.875360,26243
2029.878340,26245
2029.878798,26246
2029.879390,26247
2029.880518,26248
2029.883840,26249
2029.887840,26250
2029.888340,26253
2029.889840,26254
2029.889850,26255
2029.890146,26256
2029.890270,26257
2029.890890,26258
2029.892890,26259
2029.893340,26260
2029.893830,26265
2029.897717,26266
2029.898340,26268
2029.899340,26269
2029.901008,26270
2029.901673,26271
2029.901830,26272
2029.905560,26273
2029.905930,26274
2029.906780,26275
2029.908340,26276
2029.908940,26277
2029.909575,26278
2029.909670,26279
2029.910140,26280
2029.910313,26281
2029.911461,26282
2029.912530,26283
2029.912546,26284
2029.914340,26285
2029.917840,26286
2029.918340,26287
2029.918340,26289
2029.918340,26295
2029.918340,26302
2029.918340,26306
2029.918340,26308
2029.919820,26310
2029.919870,26311
2029.920220,26312
2029.920240,26313
2029.922140,26314
2029.922180,26316
2029.923010,26318
2029.923900,26319
2029.924000,26320
2029.924958,26321
2029.925670,26322
2029.925718,26323
2029.925840,26324
2029.926240,26325
2029.926540,26326
2029.927240,26327
2029.928840,26328
2029.930240,26329
2029.931760,26330
2029.932380,26331
2029.933340,26332
2029.934040,26333
2029.934340,26334
2029.938340,26335
2029.938340,26336
2029.938340,26339
2029.940190,26340
2029.945340,26341
2029.946060,26342
2029.946125,26343
2029.947340,26344
2029.948340,26345
2029.948340,26346
2029.948340,26347
2029.949030,26348
2029.949160,26349
2029.949640,26350
2029.949790,26351
2029.950112,26353
2029.953340,26354
2029.954340,26355
2029.954705,26356
2029.956640,26357
2029.957230,26358
2029.957840,26359
2029.958340,26361
2029.958340,26363
2029.958340,26365
2029.958890,26366
2029.959845,26367
2029.963340,26368
2029.965190,26369
2029.965195,26370
2029.965330,26371
2029.965740,26372
2029.966963,26374
2029.968340,26375
2029.968340,26378
2029.968340,26379
2029.969005,26381
2029.970940,26382
2029.971540,26383
2029.972030,26384
2029.972850,26385
2029.974226,26386
2029.976340,26387
2029.976399,26388
2029.977215,26389
2029.978340,26391
2029.981590,26392
2029.982040,26393
2029.983340,26394
2029.983340,26395
2029.985140,26396
2029.985490,26397
2029.986760,26398
2029.986766,26399
2029.987680,26400
2029.988010,26401
2029.988340,26402
2029.988918,26403
2029.991820,26404
2029.993080,26405
2029.993340,26406
2029.994011,26407
2029.995003,26408
2029.995220,26409
2029.996840,26410
2029.998240,26411
2029.998340,26412
2029.998340,26413
2030.000240,26414
2030.000340,26421
2030.003340,26422
2030.003470,26424
2030.006640,26425
2030.007740,26426
2030.008340,26427
2030.009840,26428
2030.009960,26429
2030.012090,26430
2030.012790,26431
2030.013640,26432
2030.016040,26433
2030.016820,26434
2030.018325,26435
2030.018340,26439
2030.018340,26450
2030.018340,26469
2030.018340,26481
2030.018340,26496
2030.018340,26498
2030.018340,26499
2030.018340,26501
2030.019740,26502
2030.020645,26503
2030.021080,26504
2030.023310,26505
2030.023560,26506
2030.024250,26507
2030.025825,26508
2030.028065,26509
2030.029740,26510
2030.030090,26511
2030.030550,26512
2030.031020,26513
2030.031750,26514
2030.032080,26515
2030.032250,26516
2030.032764,26518
2030.033240,26519
2030.033340,26520
2030.033805,26521
2030.033890,26522
2030.033914,26523
2030.034020,26524
2030.034860,26525
2030.035380,26526
2030.037340,26527
2030.038220,26528
2030.038922,26529
2030.039110,26530
2030.039340,26531
2030.040030,26532
2030.040140,26533
2030.042181,26534
2030.044640,26535
2030.045035,26536
2030.045116,26537
2030.045540,26538
2030.046440,26539
2030.048340,26541
2030.048340,26542
2030.050030,26543
2030.051375,26544
2030.052440,26545
2030.053240,26546
2030.053340,26547
2030.055740,26548
2030.056530,26549
2030.056770,26550
2030.057150,26551
2030.058140,26552
2030.059080,26553
2030.059990,26554
2030.062025,26555
2030.063820,26556
2030.064880,26557
2030.068340,26559
2030.068340,26561
2030.068340,26562
2030.071605,26563
2030.072640,26564
2030.074095,26565
2030.074110,26566
2030.075570,26567
2030.075940,26568
2030.078340,26569
2030.078340,26571
2030.079770,26572
2030.080840,26573
2030.085405,26574
2030.086530,26575
2030.087640,26576
2030.088340,26577
2030.088340,26579
2030.089320,26580
2030.093090,26581
2030.094940,26582
2030.095290,26583
2030.095577,26584
2030.097890,26585
2030.098340,26586
2030.098340,26587
2030.098340,26588
2030.098340,26589
2030.100745,26590
2030.100892,26591
2030.101850,26592
2030.102540,26594
2030.106150,26595
2030.107110,26596
2030.108478,26597
2030.108750,26598
2030.110240,26599
2030.110280,26600
2030.111050,26601
2030.111840,26602
2030.112220,26603
2030.112230,26604
2030.113240,26605
2030.114100,26606
2030.114540,26607
2030.115504,26608
2030.115540,26609
2030.116370,26610
2030.118340,26615
2030.118340,26617
2030.118340,26624
2030.118340,26625
2030.118340,26632
2030.118340,26633
2030.118340,26634
2030.121525,26635
2030.122940,26636
2030.123410,26637
2030.124270,26638
2030.125195,26640
2030.128340,26642
2030.128340,26643
2030.128340,26644
2030.129740,26645
2030.131470,26646
2030.132670,26647
2030.133040,26648
2030.133501,26650
2030.133587,26651
2030.136830,26652
2030.137160,26653
2030.137770,26655
2030.138040,26656
2030.138340,26657
2030.138340,26658
2030.138860,26659
2030.140190,26660
2030.143020,26661
2030.143160,26662
2030.143340,26663
2030.146340,26664
2030.146890,26665
2030.147840,26666
2030.148148,26667
2030.149340,26668
2030.149840,26669
2030.149940,26670
2030.150880,26671
2030.151085,26672
2030.152320,26673
2030.152500,26674
2030.152540,26675
2030.155340,26676
2030.157400,26677
2030.157540,26679
2030.157940,26680
2030.158200,26681
2030.158340,26682
2030.158340,26683
2030.158340,26684
2030.158478,26685
2030.159020,26686
2030.160640,26687
2030.161043,26690
2030.161400,26694
2030.167460,26695
2030.168340,26696
2030.168340,26698
2030.168340,26699
2030.168340,26700
2030.168805,26701
2030.169525,26702
2030.171360,26704
2030.175240,26705
2030.178340,26707
2030.178660,26708
2030.180420,26709
2030.182340,26710
2030.183340,26711
2030.185440,26712
2030.185670,26713
2030.187890,26714
2030.188340,26716
2030.188340,26718
2030.188340,26719
2030.188922,26722
2030.189905,26723
2030.190040,26724
2030.194300,26725
2030.195980,26726
2030.197300,26727
2030.197370,26728
2030.197640,26729
2030.197947,26730
2030.198340,26731
2030.198864,26732
2030.198928,26733
2030.201210,26734
2030.201365,26735
2030.202860,26736
2030.203845,26737
2030.210640,26738
2030.210840,26739
2030.211770,26740
2030.211839,26741
2030.217390,26742
2030.217790,26744
2030.218340,26747
2030.218340,26755
2030.218340,26758
2030.218340,26766
2030.218340,26768
2030.218340,26769
2030.218340,26772
2030.223740,26773
2030.223830,26774
2030.224590,26775
2030.228340,26776
2030.228340,26777
2030.228340,26779
2030.229180,26780
2030.232070,26781
2030.232079,26782
2030.233160,26783
2030.235040,26784
2030.235427,26785
2030.236240,26786
2030.236390,26787
2030.236540,26788
2030.237043,26789
2030.237940,26790
2030.238340,26791
2030.238340,26793
2030.238340,26795
2030.239080,26796
2030.240850,26797
2030.241555,26798
2030.241982,26799
2030.242240,26800
2030.242538,26801
2030.244090,26802
2030.247390,26803
2030.248340,26804
2030.248640,26805
2030.252089,26806
2030.252150,26807
2030.253587,26808
2030.254973,26809
2030.256140,26810
2030.257540,26811
2030.257620,26812
2030.257840,26813
2030.258340,26814
2030.258340,26815
2030.263340,26816
2030.263340,26817
2030.264910,26818
2030.265140,26819
2030.266440,26820
2030.266882,26821
2030.267803,26822
2030.268040,26823
2030.268140,26824
2030.268340,26825
2030.268340,26827
2030.268340,26828
2030.268340,26829
2030.270990,26831
2030.270990,26832
2030.271853,26833
2030.272031,26834
2030.273050,26835
2030.273202,26836
2030.273340,26837
2030.273895,26838
2030.276230,26839
2030.277715,26840
2030.278340,26841
2030.278340,26842
2030.278940,26843
2030.280420,26844
2030.280489,26845
2030.281080,26846
2030.281673,26847
2030.282140,26848
2030.282615,26849
2030.283100,26850
2030.283638,26851
2030.284130,26852
2030.284139,26853
2030.285290,26854
2030.285810,26855
2030.286210,26856
2030.286971,26857
2030.286973,26858
2030.287270,26859
2030.287930,26860
2030.288340,26861
2030.288340,26863
2030.291505,26865
2030.291800,26866
2030.292540,26867
2030.294600,26868
2030.296360,26869
2030.297450,26870
2030.298160,26871
2030.298340,26873
2030.298340,26874
2030.299340,26875
2030.307012,26876
2030.307490,26877
2030.307990,26878
2030.308340,26879
2030.308865,26880
2030.309737,26881
2030.309823,26882
2030.310080,26883
2030.310150,26884
2030.310240,26885
2030.312340,26886
2030.312920,26887
2030.313440,26888
2030.314385,26889
2030.316727,26890
2030.318340,26891
2030.318340,26893
2030.318340,26901
2030.318340,26902
2030.318340,26907
2030.318340,26910
2030.318340,26913
2030.322640,26914
2030.323855,26915
2030.325007,26916
2030.326410,26917
2030.328340,26920
2030.329119,26921
2030.329700,26922
2030.329780,26923
2030.332020,26924
2030.332140,26925
2030.337387,26926
2030.338340,26927
2030.338340,26928
2030.339060,26929
2030.342200,26930
2030.342606,26936
2030.343140,26937
2030.343340,26938
2030.345140,26939
2030.346540,26940
2030.348340,26942
2030.348340,26944
2030.348952,26945
2030.349640,26946
2030.350290,26947
2030.354740,26948
2030.355070,26949
2030.355102,26950
2030.355840,26951
2030.358340,26953
2030.361940,26954
2030.362240,26955
2030.363740,26956
2030.365530,26957
2030.365940,26958
2030.366990,26959
2030.368050,26960
2030.368340,26961
2030.368340,26964
2030.368590,26965
2030.372560,26966
2030.373920,26967
2030.374040,26968
2030.375140,26969
2030.378340,26970
2030.378340,26971
2030.378340,26972
2030.379340,26973
2030.379510,26974
2030.379570,26975
2030.380050,26976
2030.381640,26977
2030.382239,26978
2030.383840,26979
2030.384040,26980
2030.385080,26981
2030.385840,26982
2030.388190,26983
2030.388340,26985
2030.388340,26986
2030.389341,26987
2030.389540,26988
2030.392696,26989
2030.392740,26990
2030.394227,26991
2030.395020,26992
2030.395975,26993
2030.396490,26994
2030.398340,26995
2030.398340,27002
2030.399540,27003
2030.400440,27004
2030.401110,27005
2030.402870,27006
2030.402940,27007
2030.406270,27008
2030.406470,27009
2030.407640,27010
2030.408340,27011
2030.408340,27012
2030.409040,27013
2030.409910,27014
2030.412562,27015
2030.415607,27016
2030.415820,27017
2030.418340,27020
2030.418340,27027
2030.418340,27039
2030.418340,27041
2030.418340,27043
2030.418340,27045
2030.418533,27046
2030.418580,27047
2030.421740,27048
2030.422740,27049
2030.424020,27050
2030.424740,27051
2030.425050,27052
2030.425282,27054
2030.426127,27055
2030.426750,27056
2030.427140,27057
2030.427740,27058
2030.428340,27061
2030.428340,27062
2030.428340,27063
2030.429740,27064
2030.433340,27065
2030.433910,27066
2030.434290,27067
2030.434750,27068
2030.435815,27069
2030.438340,27070
2030.438340,27072
2030.439440,27073
2030.442410,27074
2030.445027,27075
2030.445340,27076
2030.445385,27078
2030.447045,27079
2030.448340,27080
2030.448340,27081
2030.448340,27082
2030.448940,27083
2030.449180,27084
2030.450920,27085
2030.452400,27086
2030.452913,27087
2030.454040,27088
2030.455340,27089
2030.455765,27090
2030.456340,27091
2030.456450,27092
2030.458340,27093
2030.458340,27095
2030.462240,27096
2030.462908,27097
2030.462940,27098
2030.463800,27100
2030.463933,27101
2030.464540,27102
2030.464830,27103
2030.468340,27105
2030.468440,27106
2030.472530,27107
2030.472651,27108
2030.473300,27109
2030.473340,27110
2030.473380,27111
2030.475180,27112
2030.475590,27113
2030.475942,27114
2030.476960,27115
2030.477540,27116
2030.477620,27118
2030.478340,27119
2030.478340,27120
2030.479730,27121
2030.481500,27122
2030.481640,27123
2030.482980,27124
2030.483906,27125
2030.484687,27127
2030.485840,27128
2030.488170,27129
2030.488208,27130
2030.488340,27133
2030.488340,27138
2030.488340,27140
2030.488340,27141
2030.488354,27142
2030.493340,27143
2030.493757,27144
2030.494040,27145
2030.495840,27146
2030.495980,27147
2030.496150,27148
2030.496940,27149
2030.498225,27150
2030.498340,27152
2030.498940,27153
2030.499540,27154
2030.501465,27155
2030.502400,27156
2030.504840,27157
2030.506280,27158
2030.507640,27159
2030.507840,27160
2030.508340,27161
2030.508340,27164
2030.511840,27165
2030.513407,27166
2030.514380,27167
2030.514730,27168
2030.514790,27169
2030.516640,27170
2030.517387,27171
2030.517590,27172
2030.518340,27173
2030.518340,27180
2030.518340,27182
2030.518340,27185
2030.518340,27190
2030.518340,27196
2030.518340,27197
2030.518515,27198
2030.520000,27199
2030.521825,27200
2030.524650,27201
2030.525840,27202
2030.527210,27203
2030.527300,27204
2030.528340,27206
2030.528340,27208
2030.529354,27209
2030.530489,27210
2030.531290,27211
2030.533340,27212
2030.533340,27213
2030.533740,27214
2030.536270,27215
2030.537143,27216
2030.538095,27217
2030.538340,27218
2030.538340,27221
2030.538340,27222
2030.538340,27224
2030.538900,27225
2030.543599,27226
2030.545440,27227
2030.545640,27228
2030.545840,27229
2030.548340,27230
2030.548340,27231
2030.548340,27235
2030.549040,27237
2030.551811,27238
2030.552660,27239
2030.552740,27240
2030.554717,27241
2030.555010,27242
2030.556230,27243
2030.560318,27244
2030.560408,27245
2030.561340,27246
2030.562384,27247
2030.563210,27248
2030.563940,27249
2030.566940,27250
2030.568340,27251
2030.568340,27253
2030.570220,27254
2030.571940,27255
2030.572550,27256
2030.572900,27257
2030.573990,27258
2030.575190,27259
2030.575480,27260
2030.576940,27261
2030.579340,27262
2030.581170,27263
2030.584950,27264
2030.585007,27265
2030.586820,27266
2030.588340,27267
2030.588340,27268
2030.588630,27269
2030.588704,27270
2030.589777,27271
2030.590620,27272
2030.590820,27273
2030.591647,27274
2030.592440,27275
2030.592940,27276
2030.593440,27277
2030.593520,27278
2030.595275,27279
2030.596230,27280
2030.597460,27281
2030.598340,27282
2030.599880,27283
2030.600540,27284
2030.601152,27285
2030.602520,27286
2030.602840,27287
2030.603027,27288
2030.603340,27289
2030.603640,27292
2030.604570,27293
2030.605440,27294
2030.606130,27296
2030.606318,27297
2030.607140,27298
2030.607253,27299
2030.607940,27300
2030.608010,27301
2030.608340,27303
2030.608340,27305
2030.608340,27306
2030.608920,27307
2030.611755,27308
2030.615440,27309
2030.615560,27310
2030.615597,27311
2030.617114,27312
2030.617740,27313
2030.618340,27314
2030.618340,27318
2030.618340,27326
2030.618340,27334
2030.618340,27340
2030.618340,27344
2030.618556,27345
2030.618860,27346
2030.619340,27347
2030.620111,27348
2030.621150,27349
2030.622144,27350
2030.623340,27351
2030.623483,27352
2030.624187,27353
2030.625510,27354
2030.626340,27355
2030.627040,27356
2030.627220,27357
2030.627510,27358
2030.627870,27359
2030.628190,27360
2030.628340,27361
2030.628340,27362
2030.631630,27363
2030.631840,27364
2030.632540,27366
2030.632710,27367
2030.632790,27368
2030.632812,27369
2030.632900,27370
2030.633340,27371
2030.634096,27372
2030.634940,27373
2030.635020,27374
2030.635540,27375
2030.637180,27376
2030.637460,27377
2030.637477,27378
2030.637990,27379
2030.638340,27380
2030.638340,27381
2030.638507,27382
2030.638537,27383
2030.639080,27384
2030.639299,27388
2030.641260,27389
2030.642460,27390
2030.643190,27391
2030.643340,27392
2030.643540,27405
2030.644140,27406
2030.644490,27407
2030.645680,27408
2030.646270,27409
2030.647440,27410
2030.647615,27411
2030.648040,27412
2030.648340,27413
2030.648340,27414
2030.649310,27415
2030.651440,27416
2030.651704,27417
2030.652140,27418
2030.653160,27419
2030.653340,27421
2030.656001,27422
2030.656340,27423
2030.657760,27424
2030.658140,27425
2030.658340,27426
2030.658340,27428
2030.658340,27429
2030.659033,27430
2030.660330,27431
2030.660790,27432
2030.665940,27433
2030.667490,27434
2030.668340,27435
2030.668340,27436
2030.668340,27437
2030.670928,27438
2030.671060,27439
2030.671665,27440
2030.672340,27441
2030.672790,27442
2030.673005,27443
2030.673090,27445
2030.673240,27446
2030.673640,27447
2030.677025,27448
2030.677570,27449
2030.678330,27450
2030.678340,27451
2030.679190,27453
2030.679240,27454
2030.680650,27455
2030.681340,27456
2030.682780,27457
2030.683440,27458
2030.684140,27459
2030.685940,27460
2030.688340,27461
2030.688650,27462
2030.688990,27463
2030.690540,27464
2030.691240,27465
2030.692742,27466
2030.693940,27467
2030.697540,27468
2030.697600,27469
2030.698340,27470
2030.700050,27471
2030.700780,27472
2030.702350,27473
2030.703532,27474
2030.703710,27475
2030.705050,27476
2030.708340,27478
2030.708340,27479
2030.708340,27480
2030.709007,27481
2030.709290,27482
2030.709640,27484
2030.709815,27486
2030.713340,27487
2030.716020,27488
2030.716720,27489
2030.718340,27492
2030.718340,27495
2030.718340,27503
2030.718340,27511
2030.718340,27516
2030.719090,27518
2030.719790,27519
2030.719983,27520
2030.721060,27521
2030.721910,27522
2030.722540,27523
2030.722860,27524
2030.725448,27525
2030.727970,27526
2030.728283,27527
2030.728340,27528
2030.728340,27529
2030.728340,27534
2030.729740,27535
2030.730900,27536
2030.730960,27537
2030.731420,27538
2030.731990,27539
2030.732140,27540
2030.732460,27541
2030.733220,27542
2030.734340,27543
2030.735050,27544
2030.737800,27545
2030.738340,27546
2030.738340,27547
2030.738540,27548
2030.739085,27549
2030.739380,27550
2030.739705,27553
2030.742090,27554
2030.742230,27559
2030.742870,27560
2030.743040,27561
2030.744397,27562
2030.745140,27563
2030.745510,27564
2030.746410,27565
2030.747610,27566
2030.747910,27567
2030.748230,27568
2030.748340,27569
2030.748340,27571
2030.748640,27572
2030.749140,27573
2030.750940,27574
2030.752380,27575
2030.753935,27578
2030.756190,27579
2030.757140,27580
2030.758040,27581
2030.758340,27582
2030.758340,27583
2030.759040,27584
2030.761243,27585
2030.762090,27586
2030.762210,27587
2030.763340,27588
2030.763340,27589
2030.763540,27590
2030.765119,27591
2030.768340,27592
2030.768340,27593
2030.768340,27594
2030.768340,27595
2030.768440,27596
2030.769960,27597
2030.770290,27598
2030.772350,27599
2030.773940,27600
2030.776325,27601
2030.779070,27602
2030.779710,27603
2030.780360,27604
2030.781740,27605
2030.783020,27606
2030.783230,27607
2030.783835,27608
2030.784990,27609
2030.785060,27610
2030.785209,27611
2030.785310,27612
2030.785340,27613
2030.785440,27614
2030.786308,27615
2030.786697,27616
2030.787640,27617
2030.788530,27618
2030.791690,27619
2030.792970,27620
2030.793698,27621
2030.798340,27622
2030.798340,27624
2030.798940,27625
2030.799340,27626
2030.801900,27627
2030.808030,27628
2030.808340,27629
2030.808340,27630
2030.808340,27631
2030.808340,27635
2030.809940,27636
2030.810640,27637
2030.810790,27638
2030.812220,27640
2030.812717,27641
2030.812890,27642
2030.813943,27644
2030.815320,27645
2030.815534,27646
2030.815821,27647
2030.816340,27648
2030.818240,27649
2030.818340,27650
2030.818340,27657
2030.818340,27658
2030.818340,27662
2030.818340,27665
2030.818340,27671
2030.818630,27672
2030.818785,27673
2030.819740,27674
2030.822640,27675
2030.823970,27676
2030.824140,27677
2030.824990,27678
2030.825700,27680
2030.826099,27681
2030.826340,27682
2030.826370,27683
2030.826980,27684
2030.828340,27685
2030.828340,27686
2030.828340,27687
2030.828835,27688
2030.832030,27689
2030.833255,27690
2030.833340,27691
2030.833540,27692
2030.834603,27693
2030.837140,27694
2030.838340,27695
2030.838340,27699
2030.838340,27702
2030.839630,27703
2030.839814,27704
2030.844330,27705
2030.844748,27706
2030.845100,27707
2030.846130,27708
2030.847590,27709
2030.847740,27710
2030.848340,27713
2030.849490,27714
2030.849795,27715
2030.850040,27716
2030.850273,27717
2030.852972,27718
2030.855070,27719
2030.857187,27720
2030.858340,27721
2030.858340,27722
2030.859640,27723
2030.860290,27724
2030.863210,27725
2030.864740,27726
2030.866700,27727
2030.868340,27730
2030.868340,27731
2030.868640,27732
2030.869110,27733
2030.869640,27734
2030.869870,27735
2030.870340,27736
2030.870640,27737
2030.871240,27738
2030.871426,27740
2030.872090,27741
2030.873140,27742
2030.875380,27743
2030.877705,27744
2030.878340,27745
2030.878340,27746
2030.878340,27747
2030.878340,27748
2030.880990,27749
2030.881120,27750
2030.882500,27751
2030.883770,27752
2030.884000,27753
2030.884000,27754
2030.884440,27755
2030.884940,27756
2030.887640,27757
2030.888250,27758
2030.888340,27759
2030.888340,27760
2030.888740,27761
2030.890562,27763
2030.890840,27764
2030.892407,27765
2030.893340,27766
2030.893340,27767
2030.897540,27768
2030.897700,27769
2030.898340,27770
2030.898340,27772
2030.898340,27775
2030.900641,27779
2030.902640,27781
2030.903140,27782
2030.903140,27783
2030.906065,27784
2030.906200,27785
2030.908340,27787
2030.912049,27788
2030.913157,27789
2030.913310,27790
2030.913740,27792
2030.914226,27793
2030.914540,27794
2030.915104,27795
2030.915170,27796
2030.916640,27797
2030.916690,27798
2030.916710,27799
2030.918340,27802
2030.918340,27806
2030.918340,27809
2030.918340,27812
2030.918340,27816
2030.918340,27817
2030.919572,27818
2030.920137,27819
2030.920507,27820
2030.920870,27821
2030.921210,27822
2030.921620,27823
2030.922080,27824
2030.922725,27825
2030.923740,27841
2030.924150,27842
2030.928040,27843
2030.928230,27844
2030.928340,27846
2030.928340,27848
2030.928340,27849
2030.928340,27850
2030.929504,27851
2030.929690,27852
2030.931610,27853
2030.933240,27855
2030.934740,27856
2030.935340,27857
2030.937930,27858
2030.937930,27859
2030.939908,27860
2030.941270,27861
2030.943760,27862
2030.944644,27866
2030.948030,27867
2030.948340,27868
2030.948340,27869
2030.948798,27871
2030.949150,27873
2030.950040,27874
2030.950460,27875
2030.952206,27877
2030.953800,27879
2030.954737,27880
2030.956920,27881
2030.957479,27882
2030.958340,27884
2030.958340,27885
2030.959000,27886
2030.959240,27887
2030.959330,27888
2030.960840,27892
2030.961240,27893
2030.961692,27894
2030.961940,27895
2030.963340,27896
2030.963900,27897
2030.964778,27898
2030.965477,27899
2030.965560,27900
2030.965940,27901
2030.966630,27902
2030.967810,27903
2030.968080,27904
2030.968340,27908
2030.968340,27910
2030.968340,27911
2030.969040,27912
2030.969202,27913
2030.969340,27914
2030.973530,27915
2030.974565,27916
2030.976885,27917
2030.978340,27918
2030.978340,27919
2030.978370,27920
2030.978940,27921
2030.979340,27922
2030.979585,27923
2030.982240,27924
2030.983718,27925
2030.985420,27926
2030.985640,27927
2030.986420,27928
2030.987750,27929
2030.988340,27931
2030.988340,27932
2030.988740,27933
2030.989461,27934
2030.992169,27935
2030.992326,27936
2030.992730,27937
2030.993820,27939
2030.998340,27940
2030.998340,27941
2030.998340,27942
2030.998340,27943
2031.004610,27944
2031.006785,27945
2031.008340,27947
2031.008340,27949
2031.009130,27950
2031.009405,27951
2031.009430,27952
2031.010960,27953
2031.011061,27954
2031.013620,27955
2031.015007,27956
2031.015860,27957
2031.018300,27958
2031.018320,27959
2031.018340,27961
2031.018340,27968
2031.018340,27991
2031.018340,28010
2031.018340,28047
2031.018340,28048
2031.018340,28053
2031.019040,28054
2031.019798,28055
2031.019960,28056
2031.021670,28059
2031.021956,28060
2031.022510,28061
2031.023340,28062
2031.028340,28065
2031.028340,28069
2031.028340,28072
2031.028350,28074
2031.029190,28075
2031.029280,28077
2031.030557,28078
2031.031285,28079
2031.031470,28080
2031.031960,28081
2031.035620,28082
2031.036820,28083
2031.038340,28084
2031.038340,28087
2031.038380,28088
2031.040080,28089
2031.042090,28090
2031.042638,28091
2031.042987,28092
2031.042990,28093
2031.044440,28094
2031.044790,28095
2031.045090,28096
2031.045500,28097
2031.047880,28098
2031.048140,28099
2031.048340,28101
2031.048340,28103
2031.048340,28104
2031.048380,28105
2031.049000,28106
2031.049814,28107
2031.050600,28108
2031.050604,28109
2031.051460,28110
2031.051673,28111
2031.052223,28112
2031.052700,28113
2031.053830,28114
2031.054050,28115
2031.056100,28116
2031.057790,28117
2031.058340,28122
2031.058340,28124
2031.058680,28125
2031.059475,28127
2031.060315,28128
2031.061177,28129
2031.061290,28130
2031.061977,28131
2031.062300,28132
2031.063340,28133
2031.063910,28134
2031.064237,28135
2031.064360,28136
2031.065220,28137
2031.066270,28138
2031.066832,28139
2031.067160,28140
2031.068340,28141
2031.071190,28142
2031.072510,28143
2031.073277,28144
2031.073960,28145
2031.074510,28146
2031.074957,28147
2031.074964,28148
2031.076440,28149
2031.077400,28150
2031.078340,28152
2031.078340,28153
2031.078340,28156
2031.078340,28158
2031.078340,28159
2031.080180,28160
2031.081290,28161
2031.081907,28162
2031.083307,28163
2031.083410,28164
2031.083500,28165
2031.083840,28166
2031.083891,28167
2031.085007,28168
2031.087100,28169
2031.087820,28170
2031.088310,28171
2031.088340,28173
2031.088340,28174
2031.088910,28175
2031.090998,28176
2031.091240,28177
2031.091850,28178
2031.092904,28179
2031.095928,28180
2031.096640,28181
2031.097785,28182
2031.098340,28183
2031.098340,28185
2031.101410,28186
2031.104580,28187
2031.105700,28188
2031.106010,28189
2031.106407,28190
2031.107325,28191
2031.107430,28192
2031.107430,28193
2031.108340,28194
2031.108340,28197
2031.108340,28198
2031.108340,28201
2031.108340,28202
2031.110598,28203
2031.111080,28205
2031.111850,28206
2031.112340,28207
2031.115300,28208
2031.115490,28209
2031.115840,28210
2031.116312,28211
2031.117340,28212
2031.117549,28213
2031.118125,28214
2031.118340,28215
2031.118340,28219
2031.118340,28224
2031.118340,28225
2031.118340,28226
2031.118380,28227
2031.120123,28228
2031.122787,28229
2031.123600,28230
2031.125400,28231
2031.125940,28232
2031.128340,28233
2031.128340,28235
2031.128340,28236
2031.128340,28239
2031.129611,28240
2031.130860,28241
2031.133480,28242
2031.135723,28243
2031.135840,28244
2031.135840,28245
2031.136915,28246
2031.138340,28247
2031.138340,28249
2031.139210,28250
2031.139810,28251
2031.140536,28252
2031.140810,28253
2031.141440,28254
2031.142890,28255
2031.143340,28256
2031.143800,28257
2031.144900,28258
2031.148040,28259
2031.148100,28260
2031.148340,28261
2031.148340,28263
2031.148340,28265
2031.151312,28266
2031.152040,28267
2031.154290,28268
2031.155530,28269
2031.158340,28273
2031.158870,28274
2031.160330,28275
2031.160843,28276
2031.161080,28277
2031.161240,28278
2031.163030,28279
2031.163520,28280
2031.164075,28281
2031.164490,28282
2031.165540,28283
2031.165997,28284
2031.168200,28285
2031.168340,28287
2031.168340,28288
2031.168340,28290
2031.168340,28291
2031.168983,28294
2031.169064,28295
2031.169081,28296
2031.169180,28297
2031.169370,28298
2031.169640,28299
2031.170910,28300
2031.171740,28301
2031.173230,28302
2031.175660,28303
2031.175880,28304
2031.176340,28305
2031.177640,28306
2031.178340,28309
2031.178340,28310
2031.179060,28312
2031.180240,28313
2031.180940,28314
2031.187176,28315
2031.187535,28316
2031.188040,28317
2031.188340,28318
2031.188340,28320
2031.188930,28321
2031.189270,28322
2031.190792,28323
2031.192664,28325
2031.193340,28326
2031.193340,28327
2031.193440,28329
2031.194430,28330
2031.194540,28331
2031.194605,28332
2031.194960,28333
2031.195410,28334
2031.197340,28335
2031.198271,28336
2031.198340,28337
2031.198340,28339
2031.198340,28340
2031.199226,28341
2031.200310,28342
2031.200380,28343
2031.204640,28344
2031.204790,28345
2031.205290,28346
2031.206039,28347
2031.207390,28348
2031.207700,28349
2031.208340,28350
2031.208340,28351
2031.208340,28353
2031.208340,28354
2031.209540,28355
2031.210298,28358
2031.213340,28359
2031.213340,28360
2031.214290,28361
2031.214330,28362
2031.215618,28363
2031.216590,28364
2031.217420,28365
2031.218340,28368
2031.218340,28376
2031.218340,28379
2031.218340,28385
2031.219618,28386
2031.220210,28387
2031.220860,28388
2031.221500,28389
2031.222340,28390
2031.225040,28391
2031.227935,28392
2031.228340,28394
2031.228650,28395
2031.230800,28396
2031.233505,28397
2031.237214,28398
2031.238340,28399
2031.238340,28402
2031.238340,28403
2031.239330,28404
2031.244100,28405
2031.245940,28406
2031.248190,28407
2031.248240,28408
2031.248340,28409
2031.248340,28410
2031.249096,28411
2031.250210,28412
2031.250840,28413
2031.250930,28414
2031.250997,28415
2031.251375,28416
2031.251700,28417
2031.252960,28418
2031.254330,28420
2031.254798,28421
2031.255570,28422
2031.256640,28423
2031.256980,28424
2031.257340,28425
2031.258190,28426
2031.258340,28428
2031.258340,28429
2031.258340,28433
2031.258340,28434
2031.260166,28435
2031.260800,28436
2031.261262,28437
2031.261271,28438
2031.261440,28439
2031.261740,28440
2031.263150,28441
2031.264700,28442
2031.265290,28443
2031.267160,28444
2031.267415,28445
2031.268340,28446
2031.268340,28449
2031.268340,28450
2031.268340,28451
2031.268900,28452
2031.268916,28453
2031.269040,28454
2031.269340,28455
2031.269580,28456
2031.271100,28457
2031.273710,28458
2031.276220,28459
2031.277240,28460
2031.278040,28461
2031.278340,28462
2031.279340,28463
2031.280870,28464
2031.283810,28465
2031.285007,28466
2031.285206,28467
2031.286590,28468
2031.287050,28469
2031.288340,28470
2031.288340,28471
2031.289250,28473
2031.290185,28474
2031.291875,28475
2031.293527,28476
2031.294440,28477
2031.294770,28478
2031.295263,28479
2031.296325,28480
2031.298020,28481
2031.298340,28483
2031.298340,28485
2031.298340,28486
2031.299540,28487
2031.299910,28488
2031.300130,28489
2031.300540,28490
2031.300930,28491
2031.301013,28492
2031.301850,28493
2031.302140,28494
2031.304780,28495
2031.305510,28496
2031.306020,28497
2031.306696,28498
2031.308340,28501
2031.308340,28502
2031.309900,28503
2031.312543,28504
2031.313680,28505
2031.314200,28506
2031.316000,28507
2031.317010,28508
2031.317343,28509
2031.318340,28512
2031.318340,28520
2031.318340,28526
2031.318340,28527
2031.318340,28528
2031.319670,28529
2031.320030,28530
2031.321250,28531
2031.321550,28532
2031.321747,28533
2031.322140,28534
2031.323918,28535
2031.326585,28536
2031.326950,28537
2031.327210,28538
2031.327640,28539
2031.328340,28540
2031.328340,28542
2031.328340,28544
2031.329090,28545
2031.329610,28546
2031.329790,28547
2031.334734,28548
2031.335000,28549
2031.336090,28550
2031.336740,28551
2031.337710,28552
2031.338340,28554
2031.338600,28555
2031.338810,28556
2031.340090,28557
2031.342175,28558
2031.342480,28559
2031.343778,28560
2031.344508,28561
2031.345860,28565
2031.345910,28566
2031.347700,28567
2031.348340,28568
2031.348340,28570
2031.348340,28573
2031.348340,28574
2031.349208,28575
2031.350810,28576
2031.350840,28577
2031.351140,28578
2031.351780,28579
2031.353240,28580
2031.354870,28581
2031.355220,28582
2031.355926,28583
2031.357067,28584
2031.358057,28585
2031.359910,28586
2031.360670,28587
2031.360990,28588
2031.363540,28589
2031.363900,28590
2031.364510,28591
2031.365030,28592
2031.366080,28593
2031.366440,28594
2031.366840,28595
2031.367090,28596
2031.368210,28597
2031.368340,28598
2031.368340,28600
2031.370860,28601
2031.371050,28602
2031.372840,28603
2031.373788,28604
2031.373820,28605
2031.375117,28606
2031.375340,28607
2031.377020,28608
2031.377590,28609
2031.377640,28610
2031.378340,28611
2031.378340,28613
2031.378340,28614
2031.379130,28615
2031.380290,28616
2031.381240,28617
2031.381630,28618
2031.382510,28619
2031.382530,28620
2031.383050,28621
2031.383340,28622
2031.383340,28623
2031.383340,28624
2031.384080,28625
2031.386697,28626
2031.387300,28627
2031.387800,28628
2031.388340,28629
2031.388340,28630
2031.388340,28632
2031.389760,28633
2031.390700,28634
2031.391400,28635
2031.391690,28636
2031.393855,28637
2031.393945,28638
2031.394940,28639
2031.394963,28640
2031.396680,28641
2031.397830,28642
2031.398340,28644
2031.398340,28646
2031.398340,28647
2031.398340,28648
2031.398340,28649
2031.399440,28650
2031.399820,28651
2031.400145,28652
2031.401000,28653
2031.401650,28654
2031.402640,28655
2031.402640,28656
2031.403610,28657
2031.405420,28658
2031.405450,28659
2031.405840,28660
2031.406243,28661
2031.407020,28662
2031.407965,28663
2031.408340,28664
2031.408340,28665
2031.408340,28667
2031.408340,28669
2031.408520,28670
2031.408860,28672
2031.409345,28673
2031.410901,28674
2031.411720,28675
2031.411900,28676
2031.414097,28677
2031.415330,28679
2031.415370,28680
2031.415530,28681
2031.416073,28682
2031.418340,28683
2031.418340,28690
2031.418340,28696
2031.418340,28700
2031.419650,28701
2031.420960,28702
2031.421940,28703
2031.422140,28704
2031.422820,28705
2031.425007,28706
2031.427650,28707
2031.428340,28708
2031.428340,28709
2031.428340,28711
2031.428340,28712
2031.428377,28713
2031.431330,28714
2031.433030,28715
2031.433050,28716
2031.433990,28717
2031.438340,28719
2031.438340,28720
2031.440195,28721
2031.440710,28722
2031.440765,28723
2031.441055,28724
2031.441600,28725
2031.441770,28726
2031.442330,28727
2031.443376,28728
2031.443417,28729
2031.444044,28730
2031.445475,28731
2031.446910,28732
2031.447520,28733
2031.448236,28734
2031.448340,28736
2031.448340,28737
2031.449530,28738
2031.450090,28739
2031.450140,28740
2031.450950,28741
2031.451980,28742
2031.452550,28743
2031.453260,28744
2031.454010,28745
2031.454560,28746
2031.455020,28747
2031.458340,28748
2031.458340,28749
2031.460090,28750
2031.460289,28751
2031.461550,28752
2031.462340,28753
2031.462700,28754
2031.462704,28755
2031.465580,28756
2031.466360,28757
2031.466530,28758
2031.468340,28759
2031.468340,28761
2031.468340,28762
2031.471140,28763
2031.471885,28764
2031.473090,28765
2031.473870,28766
2031.474336,28767
2031.474339,28768
2031.477520,28769
2031.478340,28770
2031.479930,28771
2031.481930,28772
2031.483043,28773
2031.484840,28774
2031.485010,28775
2031.486140,28776
2031.488120,28777
2031.488340,28779
2031.488340,28780
2031.488340,28781
2031.488340,28783
2031.490380,28784
2031.491500,28785
2031.491520,28786
2031.493340,28787
2031.493340,28789
2031.493378,28790
2031.494803,28792
2031.495170,28793
2031.495260,28794
2031.498340,28795
2031.498340,28797
2031.498340,28799
2031.498420,28801
2031.500800,28802
2031.500890,28803
2031.501940,28804
2031.503790,28805
2031.504090,28806
2031.505185,28807
2031.505810,28808
2031.507090,28809
2031.507740,28810
2031.508158,28813
2031.508340,28814
2031.508830,28815
2031.509335,28816
2031.509345,28817
2031.509730,28818
2031.510010,28819
2031.510010,28820
2031.510207,28821
2031.510365,28822
2031.510940,28823
2031.511260,28824
2031.511673,28826
2031.512240,28827
2031.512825,28828
2031.512840,28829
2031.513340,28830
2031.513940,28831
2031.514385,28832
2031.515780,28833
2031.516340,28834
2031.516844,28835
2031.517190,28836
2031.518340,28838
2031.518340,28843
2031.518340,28845
2031.518340,28846
2031.518340,28847
2031.520590,28848
2031.525910,28849
2031.527380,28850
2031.528190,28851
2031.528340,28852
2031.529930,28853
2031.530125,28854
2031.530400,28855
2031.533790,28856
2031.534548,28857
2031.535035,28858
2031.535400,28859
2031.538340,28860
2031.538340,28861
2031.538500,28862
2031.538960,28863
2031.539600,28864
2031.540713,28865
2031.542130,28866
2031.544080,28867
2031.544890,28869
2031.546450,28870
2031.547410,28871
2031.548340,28872
2031.548340,28873
2031.549120,28874
2031.549730,28875
2031.550540,28876
2031.552260,28877
2031.553340,28878
2031.555600,28879
2031.558240,28880
2031.558340,28883
2031.558340,28884
2031.558340,28885
2031.558340,28886
2031.558340,28887
2031.558340,28888
2031.558640,28889
2031.560320,28890
2031.561200,28891
2031.563880,28892
2031.565240,28893
2031.565540,28894
2031.568340,28898
2031.568340,28901
2031.568340,28902
2031.568340,28903
2031.569240,28904
2031.569950,28905
2031.570040,28906
2031.570537,28907
2031.571380,28908
2031.571559,28909
2031.571590,28910
2031.572335,28911
2031.573340,28912
2031.574230,28913
2031.575170,28914
2031.575740,28915
2031.578340,28916
2031.578340,28918
2031.578560,28919
2031.578720,28920
2031.579160,28921
2031.579198,28922
2031.580848,28923
2031.581030,28924
2031.581540,28926
2031.583170,28927
2031.583540,28928
2031.583950,28929
2031.584460,28930
2031.584655,28931
2031.585190,28932
2031.585943,28933
2031.588276,28934
2031.588340,28937
2031.588369,28938
2031.588688,28939
2031.590035,28941
2031.590640,28942
2031.594500,28943
2031.594950,28944
2031.596240,28945
2031.597620,28946
2031.598105,28947
2031.598340,28948
2031.598340,28949
2031.598630,28951
2031.598630,28952
2031.599820,28953
2031.600880,28954
2031.601140,28955
2031.601660,28956
2031.603340,28957
2031.603596,28958
2031.604740,28959
2031.605344,28960
2031.606508,28961
2031.606530,28962
2031.606730,28963
2031.608090,28964
2031.608340,28965
2031.608340,28969
2031.609730,28970
2031.610010,28971
2031.612320,28972
2031.612590,28973
2031.612740,28974
2031.613005,28975
2031.614800,28976
2031.618010,28977
2031.618335,28978
2031.618340,28979
2031.618340,28980
2031.618340,28984
2031.618340,28986
2031.618340,28992
2031.618340,28994
2031.618580,28995
2031.619226,28996
2031.622740,28997
2031.623585,28998
2031.624510,28999
2031.625830,29000
2031.627119,29001
2031.627950,29003
2031.628090,29004
2031.628340,29006
2031.628340,29008
2031.628340,29010
2031.628340,29013
2031.628790,29014
2031.630650,29015
2031.632370,29016
2031.633450,29017
2031.633700,29018
2031.633770,29019
2031.635830,29020
2031.636670,29021
2031.637568,29022
2031.637945,29023
2031.638340,29026
2031.638340,29027
2031.638340,29030
2031.639340,29031
2031.639762,29032
2031.642270,29033
2031.645040,29034
2031.646210,29035
2031.648340,29036
2031.648340,29039
2031.648340,29042
2031.648595,29043
2031.649720,29044
2031.651040,29045
2031.652870,29046
2031.653340,29047
2031.655007,29048
2031.655170,29049
2031.656946,29050
2031.658340,29055
2031.658340,29056
2031.658460,29057
2031.658550,29058
2031.659020,29059
2031.659640,29060
2031.662190,29061
2031.662490,29062
2031.663625,29063
2031.665850,29064
2031.666312,29065
2031.668340,29069
2031.668340,29073
2031.669500,29074
2031.670360,29075
2031.672390,29076
2031.672857,29077
2031.673140,29078
2031.674315,29079
2031.674410,29080
2031.676730,29082
2031.678340,29083
2031.680030,29084
2031.680570,29085
2031.680840,29086
2031.681045,29087
2031.682717,29088
2031.682887,29089
2031.682960,29090
2031.683003,29091
2031.683365,29092
2031.686950,29093
2031.686980,29094
2031.687470,29095
2031.687540,29096
2031.688340,29097
2031.688340,29099
2031.688340,29100
2031.688440,29101
2031.690983,29102
2031.691680,29103
2031.692450,29104
2031.693340,29105
2031.693340,29106
2031.695040,29107
2031.695780,29108
2031.696450,29109
2031.696660,29110
2031.697490,29111
2031.698080,29112
2031.698340,29114
2031.698340,29115
2031.698340,29118
2031.698340,29125
2031.700080,29126
2031.702840,29127
2031.703340,29128
2031.703940,29131
2031.704440,29132
2031.704590,29133
2031.704950,29134
2031.705623,29135
2031.705820,29136
2031.706040,29137
2031.708340,29139
2031.708340,29141
2031.708340,29144
2031.708340,29146
2031.709840,29147
2031.710060,29148
2031.710540,29149
2031.711690,29150
2031.712605,29151
2031.713600,29152
2031.713640,29153
2031.714010,29154
2031.714665,29155
2031.715350,29156
2031.715940,29157
2031.718077,29158
2031.718340,29160
2031.718340,29161
2031.718340,29164
2031.718340,29171
2031.718340,29178
2031.718340,29181
2031.718340,29183
2031.718640,29184
2031.719110,29185
2031.719280,29186
2031.719878,29187
2031.721690,29188
2031.723097,29189
2031.723550,29190
2031.724040,29191
2031.728340,29192
2031.728340,29193
2031.728340,29194
2031.728470,29195
2031.731340,29196
2031.731880,29197
2031.732400,29198
2031.732550,29199
2031.733160,29200
2031.733250,29201
2031.733340,29202
2031.733340,29203
2031.735640,29204
2031.735760,29205
2031.736400,29206
2031.737530,29207
2031.738340,29211
2031.740160,29212
2031.740900,29213
2031.741755,29214
2031.741780,29215
2031.742700,29216
2031.743340,29217
2031.744690,29218
2031.746839,29219
2031.748340,29220
2031.750680,29221
2031.751673,29222
2031.754132,29223
2031.755200,29224
2031.755810,29225
2031.758340,29226
2031.758340,29227
2031.762020,29228
2031.762640,29229
2031.763010,29230
2031.764130,29231
2031.764920,29232
2031.765013,29233
2031.767173,29234
2031.767540,29235
2031.768340,29236
2031.768340,29238
2031.768340,29241
2031.768340,29242
2031.768698,29243
2031.768730,29244
2031.769310,29245
2031.769317,29246
2031.769440,29247
2031.769933,29248
2031.770075,29249
2031.773340,29250
2031.773435,29251
2031.774990,29252
2031.776820,29253
2031.778340,29256
2031.778340,29257
2031.778454,29258
2031.778590,29259
2031.779855,29260
2031.780007,29261
2031.780310,29262
2031.782536,29263
2031.782830,29264
2031.783340,29265
2031.785007,29266
2031.785530,29267
2031.787880,29268
2031.788340,29282
2031.788340,29283
2031.788340,29286
2031.789540,29287
2031.789670,29288
2031.790139,29289
2031.790270,29290
2031.790290,29291
2031.793110,29292
2031.795690,29293
2031.796770,29294
2031.798944,29295
2031.800680,29296
2031.800930,29297
2031.800935,29298
2031.801110,29299
2031.802420,29300
2031.804240,29301
2031.804480,29302
2031.805759,29303
2031.805840,29304
2031.806650,29305
2031.806820,29306
2031.808340,29307
2031.808340,29311
2031.808340,29318
2031.808340,29320
2031.808340,29321
2031.809533,29322
2031.810040,29323
2031.810130,29324
2031.810640,29325
2031.811056,29326
2031.812830,29327
2031.813190,29328
2031.813600,29329
2031.815030,29330
2031.815238,29331
2031.817550,29332
2031.817920,29333
2031.818330,29334
2031.818340,29337
2031.818340,29340
2031.818340,29347
2031.818340,29349
2031.818340,29350
2031.819640,29351
2031.821141,29352
2031.821740,29353
2031.822790,29354
2031.823530,29355
2031.823530,29356
2031.823590,29357
2031.825007,29358
2031.825456,29359
2031.827680,29360
2031.828340,29362
2031.831350,29363
2031.831710,29364
2031.832366,29365
2031.833340,29366
2031.833960,29368
2031.835380,29369
2031.836860,29370
2031.836880,29371
2031.836950,29372
2031.838160,29373
2031.838340,29374
2031.838340,29376
2031.840040,29377
2031.840540,29378
2031.841780,29379
2031.842940,29380
2031.843130,29381
2031.844740,29382
2031.846560,29383
2031.847010,29384
2031.847720,29385
2031.848340,29386
2031.849350,29387
2031.851870,29388
2031.853340,29389
2031.853710,29390
2031.854683,29391
2031.855830,29392
2031.856673,29393
2031.857671,29394
2031.857760,29395
2031.857840,29396
2031.858340,29397
2031.858340,29398
2031.859508,29399
2031.859510,29400
2031.859780,29401
2031.861490,29402
2031.862625,29403
2031.864140,29405
2031.864290,29406
2031.864730,29407
2031.865480,29408
2031.866240,29409
2031.866248,29410
2031.866435,29411
2031.866610,29412
2031.867510,29413
2031.868340,29414
2031.868340,29415
2031.872206,29416
2031.872400,29417
2031.872585,29418
2031.873340,29419
2031.874290,29420
2031.875370,29421
2031.875392,29424
2031.875700,29425
2031.875840,29426
2031.878340,29427
2031.878340,29430
2031.878340,29432
2031.878340,29435
2031.878357,29436
2031.878550,29437
2031.879705,29438
2031.879950,29439
2031.880340,29440
2031.882087,29441
2031.882305,29442
2031.884940,29443
2031.885140,29444
2031.885420,29445
2031.886340,29446
2031.888340,29447
2031.889715,29448
2031.890080,29449
2031.890535,29450
2031.890630,29451
2031.892683,29452
2031.893340,29453
2031.893340,29454
2031.894238,29455
2031.894330,29456
2031.894710,29457
2031.895340,29458
2031.895340,29459
2031.895775,29460
2031.895840,29461
2031.896240,29462
2031.897751,29463
2031.898340,29464
2031.898340,29465
2031.898340,29466
2031.898340,29467
2031.900540,29468
2031.901360,29469
2031.901480,29470
2031.902527,29471
2031.904235,29472
2031.905615,29473
2031.907060,29474
2031.907350,29475
2031.908340,29476
2031.908340,29477
2031.908340,29478
2031.908340,29479
2031.909040,29480
2031.909080,29481
2031.910590,29482
2031.911110,29483
2031.911240,29484
2031.912340,29485
2031.912570,29487
2031.913340,29488
2031.914640,29489
2031.916520,29491
2031.918340,29493
2031.918340,29500
2031.918340,29503
2031.918340,29505
2031.918340,29509
2031.918340,29515
2031.918340,29516
2031.918340,29517
2031.919220,29518
2031.920400,29519
2031.921722,29520
2031.921840,29521
2031.923740,29522
2031.924020,29523
2031.926403,29524
2031.927920,29525
2031.928065,29526
2031.928340,29527
2031.928340,29528
2031.928340,29533
2031.928580,29534
2031.930090,29535
2031.932910,29536
2031.933040,29537
2031.933840,29538
2031.934070,29539
2031.935630,29540
2031.935757,29541
2031.936510,29542
2031.938340,29544
2031.938800,29545
2031.939143,29546
2031.939443,29547
2031.945260,29548
2031.946090,29549
2031.947440,29550
2031.947490,29551
2031.948340,29552
2031.948340,29554
2031.948541,29555
2031.948840,29556
2031.950210,29557
2031.951120,29558
2031.953620,29559
2031.953760,29560
2031.953780,29561
2031.953920,29562
2031.954182,29563
2031.954636,29564
2031.955640,29565
2031.957505,29566
2031.958340,29569
2031.958340,29571
2031.958890,29572
2031.960495,29573
2031.961720,29574
2031.962890,29575
2031.963340,29576
2031.964930,29577
2031.965275,29578
2031.966490,29579
2031.967260,29580
2031.967720,29581
2031.968340,29583
2031.968340,29585
2031.968340,29587
2031.969780,29588
2031.970782,29589
2031.972105,29590
2031.972130,29591
2031.973340,29592
2031.974070,29593
2031.975773,29594
2031.976265,29595
2031.976620,29596
2031.976680,29597
2031.977640,29598
2031.978340,29599
2031.978340,29604
2031.978340,29612
2031.981130,29613
2031.981240,29615
2031.982040,29616
2031.982678,29618
2031.983640,29619
2031.983940,29620
2031.985970,29621
2031.986780,29622
2031.988140,29623
2031.988340,29624
2031.988980,29625
2031.989081,29626
2031.989800,29627
2031.990900,29628
2031.991863,29629
2031.992070,29630
2031.992240,29631
2031.993340,29633
2031.994210,29634
2031.996286,29635
2032.000110,29636
2032.000635,29637
2032.001800,29638
2032.002300,29639
2032.003850,29640
2032.005370,29641
2032.005380,29642
2032.006535,29643
2032.008340,29644
2032.008340,29648
2032.011190,29649
2032.012140,29650
2032.012860,29651
2032.013840,29652
2032.013985,29653
2032.016780,29654
2032.017130,29655
2032.017450,29656
2032.018340,29662
2032.018340,29670
2032.018340,29677
2032.018340,29694
2032.018340,29696
2032.020708,29697
2032.022840,29698
2032.023340,29699
2032.023340,29700
2032.023640,29701
2032.025990,29702
2032.026180,29703
2032.027440,29704
2032.027640,29705
2032.028340,29707
2032.028340,29708
2032.030130,29709
2032.030310,29710
2032.030640,29711
2032.031540,29712
2032.032340,29713
2032.033030,29714
2032.033730,29715
2032.034640,29716
2032.035992,29717
2032.036550,29718
2032.036555,29719
2032.038324,29720
2032.038340,29721
2032.039893,29722
2032.041156,29723
2032.041217,29724
2032.043340,29725
2032.044803,29726
2032.045340,29727
2032.045680,29728
2032.046740,29729
2032.047840,29730
2032.048340,29731
2032.048460,29732
2032.051100,29733
2032.052240,29734
2032.052660,29735
2032.053173,29736
2032.053940,29737
2032.055590,29738
2032.055890,29739
2032.058340,29740
2032.058340,29741
2032.058380,29742
2032.058870,29743
2032.059070,29744
2032.060220,29745
2032.060373,29746
2032.062180,29747
2032.063220,29748
2032.065007,29749
2032.068120,29750
2032.068340,29751
2032.068340,29752
2032.068340,29753
2032.068340,29754
2032.068890,29755
2032.069010,29756
2032.070630,29757
2032.072750,29758
2032.073290,29759
2032.074629,29760
2032.076793,29761
2032.077240,29762
2032.078229,29763
2032.078340,29764
2032.078340,29768
2032.079715,29769
2032.081000,29770
2032.081240,29771
2032.081540,29772
2032.082270,29773
2032.082740,29774
2032.083570,29775
2032.083590,29776
2032.084840,29777
2032.085007,29778
2032.085007,29779
2032.085293,29780
2032.085870,29782
2032.087678,29783
2032.087904,29786
2032.088040,29787
2032.088160,29788
2032.088340,29789
2032.088340,29791
2032.088340,29793
2032.088340,29795
2032.088470,29796
2032.088473,29797
2032.088650,29798
2032.089736,29799
2032.091906,29800
2032.093026,29801
2032.094103,29802
2032.095417,29803
2032.097600,29804
2032.097947,29805
2032.098340,29806
2032.098520,29807
2032.103130,29808
2032.103340,29809
2032.104050,29810
2032.107820,29811
2032.108340,29812
2032.108345,29813
2032.108670,29814
2032.109353,29815
2032.109750,29816
2032.109871,29820
2032.109871,29821
2032.110560,29822
2032.111680,29824
2032.113377,29825
2032.115330,29826
2032.115330,29827
2032.118030,29828
2032.118340,29829
2032.118340,29836
2032.118340,29839
2032.118340,29842
2032.118340,29843
2032.118340,29844
2032.120820,29845
2032.121940,29846
2032.124370,29847
2032.124840,29848
2032.125790,29849
2032.126450,29850
2032.126600,29851
2032.126690,29852
2032.126940,29853
2032.127590,29854
2032.128340,29855
2032.128340,29856
2032.128340,29858
2032.128680,29859
2032.128752,29860
2032.132675,29861
2032.133655,29862
2032.133780,29863
2032.136240,29864
2032.137828,29865
2032.138340,29866
2032.138340,29868
2032.138340,29869
2032.138340,29871
2032.138730,29872
2032.141640,29873
2032.143340,29874
2032.143471,29875
2032.144150,29876
2032.146850,29877
2032.148340,29880
2032.148340,29882
2032.149110,29883
2032.149240,29884
2032.149490,29885
2032.150940,29886
2032.150960,29887
2032.151190,29888
2032.151260,29889
2032.151490,29890
2032.154450,29891
2032.155007,29892
2032.155206,29893
2032.155283,29894
2032.156460,29895
2032.156620,29896
2032.157220,29897
2032.158015,29898
2032.158340,29899
2032.158340,29910
2032.158340,29911
2032.160710,29912
2032.160715,29913
2032.162482,29914
2032.162860,29915
2032.163340,29916
2032.164430,29917
2032.165680,29918
2032.165830,29919
2032.167956,29920
2032.168010,29921
2032.168060,29922
2032.168340,29923
2032.168340,29925
2032.168340,29928
2032.168357,29929
2032.169220,29930
2032.169440,29931
2032.169924,29932
2032.170524,29933
2032.171650,29934
2032.171810,29935
2032.172690,29936
2032.174293,29937
2032.176500,29938
2032.177290,29939
2032.177580,29940
2032.178340,29944
2032.178340,29946
2032.179230,29947
2032.179700,29948
2032.179990,29949
2032.180980,29950
2032.182235,29951
2032.182561,29952
2032.183540,29953
2032.183605,29954
2032.187290,29955
2032.187350,29956
2032.188240,29957
2032.188340,29958
2032.188340,29960
2032.188840,29961
2032.188895,29962
2032.189375,29963
2032.190580,29964
2032.191969,29965
2032.193740,29966
2032.194455,29967
2032.198340,29969
2032.198340,29970
2032.198340,29971
2032.198640,29972
2032.201090,29973
2032.207047,29974
2032.207200,29975
2032.207766,29976
2032.208340,29977
2032.208340,29978
2032.208345,29979
2032.208360,29980
2032.208640,29981
2032.210460,29982
2032.212680,29983
2032.213780,29984
2032.214050,29985
2032.214590,29986
2032.215940,29987
2032.216245,29988
2032.216940,29989
2032.217060,29990
2032.218340,29991
2032.218340,29996
2032.218340,30002
2032.218340,30011
2032.218340,30012
2032.218340,30015
2032.219960,30016
2032.221526,30017
2032.222040,30018
2032.222050,30019
2032.222210,30020
2032.222835,30021
2032.222920,30022
2032.223010,30023
2032.223340,30024
2032.224490,30025
2032.224756,30026
2032.225370,30027
2032.225650,30028
2032.227147,30029
2032.227724,30030
2032.227724,30031
2032.227920,30032
2032.227990,30033
2032.228130,30034
2032.228340,30036
2032.228760,30037
2032.230790,30038
2032.230800,30039
2032.231160,30040
2032.231270,30041
2032.231585,30042
2032.232440,30043
2032.233700,30044
2032.234670,30045
2032.235845,30046
2032.236540,30047
2032.236910,30048
2032.238290,30049
2032.238340,30051
2032.238340,30052
2032.238340,30053
2032.238340,30054
2032.238340,30056
2032.239970,30057
2032.240997,30058
2032.241610,30059
2032.242040,30060
2032.242950,30061
2032.243940,30062
2032.244055,30063
2032.246940,30064
2032.246970,30065
2032.247500,30066
2032.248340,30068
2032.248340,30069
2032.248340,30070
2032.250865,30071
2032.251120,30072
2032.251770,30073
2032.252390,30074
2032.253340,30075
2032.253840,30076
2032.254943,30077
2032.255145,30078
2032.255440,30082
2032.257660,30083
2032.258340,30084
2032.258340,30085
2032.258340,30088
2032.258673,30089
2032.259080,30090
2032.259090,30091
2032.259640,30092
2032.260610,30093
2032.261780,30094
2032.261860,30095
2032.263270,30096
2032.263340,30097
2032.264200,30098
2032.266720,30099
2032.268340,30108
2032.268340,30110
2032.268340,30111
2032.268460,30112
2032.270565,30113
2032.271673,30114
2032.272840,30115
2032.273650,30116
2032.273713,30117
2032.274015,30118
2032.275020,30119
2032.277400,30120
2032.277890,30121
2032.278340,30122
2032.278340,30123
2032.278340,30124
2032.278650,30125
2032.279446,30126
2032.279620,30127
2032.280710,30128
2032.282178,30129
2032.283123,30130
2032.283340,30132
2032.283780,30133
2032.284720,30134
2032.285007,30135
2032.285420,30136
2032.287540,30137
2032.288340,30138
2032.288340,30139
2032.288340,30140
2032.288340,30142
2032.288770,30144
2032.290535,30145
2032.290998,30146
2032.292100,30147
2032.292175,30148
2032.293690,30149
2032.293940,30150
2032.295450,30151
2032.296243,30152
2032.297375,30153
2032.297520,30155
2032.298340,30156
2032.298340,30158
2032.298340,30159
2032.298340,30160
2032.299100,30161
2032.299477,30162
2032.299655,30163
2032.300140,30164
2032.300270,30165
2032.300990,30166
2032.301340,30167
2032.302882,30168
2032.304140,30169
2032.306000,30170
2032.306000,30171
2032.308012,30172
2032.308140,30173
2032.308340,30175
2032.308340,30176
2032.308340,30178
2032.308870,30179
2032.309470,30180
2032.310599,30182
2032.311665,30183
2032.311700,30185
2032.312430,30186
2032.313130,30187
2032.315320,30188
2032.316310,30190
2032.317360,30191
2032.318340,30197
2032.318340,30205
2032.318340,30210
2032.318340,30213
2032.320170,30214
2032.320240,30215
2032.324830,30216
2032.325470,30217
2032.325563,30218
2032.325890,30219
2032.326310,30220
2032.327388,30221
2032.328340,30222
2032.328340,30223
2032.328340,30225
2032.328960,30226
2032.329083,30227
2032.330160,30228
2032.330160,30229
2032.330970,30230
2032.332411,30231
2032.332690,30232
2032.333040,30233
2032.334030,30235
2032.334570,30236
2032.335100,30237
2032.336839,30238
2032.336854,30239
2032.336990,30240
2032.338340,30241
2032.338340,30242
2032.338340,30243
2032.338340,30246
2032.338340,30247
2032.338740,30248
2032.342650,30249
2032.342938,30250
2032.343600,30251
2032.345460,30252
2032.346880,30254
2032.347435,30255
2032.348340,30256
2032.348540,30257
2032.349890,30258
2032.350700,30259
2032.352046,30260
2032.353340,30261
2032.353340,30262
2032.353725,30263
2032.355390,30264
2032.355583,30265
2032.355900,30266
2032.356400,30267
2032.358340,30268
2032.358340,30269
2032.358340,30270
2032.358340,30272
2032.358560,30273
2032.358660,30274
2032.358750,30275
2032.359100,30276
2032.359695,30277
2032.360593,30278
2032.363337,30279
2032.365275,30280
2032.365770,30281
2032.368340,30284
2032.368340,30287
2032.369668,30288
2032.371790,30289
2032.373420,30290
2032.373740,30291
2032.374554,30292
2032.377620,30293
2032.377940,30294
2032.378340,30295
2032.378340,30297
2032.378340,30299
2032.378340,30304
2032.378954,30305
2032.379480,30306
2032.380040,30307
2032.381270,30308
2032.381440,30309
2032.382935,30310
2032.384520,30311
2032.386170,30312
2032.386429,30313
2032.387090,30314
2032.387210,30315
2032.388310,30316
2032.388340,30317
2032.388340,30319
2032.388340,30320
2032.389240,30321
2032.389320,30322
2032.389330,30323
2032.390740,30324
2032.391840,30325
2032.392800,30327
2032.392914,30328
2032.393340,30329
2032.396750,30330
2032.396960,30331
2032.398340,30332
2032.398340,30335
2032.398340,30336
2032.398340,30337
2032.398730,30338
2032.398780,30339
2032.399130,30340
2032.400935,30341
2032.404003,30343
2032.404080,30344
2032.404265,30345
2032.405160,30346
2032.406885,30347
2032.408330,30348
2032.408340,30351
2032.408340,30353
2032.408340,30354
2032.409440,30355
2032.410240,30356
2032.410345,30357
2032.411070,30358
2032.411600,30359
2032.415241,30360
2032.415388,30361
2032.415470,30362
2032.418340,30363
2032.418340,30365
2032.418340,30370
2032.418340,30373
2032.418340,30376
2032.418340,30377
2032.418700,30378
2032.418880,30380
2032.419140,30381
2032.420040,30382
2032.422050,30383
2032.423640,30384
2032.424370,30385
2032.426490,30386
2032.427050,30387
2032.428340,30388
2032.428340,30389
2032.431330,30390
2032.432670,30392
2032.433480,30393
2032.433810,30394
2032.435020,30395
2032.435480,30396
2032.436297,30397
2032.436340,30398
2032.437840,30399
2032.437975,30400
2032.438080,30401
2032.438340,30402
2032.438340,30403
2032.438340,30404
2032.438340,30406
2032.438620,30407
2032.440720,30408
2032.441784,30409
2032.441860,30410
2032.443990,30411
2032.444380,30412
2032.444502,30413
2032.444890,30414
2032.444950,30415
2032.445410,30416
2032.446890,30417
2032.448340,30418
2032.450040,30419
2032.451220,30420
2032.452240,30421
2032.452660,30422
2032.452795,30423
2032.453870,30424
2032.454243,30425
2032.455630,30426
2032.457310,30427
2032.458175,30428
2032.458340,30429
2032.458340,30432
2032.458340,30433
2032.458340,30434
2032.458628,30435
2032.459500,30436
2032.461090,30437
2032.461742,30438
2032.463340,30440
2032.464560,30441
2032.465107,30442
2032.465630,30443
2032.466089,30444
2032.468340,30445
2032.468340,30447
2032.468540,30448
2032.468600,30449
2032.469020,30450
2032.470130,30451
2032.470290,30452
2032.471295,30453
2032.471945,30454
2032.473176,30455
2032.473780,30456
2032.475774,30457
2032.476063,30458
2032.477370,30459
2032.477690,30460
2032.478340,30461
2032.478340,30469
2032.478340,30471
2032.479936,30472
2032.483000,30473
2032.485500,30474
2032.486020,30475
2032.486560,30476
2032.488340,30478
2032.488340,30480
2032.488340,30481
2032.488340,30482
2032.489060,30483
2032.490590,30484
2032.491195,30485
2032.492330,30486
2032.492360,30488
2032.492490,30489
2032.494500,30490
2032.495660,30491
2032.496240,30492
2032.497510,30493
2032.498132,30494
2032.498340,30495
2032.498340,30496
2032.498340,30498
2032.498340,30500
2032.499009,30501
2032.500870,30502
2032.501519,30503
2032.502115,30504
2032.502301,30505
2032.502750,30506
2032.503280,30507
2032.504196,30509
2032.505010,30510
2032.506630,30511
2032.506990,30512
2032.507240,30513
2032.507800,30514
2032.508340,30515
2032.508340,30517
2032.508340,30519
2032.508340,30520
2032.511230,30521
2032.512770,30522
2032.515340,30523
2032.516030,30524
2032.517170,30525
2032.517600,30526
2032.518125,30527
2032.518340,30528
2032.518340,30535
2032.518340,30542
2032.518340,30546
2032.518340,30549
2032.518570,30550
2032.519130,30551
2032.521070,30552
2032.521140,30553
2032.521940,30554
2032.523530,30556
2032.523535,30557
2032.524490,30558
2032.524880,30559
2032.525180,30560
2032.525960,30561
2032.527267,30563
2032.528090,30564
2032.528340,30565
2032.528340,30567
2032.528340,30568
2032.530390,30569
2032.530720,30570
2032.531180,30571
2032.531630,30572
2032.532207,30573
2032.533340,30574
2032.536140,30575
2032.536324,30576
2032.538340,30577
2032.538340,30578
2032.538590,30579
2032.539547,30580
2032.541450,30581
2032.541930,30582
2032.543340,30583
2032.543360,30584
2032.544445,30585
2032.545361,30586
2032.546065,30587
2032.546260,30588
2032.547387,30589
2032.547410,30590
2032.548090,30591
2032.548340,30592
2032.548340,30593
2032.548340,30594
2032.548340,30596
2032.549160,30597
2032.550540,30598
2032.551840,30599
2032.552040,30600
2032.552168,30601
2032.552435,30602
2032.552810,30603
2032.554370,30604
2032.554443,30605
2032.554680,30606
2032.556555,30607
2032.558340,30609
2032.558340,30611
2032.558340,30612
2032.561835,30613
2032.562060,30614
2032.562510,30615
2032.563030,30616
2032.563840,30617
2032.566040,30618
2032.566490,30619
2032.568340,30620
2032.568340,30623
2032.568340,30624
2032.568340,30627
2032.568345,30628
2032.573370,30629
2032.573630,30630
2032.574087,30631
2032.574690,30632
2032.575007,30633
2032.576089,30634
2032.578340,30635
2032.578340,30636
2032.578340,30637
2032.578340,30638
2032.578470,30639
2032.580280,30640
2032.581423,30641
2032.581700,30642
2032.583635,30643
2032.585050,30644
2032.587947,30645
2032.588340,30646
2032.588340,30647
2032.589099,30648
2032.591673,30649
2032.591673,30650
2032.592430,30651
2032.592780,30652
2032.593340,30653
2032.594140,30654
2032.596170,30655
2032.596206,30656
2032.596550,30657
2032.597213,30658
2032.598005,30659
2032.598010,30660
2032.598340,30661
2032.598340,30662
2032.598345,30663
2032.599340,30664
2032.600930,30665
2032.601390,30666
2032.601870,30667
2032.602200,30668
2032.602606,30669
2032.604410,30670
2032.605190,30671
2032.605585,30672
2032.605620,30673
2032.607720,30674
2032.608240,30675
2032.608340,30682
2032.608340,30684
2032.609440,30685
2032.609601,30686
2032.609640,30687
2032.609860,30688
2032.610050,30689
2032.611300,30690
2032.613337,30691
2032.613540,30692
2032.613940,30693
2032.616386,30694
2032.616800,30695
2032.617340,30696
2032.618340,30698
2032.618340,30700
2032.618340,30702
2032.618340,30713
2032.618340,30716
2032.618340,30719
2032.618970,30720
2032.620040,30721
2032.620195,30722
2032.622550,30723
2032.622735,30724
2032.623140,30725
2032.623910,30726
2032.624210,30727
2032.625540,30728
2032.627650,30729
2032.628300,30730
2032.628305,30731
2032.628340,30732
2032.628340,30735
2032.628340,30738
2032.628940,30739
2032.630150,30740
2032.630580,30741
2032.630960,30742
2032.631980,30743
2032.632117,30744
2032.632830,30745
2032.632840,30746
2032.633310,30747
2032.633340,30748
2032.634710,30750
2032.637910,30751
2032.638340,30752
2032.638340,30755
2032.638340,30757
2032.638340,30761
2032.638817,30762
2032.638895,30763
2032.639570,30764
2032.639570,30765
2032.644640,30766
2032.644950,30767
2032.648235,30768
2032.648250,30769
2032.648340,30770
2032.648340,30772
2032.648340,30774
2032.648343,30775
2032.648440,30776
2032.648490,30777
2032.649174,30778
2032.650150,30779
2032.650640,30780
2032.652810,30781
2032.653140,30782
2032.653340,30783
2032.654740,30784
2032.654981,30785
2032.655800,30786
2032.655970,30787
2032.656600,30788
2032.656950,30789
2032.658340,30790
2032.658340,30791
2032.658340,30792
2032.659040,30793
2032.660525,30794
2032.662370,30795
2032.662710,30796
2032.663070,30797
2032.663240,30798
2032.663778,30799
2032.663840,30800
2032.667120,30801
2032.667830,30802
2032.668000,30803
2032.668340,30804
2032.668340,30805
2032.668340,30808
2032.669040,30809
2032.669330,30810
2032.670730,30811
2032.670830,30812
2032.671840,30813
2032.672790,30814
2032.673992,30816
2032.677020,30817
2032.678340,30818
2032.679032,30819
2032.679230,30820
2032.679290,30821
2032.680260,30822
2032.681012,30823
2032.682940,30824
2032.683040,30825
2032.683450,30826
2032.683773,30827
2032.684290,30828
2032.684575,30829
2032.688340,30831
2032.688340,30832
2032.689480,30833
2032.690540,30834
2032.690640,30835
2032.692350,30836
2032.693340,30837
2032.693640,30839
2032.694400,30840
2032.694430,30841
2032.694520,30842
2032.694530,30843
2032.695050,30844
2032.695255,30845
2032.697415,30846
2032.698340,30848
2032.698340,30850
2032.698340,30851
2032.698340,30852
2032.699145,30853
2032.699200,30854
2032.700740,30855
2032.700800,30856
2032.701080,30857
2032.702770,30858
2032.703365,30859
2032.703715,30860
2032.704030,30861
2032.704630,30862
2032.705280,30863
2032.705390,30864
2032.705890,30865
2032.706690,30866
2032.708340,30867
2032.708340,30868
2032.708340,30872
2032.709730,30873
2032.710414,30874
2032.710480,30875
2032.711280,30876
2032.711740,30878
2032.712643,30879
2032.713340,30880
2032.714763,30881
2032.715010,30882
2032.715480,30883
2032.715695,30885
2032.718340,30886
2032.718340,30887
2032.718340,30892
2032.718340,30895
2032.718340,30897
2032.718340,30898
2032.718340,30901
2032.719540,30902
2032.719960,30903
2032.721840,30904
2032.721910,30905
2032.722453,30906
2032.722930,30907
2032.723575,30908
2032.723780,30909
2032.726740,30910
2032.728140,30911
2032.729040,30912
2032.729260,30913
2032.729540,30914
2032.730340,30916
2032.730640,30917
2032.735840,30918
2032.737190,30919
2032.737710,30920
2032.738340,30921
2032.738340,30922
2032.738340,30923
2032.740500,30924
2032.742740,30925
2032.743011,30926
2032.745195,30927
2032.745640,30928
2032.746640,30929
2032.747263,30930
2032.748190,30931
2032.748340,30932
2032.748340,30936
2032.748340,30937
2032.749280,30938
2032.750005,30939
2032.750030,30940
2032.750840,30941
2032.751590,30942
2032.752290,30943
2032.753340,30944
2032.754325,30945
2032.755380,30946
2032.755640,30947
2032.755720,30948
2032.756787,30949
2032.757053,30950
2032.757540,30951
2032.757810,30952
2032.758340,30953
2032.758340,30954
2032.758340,30955
2032.758340,30956
2032.758750,30957
2032.759910,30958
2032.763035,30959
2032.763150,30960
2032.763755,30961
2032.764770,30962
2032.764970,30963
2032.768340,30964
2032.768340,30965
2032.768340,30969
2032.768340,30972
2032.769657,30973
2032.770240,30974
2032.770690,30975
2032.770830,30976
2032.771670,30977
2032.772870,30978
2032.775130,30979
2032.776390,30980
2032.776550,30981
2032.776835,30982
2032.778340,30983
2032.778340,30984
2032.778340,30985
2032.778831,30986
2032.779300,30987
2032.779644,30988
2032.782105,30989
2032.782215,30990
2032.782305,30991
2032.786495,30992
2032.788340,30993
2032.788340,30995
2032.788340,30996
2032.788400,30998
2032.790090,30999
2032.790120,31000
2032.791270,31003
2032.792210,31004
2032.792320,31005
2032.792340,31006
2032.792720,31008
2032.793265,31009
2032.793340,31012
2032.793989,31013
2032.794740,31014
2032.795271,31015
2032.795640,31017
2032.797000,31018
2032.797380,31019
2032.798340,31021
2032.798340,31024
2032.798340,31025
2032.798340,31027
2032.798340,31028
2032.798485,31029
2032.799740,31030
2032.800550,31031
2032.800730,31032
2032.802420,31033
2032.803340,31034
2032.805940,31035
2032.806430,31036
2032.807590,31037
2032.808340,31038
2032.808340,31039
2032.808340,31040
2032.808640,31041
2032.809490,31042
2032.813150,31043
2032.813930,31044
2032.814270,31045
2032.814750,31046
2032.816838,31047
2032.817240,31048
2032.818080,31049
2032.818240,31050
2032.818340,31053
2032.818340,31062
2032.818340,31067
2032.818340,31079
2032.818340,31080
2032.818690,31081
2032.820550,31082
2032.820570,31083
2032.822260,31085
2032.822790,31086
2032.824170,31087
2032.824330,31088
2032.824540,31089
2032.825440,31090
2032.827040,31091
2032.827220,31092
2032.828340,31094
2032.828340,31095
2032.828340,31098
2032.828340,31099
2032.828850,31100
2032.828995,31101
2032.829060,31102
2032.829710,31103
2032.830990,31104
2032.831490,31105
2032.831660,31106
2032.833518,31107
2032.833760,31108
2032.834150,31109
2032.834190,31110
2032.834900,31111
2032.838170,31112
2032.838340,31114
2032.838340,31115
2032.839200,31116
2032.840503,31117
2032.843605,31118
2032.844640,31119
2032.845130,31120
2032.845910,31121
2032.846770,31122
2032.846860,31123
2032.848340,31124
2032.848340,31125
2032.848340,31127
2032.849310,31128
2032.849520,31129
2032.851150,31130
2032.851270,31131
2032.851673,31132
2032.852312,31133
2032.853040,31134
2032.854800,31135
2032.855080,31136
2032.855848,31137
2032.856290,31138
2032.857020,31139
2032.857470,31140
2032.858340,31143
2032.858340,31146
2032.858340,31147
2032.859400,31148
2032.864950,31149
2032.867855,31150
2032.868340,31152
2032.868340,31154
2032.868340,31159
2032.868385,31160
2032.869590,31161
2032.869840,31162
2032.870870,31163
2032.870890,31164
2032.872920,31165
2032.874189,31166
2032.876220,31167
2032.878250,31168
2032.878340,31169
2032.878340,31171
2032.878670,31172
2032.880770,31173
2032.881870,31174
2032.882073,31175
2032.882540,31176
2032.882540,31177
2032.883958,31178
2032.884140,31179
2032.888340,31182
2032.888340,31184
2032.888340,31185
2032.888940,31186
2032.889510,31187
2032.889835,31188
2032.891385,31189
2032.891640,31190
2032.891750,31191
2032.892690,31192
2032.892700,31193
2032.892830,31194
2032.893720,31195
2032.894990,31196
2032.895240,31197
2032.895270,31198
2032.895450,31199
2032.895720,31200
2032.896340,31201
2032.897950,31202
2032.898340,31203
2032.898340,31207
2032.898340,31210
2032.898670,31211
2032.899480,31212
2032.900120,31213
2032.901930,31214
2032.902002,31215
2032.902760,31216
2032.903340,31217
2032.903340,31218
2032.904340,31219
2032.905110,31220
2032.905240,31221
2032.906140,31222
2032.906904,31223
2032.906990,31224
2032.907980,31225
2032.908180,31226
2032.908340,31228
2032.911340,31229
2032.911500,31230
2032.915115,31231
2032.917320,31232
2032.918250,31233
2032.918340,31235
2032.918340,31239
2032.918340,31251
2032.918340,31252
2032.918340,31253
2032.918410,31254
2032.918580,31255
2032.919390,31258
2032.922490,31259
2032.923340,31260
2032.923340,31261
2032.924090,31262
2032.924670,31263
2032.928340,31264
2032.928340,31268
2032.928340,31269
2032.928340,31270
2032.928521,31271
2032.928530,31272
2032.933065,31273
2032.933470,31274
2032.933980,31275
2032.934970,31276
2032.935140,31277
2032.936800,31278
2032.937540,31279
2032.942840,31280
2032.943420,31281
2032.944540,31282
2032.946840,31283
2032.947980,31286
2032.948340,31289
2032.949390,31290
2032.950555,31291
2032.951340,31292
2032.951930,31293
2032.952460,31294
2032.952730,31295
2032.953642,31296
2032.954100,31297
2032.955560,31298
2032.957590,31299
2032.957840,31302
2032.958280,31303
2032.958340,31305
2032.958340,31307
2032.958375,31308
2032.959860,31309
2032.959970,31310
2032.960462,31311
2032.961220,31312
2032.961530,31314
2032.961655,31315
2032.962202,31319
2032.962930,31320
2032.963340,31321
2032.963650,31322
2032.964293,31323
2032.966056,31324
2032.966211,31326
2032.968050,31327
2032.968340,31328
2032.968340,31330
2032.968340,31331
2032.968340,31333
2032.968530,31334
2032.969236,31335
2032.970020,31336
2032.970200,31337
2032.971820,31338
2032.972390,31339
2032.972610,31340
2032.973570,31341
2032.973970,31342
2032.976775,31343
2032.978340,31345
2032.978340,31348
2032.978340,31350
2032.980911,31351
2032.980974,31352
2032.981080,31353
2032.981170,31354
2032.982405,31355
2032.982615,31356
2032.983140,31357
2032.983250,31358
2032.983340,31359
2032.983340,31360
2032.983340,31361
2032.987400,31362
2032.987760,31363
2032.988340,31365
2032.988930,31366
2032.989150,31367
2032.989290,31368
2032.989553,31369
2032.990590,31370
2032.991405,31371
2032.992920,31372
2032.993990,31373
2032.995410,31374
2032.997143,31375
2032.997230,31376
2032.997890,31377
2032.998340,31379
2032.998340,31383
2032.999340,31384
2033.001580,31385
2033.002490,31386
2033.002939,31387
2033.003990,31388
2033.004024,31389
2033.004655,31390
2033.005200,31391
2033.005430,31392
2033.007240,31393
2033.008340,31395
2033.008340,31396
2033.009190,31397
2033.009570,31398
2033.009850,31399
2033.012835,31400
2033.013125,31401
2033.014563,31402
2033.015920,31403
2033.018340,31406
2033.018340,31421
2033.018340,31442
2033.018340,31458
2033.018340,31464
2033.018340,31472
2033.018340,31474
2033.018740,31475
2033.019539,31476
2033.019720,31477
2033.019930,31478
2033.020030,31479
2033.021090,31480
2033.022700,31481
2033.023380,31482
2033.025730,31483
2033.026120,31484
2033.026960,31485
2033.028340,31487
2033.028340,31489
2033.028340,31491
2033.028440,31492
2033.029680,31493
2033.031903,31496
2033.033690,31497
2033.034040,31498
2033.034290,31499
2033.035590,31500
2033.035678,31501
2033.035777,31502
2033.038340,31503
2033.038340,31505
2033.039032,31506
2033.039520,31507
2033.039904,31508
2033.040055,31509
2033.040195,31510
2033.040240,31511
2033.041570,31512
2033.041980,31513
2033.042410,31514
2033.042820,31515
2033.043140,31516
2033.045020,31517
2033.045113,31518
2033.047321,31519
2033.048340,31520
2033.048340,31521
2033.049487,31522
2033.051394,31523
2033.052194,31524
2033.052710,31525
2033.053087,31526
2033.055670,31527
2033.056260,31528
2033.057250,31529
2033.058340,31530
2033.058340,31533
2033.058560,31534
2033.059740,31535
2033.061251,31536
2033.063340,31537
2033.063460,31538
2033.065330,31539
2033.066840,31540
2033.067050,31541
2033.067258,31542
2033.068340,31543
2033.068340,31545
2033.068340,31546
2033.068340,31547
2033.068590,31548
2033.069040,31549
2033.070740,31550
2033.071220,31551
2033.074715,31552
2033.074920,31553
2033.075414,31554
2033.075560,31555
2033.078340,31558
2033.078340,31562
2033.078340,31563
2033.080340,31564
2033.080610,31565
2033.081238,31566
2033.081430,31567
2033.081860,31568
2033.082140,31569
2033.082440,31570
2033.082930,31571
2033.083340,31572
2033.083340,31573
2033.087340,31574
2033.087687,31575
2033.087920,31576
2033.088340,31582
2033.088340,31583
2033.088340,31585
2033.088414,31586
2033.089350,31587
2033.089460,31588
2033.089660,31589
2033.090112,31590
2033.091550,31591
2033.091750,31592
2033.091840,31593
2033.092980,31594
2033.095265,31595
2033.097450,31596
2033.098010,31597
2033.098260,31598
2033.098340,31599
2033.098340,31600
2033.099150,31601
2033.099743,31602
2033.100172,31603
2033.101310,31604
2033.102165,31605
2033.102440,31606
2033.102998,31608
2033.103260,31609
2033.103431,31610
2033.103707,31611
2033.106850,31612
2033.106950,31613
2033.106980,31614
2033.107080,31615
2033.108340,31616
2033.108340,31617
2033.109443,31618
2033.111860,31619
2033.112050,31620
2033.113337,31621
2033.113340,31622
2033.114460,31623
2033.114700,31624
2033.115010,31625
2033.115814,31626
2033.117580,31627
2033.118340,31628
2033.118340,31631
2033.118340,31636
2033.118340,31637
2033.118340,31638
2033.118340,31643
2033.118340,31644
2033.118730,31645
2033.118770,31646
2033.119920,31647
2033.120503,31648
2033.120840,31649
2033.122400,31650
2033.122567,31651
2033.122775,31652
2033.123340,31653
2033.124120,31654
2033.125275,31655
2033.125290,31656
2033.125640,31657
2033.126080,31658
2033.126200,31659
2033.126760,31660
2033.126880,31661
2033.127740,31662
2033.128080,31663
2033.128305,31664
2033.128340,31665
2033.128340,31667
2033.128340,31668
2033.128340,31669
2033.128526,31670
2033.128660,31671
2033.129860,31672
2033.133690,31673
2033.133873,31674
2033.135940,31675
2033.136125,31676
2033.136600,31677
2033.136740,31678
2033.137710,31679
2033.138005,31680
2033.138010,31681
2033.138340,31682
2033.138340,31684
2033.138340,31689
2033.138340,31691
2033.139977,31692
2033.140305,31693
2033.140629,31694
2033.140840,31695
2033.143240,31696
2033.144030,31697
2033.146890,31698
2033.147370,31699
2033.148078,31700
2033.148325,31701
2033.148340,31702
2033.148340,31704
2033.148340,31705
2033.148340,31708
2033.150070,31709
2033.150140,31710
2033.150405,31711
2033.151490,31712
2033.151550,31713
2033.152782,31714
2033.154130,31715
2033.155600,31716
2033.156680,31717
2033.157240,31718
2033.157600,31719
2033.158340,31720
2033.158340,31722
2033.158340,31723
2033.159120,31724
2033.161240,31725
2033.162310,31726
2033.162500,31727
2033.163740,31728
2033.164140,31729
2033.164340,31730
2033.165610,31731
2033.166076,31732
2033.167740,31733
2033.168340,31735
2033.168340,31736
2033.168340,31737
2033.169360,31738
2033.170057,31739
2033.170160,31740
2033.171740,31741
2033.171835,31742
2033.174065,31743
2033.174950,31744
2033.175440,31745
2033.177130,31746
2033.177395,31748
2033.178340,31750
2033.178340,31752
2033.178670,31753
2033.178975,31754
2033.179040,31755
2033.180320,31756
2033.182130,31757
2033.183050,31758
2033.183340,31759
2033.183370,31760
2033.185304,31761
2033.185350,31762
2033.185455,31763
2033.188340,31764
2033.188340,31765
2033.188560,31766
2033.188597,31767
2033.190380,31768
2033.190840,31769
2033.191330,31770
2033.191850,31771
2033.192779,31773
2033.193340,31774
2033.194611,31775
2033.195090,31777
2033.196246,31778
2033.197890,31779
2033.198340,31781
2033.198340,31783
2033.198350,31784
2033.199310,31785
2033.199753,31786
2033.199940,31787
2033.201440,31788
2033.202225,31789
2033.202230,31790
2033.204730,31791
2033.205190,31792
2033.206030,31793
2033.206590,31794
2033.206640,31795
2033.207770,31796
2033.207840,31797
2033.208240,31798
2033.208275,31799
2033.208340,31802
2033.208340,31803
2033.208340,31806
2033.208340,31807
2033.209140,31808
2033.213100,31809
2033.213340,31810
2033.215068,31811
2033.215340,31812
2033.215350,31813
2033.216100,31815
2033.216740,31816
2033.217060,31817
2033.218340,31819
2033.218340,31821
2033.218340,31825
2033.218340,31831
2033.218340,31832
2033.220959,31833
2033.221740,31834
2033.224048,31835
2033.226115,31836
2033.226550,31837
2033.226770,31838
2033.227340,31839
2033.228340,31841
2033.229290,31842
2033.230340,31844
2033.230560,31845
2033.231050,31846
2033.231670,31847
2033.232705,31848
2033.232840,31849
2033.233500,31850
2033.234560,31851
2033.235671,31852
2033.237620,31853
2033.237630,31854
2033.238340,31856
2033.238340,31857
2033.238340,31861
2033.238340,31862
2033.239011,31863
2033.243327,31865
2033.243340,31866
2033.243340,31867
2033.243340,31868
2033.244035,31869
2033.244450,31870
2033.245080,31871
2033.246807,31872
2033.247317,31873
2033.248340,31876
2033.248340,31879
2033.248340,31882
2033.249210,31883
2033.250044,31884
2033.251510,31885
2033.252610,31886
2033.253340,31887
2033.254200,31888
2033.254900,31889
2033.255900,31890
2033.256157,31891
2033.256380,31892
2033.256960,31893
2033.258160,31894
2033.258340,31895
2033.258340,31898
2033.258340,31899
2033.258340,31901
2033.258340,31904
2033.258360,31905
2033.258805,31906
2033.261280,31907
2033.261610,31908
2033.265000,31909
2033.266730,31910
2033.266742,31911
2033.267155,31912
2033.267475,31913
2033.268340,31916
2033.268340,31923
2033.268340,31928
2033.268340,31930
2033.268340,31933
2033.268540,31934
2033.268760,31935
2033.271279,31936
2033.272276,31937
2033.272700,31938
2033.273860,31939
2033.274221,31940
2033.274920,31941
2033.276100,31942
2033.276490,31943
2033.278010,31944
2033.278015,31945
2033.278340,31947
2033.278340,31949
2033.278540,31950
2033.278920,31951
2033.280480,31952
2033.282610,31953
2033.283730,31954
2033.285420,31955
2033.286396,31956
2033.286570,31957
2033.287030,31958
2033.287390,31959
2033.288177,31960
2033.288340,31962
2033.288340,31965
2033.288340,31967
2033.288840,31968
2033.289247,31969
2033.289945,31970
2033.290517,31971
2033.290770,31972
2033.292040,31973
2033.292220,31974
2033.293440,31975
2033.294440,31976
2033.295160,31977
2033.295370,31978
2033.297210,31979
2033.297293,31980
2033.297512,31981
2033.298030,31982
2033.298340,31984
2033.298340,31985
2033.300970,31986
2033.302297,31987
2033.302390,31988
2033.302530,31989
2033.302910,31990
2033.303340,31991
2033.304550,31992
2033.307820,31993
2033.308340,31995
2033.308340,31996
2033.308340,31998
2033.309436,31999
2033.310276,32000
2033.311970,32001
2033.313600,32002
2033.313780,32003
2033.315340,32004
2033.315753,32006
2033.315962,32007
2033.318340,32009
2033.318340,32018
2033.318340,32021
2033.318340,32035
2033.318340,32043
2033.318340,32045
2033.319317,32046
2033.319940,32047
2033.321002,32048
2033.321300,32049
2033.321979,32050
2033.322326,32051
2033.322650,32052
2033.323340,32053
2033.325370,32054
2033.327090,32055
2033.327550,32056
2033.327920,32057
2033.328010,32058
2033.328340,32059
2033.328340,32064
2033.328340,32067
2033.328340,32068
2033.328960,32069
2033.330100,32070
2033.332140,32071
2033.333210,32072
2033.333340,32073
2033.333447,32074
2033.334290,32075
2033.334745,32076
2033.335251,32077
2033.336374,32078
2033.338340,32081
2033.338340,32082
2033.338340,32084
2033.338740,32085
2033.340430,32086
2033.342156,32087
2033.342160,32088
2033.343320,32089
2033.344832,32090
2033.345540,32091
2033.345625,32092
2033.345886,32093
2033.346131,32094
2033.346470,32095
2033.346696,32096
2033.348325,32097
2033.348340,32098
2033.348340,32099
2033.349960,32100
2033.351673,32101
2033.351720,32102
2033.352970,32103
2033.354190,32104
2033.356720,32105
2033.357040,32106
2033.358340,32107
2033.358340,32108
2033.358340,32109
2033.358770,32110
2033.360400,32112
2033.362180,32113
2033.362260,32114
2033.363330,32115
2033.363340,32116
2033.364450,32117
2033.368065,32118
2033.368340,32119
2033.368340,32121
2033.368340,32123
2033.368340,32124
2033.368380,32125
2033.370215,32126
2033.371230,32127
2033.371380,32128
2033.371470,32129
2033.371673,32130
2033.371690,32131
2033.372330,32132
2033.372500,32134
2033.372580,32135
2033.372723,32136
2033.373600,32137
2033.373880,32138
2033.376900,32139
2033.377120,32140
2033.377545,32141
2033.378340,32142
2033.378340,32144
2033.378621,32145
2033.379560,32146
2033.379580,32147
2033.380040,32148
2033.380469,32149
2033.380770,32150
2033.381610,32151
2033.382667,32152
2033.382936,32153
2033.383108,32154
2033.385007,32155
2033.385780,32156
2033.386150,32157
2033.386580,32158
2033.388050,32159
2033.388240,32161
2033.388340,32162
2033.388340,32164
2033.388340,32165
2033.388678,32166
2033.391990,32167
2033.392613,32168
2033.393036,32169
2033.396640,32170
2033.397400,32171
2033.397557,32172
2033.398140,32173
2033.398340,32174
2033.398340,32175
2033.398535,32176
2033.400273,32177
2033.400290,32178
2033.400340,32179
2033.400940,32180
2033.401640,32181
2033.402160,32182
2033.402540,32183
2033.402690,32184
2033.402720,32185
2033.403005,32186
2033.403110,32187
2033.405340,32188
2033.406590,32189
2033.407030,32190
2033.407150,32191
2033.407440,32192
2033.407880,32193
2033.408340,32194
2033.408340,32195
2033.408340,32197
2033.408340,32199
2033.412140,32200
2033.412300,32201
2033.413200,32202
2033.413340,32203
2033.413340,32204
2033.413500,32205
2033.414905,32206
2033.415630,32207
2033.416330,32208
2033.417240,32209
2033.417640,32210
2033.418060,32211
2033.418340,32214
2033.418340,32220
2033.418340,32224
2033.418340,32227
2033.418340,32231
2033.418340,32232
2033.419660,32233
2033.421970,32235
2033.422369,32236
2033.422740,32237
2033.423340,32238
2033.426150,32239
2033.427590,32240
2033.428340,32246
2033.428340,32248
2033.430880,32249
2033.430910,32250
2033.431673,32251
2033.432080,32252
2033.433340,32253
2033.434354,32254
2033.434820,32255
2033.435564,32256
2033.436698,32257
2033.436814,32258
2033.436834,32259
2033.437480,32260
2033.438340,32261
2033.438340,32262
2033.439254,32263
2033.440250,32264
2033.441720,32265
2033.443040,32266
2033.444180,32267
2033.445020,32268
2033.445410,32269
2033.446460,32270
2033.446650,32271
2033.448340,32274
2033.448340,32277
2033.448340,32278
2033.449140,32279
2033.451007,32280
2033.452702,32281
2033.452833,32282
2033.452920,32283
2033.455485,32284
2033.455575,32285
2033.457780,32286
2033.458340,32288
2033.458340,32289
2033.458340,32290
2033.458340,32292
2033.459950,32293
2033.460800,32294
2033.461470,32295
2033.461680,32296
2033.462040,32297
2033.462040,32298
2033.462850,32299
2033.463340,32300
2033.463927,32301
2033.464090,32302
2033.464964,32303
2033.465500,32304
2033.466190,32305
2033.466879,32306
2033.468140,32307
2033.468340,32309
2033.468830,32310
2033.470140,32311
2033.470480,32312
2033.471480,32313
2033.471960,32314
2033.472840,32315
2033.473340,32316
2033.473480,32317
2033.473741,32318
2033.473930,32319
2033.474758,32320
2033.478340,32321
2033.478448,32322
2033.480020,32324
2033.480840,32325
2033.481490,32326
2033.481990,32327
2033.483180,32328
2033.484165,32329
2033.485007,32330
2033.485420,32331
2033.485480,32332
2033.485730,32333
2033.487627,32334
2033.487670,32335
2033.488250,32336
2033.488340,32338
2033.488340,32342
2033.488640,32343
2033.488840,32344
2033.489260,32345
2033.489934,32346
2033.490562,32347
2033.491037,32348
2033.491700,32349
2033.494710,32350
2033.496895,32351
2033.498240,32352
2033.498340,32353
2033.498340,32354
2033.498340,32356
2033.498340,32358
2033.498840,32359
2033.499480,32360
2033.500170,32361
2033.500287,32362
2033.502497,32363
2033.503340,32364
2033.504060,32365
2033.504122,32366
2033.504690,32367
2033.506530,32368
2033.506620,32369
2033.508340,32370
2033.508340,32371
2033.508340,32372
2033.508540,32373
2033.508780,32374
2033.509759,32375
2033.510000,32376
2033.511635,32377
2033.513340,32378
2033.513890,32379
2033.514250,32380
2033.515930,32381
2033.516340,32382
2033.517690,32383
2033.518340,32385
2033.518340,32387
2033.518340,32395
2033.518340,32407
2033.518340,32410
2033.518340,32411
2033.521220,32412
2033.521400,32413
2033.522690,32414
2033.522940,32415
2033.523340,32416
2033.523340,32417
2033.523863,32418
2033.525790,32419
2033.526590,32420
2033.528340,32422
2033.528340,32423
2033.528570,32425
2033.530140,32426
2033.530310,32427
2033.532110,32428
2033.532750,32429
2033.533340,32430
2033.534240,32431
2033.534480,32432
2033.534700,32433
2033.535450,32434
2033.537740,32435
2033.538340,32436
2033.538340,32438
2033.539360,32439
2033.540820,32440
2033.541640,32441
2033.542130,32442
2033.542630,32443
2033.542715,32445
2033.542748,32446
2033.545190,32447
2033.546890,32448
2033.548340,32450
2033.548340,32452
2033.548340,32453
2033.551750,32454
2033.552540,32455
2033.552870,32456
2033.553840,32457
2033.554300,32458
2033.555970,32459
2033.556120,32460
2033.557800,32461
2033.558340,32462
2033.558340,32463
2033.558990,32464
2033.559180,32465
2033.560140,32466
2033.560990,32467
2033.561800,32468
2033.562790,32469
2033.562944,32470
2033.563165,32471
2033.565490,32472
2033.565630,32473
2033.566110,32474
2033.566540,32475
2033.567500,32476
2033.567855,32477
2033.568340,32478
2033.568340,32480
2033.568340,32481
2033.569445,32482
2033.569670,32483
2033.569817,32484
2033.570180,32485
2033.571675,32486
2033.571940,32489
2033.572117,32490
2033.572120,32491
2033.574171,32492
2033.574590,32493
2033.576140,32494
2033.576730,32495
2033.577460,32496
2033.578340,32497
2033.578340,32499
2033.578340,32500
2033.578340,32502
2033.579670,32503
2033.579940,32504
2033.580290,32505
2033.580840,32506
2033.582565,32507
2033.584200,32508
2033.585350,32509
2033.585990,32510
2033.587970,32511
2033.588340,32512
2033.589720,32513
2033.591010,32514
2033.591040,32515
2033.591230,32516
2033.591558,32518
2033.592050,32519
2033.592300,32520
2033.595500,32521
2033.596640,32522
2033.596740,32523
2033.597140,32524
2033.597300,32527
2033.598070,32528
2033.598340,32533
2033.598340,32535
2033.598340,32536
2033.598340,32537
2033.599770,32538
2033.600104,32539
2033.602586,32540
2033.602680,32541
2033.603040,32542
2033.604230,32543
2033.604410,32544
2033.605490,32545
2033.608120,32546
2033.608340,32548
2033.608340,32549
2033.608340,32551
2033.608340,32552
2033.608510,32553
2033.608604,32554
2033.608800,32555
2033.610050,32556
2033.610300,32557
2033.611630,32558
2033.611720,32559
2033.611900,32560
2033.612115,32561
2033.612140,32562
2033.612940,32563
2033.613090,32565
2033.613340,32566
2033.613480,32567
2033.615777,32568
2033.616028,32569
2033.616610,32570
2033.617242,32571
2033.617720,32572
2033.617910,32573
2033.618120,32574
2033.618340,32578
2033.618340,32579
2033.618340,32587
2033.618340,32591
2033.618340,32599
2033.618340,32600
2033.618345,32602
2033.621673,32604
2033.621940,32605
2033.622620,32606
2033.622970,32607
2033.623340,32608
2033.623740,32609
2033.623757,32610
2033.624521,32611
2033.624640,32612
2033.624720,32613
2033.625110,32614
2033.625710,32615
2033.628340,32616
2033.628340,32617
2033.628340,32619
2033.628630,32620
2033.628970,32621
2033.629820,32622
2033.631880,32623
2033.632000,32624
2033.632394,32625
2033.632486,32626
2033.633340,32627
2033.635630,32628
2033.636510,32629
2033.638340,32630
2033.638340,32632
2033.638340,32638
2033.638340,32640
2033.638340,32641
2033.640790,32642
2033.641640,32643
2033.641673,32644
2033.642340,32645
2033.643220,32646
2033.643370,32647
2033.643700,32648
2033.644510,32649
2033.645630,32650
2033.648330,32651
2033.648340,32653
2033.648340,32655
2033.648340,32657
2033.648340,32658
2033.649440,32660
2033.651260,32661
2033.651450,32662
2033.653850,32663
2033.654960,32664
2033.655007,32665
2033.655367,32666
2033.656270,32667
2033.656430,32668
2033.656493,32669
2033.657210,32670
2033.658340,32671
2033.658340,32673
2033.659690,32674
2033.660120,32675
2033.661980,32676
2033.662340,32677
2033.663340,32678
2033.663340,32679
2033.663840,32680
2033.664250,32681
2033.664361,32682
2033.666765,32683
2033.667870,32684
2033.668020,32685
2033.668340,32686
2033.668340,32687
2033.668340,32688
2033.668340,32690
2033.668340,32691
2033.668560,32692
2033.669140,32693
2033.670519,32694
2033.670940,32695
2033.672590,32696
2033.675160,32697
2033.676770,32698
2033.678340,32699
2033.678340,32700
2033.678340,32702
2033.679750,32703
2033.683464,32704
2033.684650,32705
2033.684915,32706
2033.685240,32707
2033.686490,32708
2033.687477,32709
2033.687773,32710
2033.688340,32711
2033.688340,32713
2033.688540,32714
2033.688670,32715
2033.688690,32716
2033.688966,32717
2033.689812,32718
2033.690010,32719
2033.692030,32720
2033.693340,32721
2033.693520,32722
2033.693560,32723
2033.694560,32724
2033.695007,32725
2033.696015,32726
2033.697360,32727
2033.698340,32728
2033.698340,32730
2033.698340,32731
2033.698802,32732
2033.699540,32733
2033.701040,32734
2033.702295,32735
2033.704100,32736
2033.705090,32737
2033.706510,32738
2033.707510,32739
2033.707585,32740
2033.708190,32741
2033.708340,32743
2033.708340,32744
2033.708340,32746
2033.708340,32747
2033.708595,32748
2033.708997,32749
2033.710715,32750
2033.710772,32751
2033.711615,32752
2033.712090,32753
2033.712590,32754
2033.713340,32756
2033.713910,32757
2033.713970,32758
2033.714040,32759
2033.714220,32760
2033.714410,32761
2033.714710,32762
2033.716640,32763
2033.716640,32764
2033.717420,32766
2033.718140,32767
2033.718220,32768
2033.718340,32772
2033.718340,32776
2033.718340,32778
2033.718340,32781
2033.718340,32786
2033.718340,32788
2033.718518,32789
2033.719047,32790
2033.719140,32791
2033.721410,32792
2033.723000,32793
2033.723700,32794
2033.723850,32795
2033.724780,32796
2033.725657,32797
2033.726240,32798
2033.726280,32799
2033.726570,32800
2033.726588,32801
2033.728069,32802
2033.728242,32803
2033.728340,32805
2033.728340,32806
2033.728340,32807
2033.728400,32808
2033.728615,32809
2033.729740,32810
2033.730040,32811
2033.730500,32812
2033.731340,32813
2033.731740,32814
2033.732050,32815
2033.732201,32816
2033.733090,32817
2033.734640,32818
2033.735625,32819
2033.735740,32820
2033.737857,32821
2033.738340,32822
2033.738340,32823
2033.738340,32825
2033.739040,32826
2033.740590,32827
2033.743340,32828
2033.744020,32829
2033.744244,32830
2033.744660,32832
2033.746390,32833
2033.746630,32834
2033.747155,32835
2033.747172,32836
2033.748140,32837
2033.748240,32838
2033.748340,32839
2033.748340,32843
2033.748340,32844
2033.749835,32845
2033.751530,32846
2033.751540,32847
2033.753340,32848
2033.754090,32849
2033.754600,32850
2033.756893,32851
2033.757526,32852
2033.758340,32854
2033.758340,32861
2033.758340,32863
2033.758370,32864
2033.759190,32865
2033.759514,32866
2033.759650,32867
2033.760500,32868
2033.760768,32869
2033.761432,32870
2033.761540,32871
2033.761660,32872
2033.762790,32873
2033.762905,32874
2033.765330,32875
2033.767983,32876
2033.768250,32877
2033.768340,32879
2033.768340,32882
2033.768340,32884
2033.768340,32886
2033.768340,32887
2033.771420,32888
2033.772540,32889
2033.773700,32890
2033.773750,32891
2033.774040,32892
2033.774176,32894
2033.775007,32895
2033.775480,32896
2033.775740,32897
2033.775742,32898
2033.777167,32899
2033.777340,32900
2033.778259,32901
2033.778340,32902
2033.778340,32908
2033.778340,32909
2033.778340,32910
2033.778730,32911
2033.778745,32912
2033.779233,32913
2033.779240,32914
2033.779730,32915
2033.781160,32916
2033.781440,32917
2033.781917,32918
2033.782840,32919
2033.782990,32920
2033.783250,32921
2033.783343,32922
2033.783560,32923
2033.785140,32924
2033.785300,32925
2033.785815,32926
2033.788340,32927
2033.788340,32928
2033.788340,32929
2033.788450,32930
2033.788455,32931
2033.788800,32932
2033.791690,32933
2033.793030,32934
2033.794834,32935
2033.794930,32936
2033.795822,32937
2033.796805,32938
2033.798231,32939
2033.798340,32941
2033.798340,32942
2033.798360,32943
2033.798590,32944
2033.798740,32945
2033.799560,32947
2033.799580,32948
2033.799630,32949
2033.801980,32950
2033.803450,32951
2033.805959,32952
2033.806340,32953
2033.807060,32954
2033.807140,32955
2033.808330,32956
2033.808340,32957
2033.808340,32960
2033.808473,32961
2033.809085,32962
2033.809539,32963
2033.809711,32964
2033.810140,32965
2033.810740,32966
2033.810840,32967
2033.811325,32968
2033.812760,32969
2033.813740,32970
2033.814147,32971
2033.816940,32972
2033.817650,32973
2033.817690,32974
2033.818240,32975
2033.818340,32978
2033.818340,32981
2033.818340,32986
2033.818340,32989
2033.818340,32991
2033.818715,32992
2033.820755,32993
2033.821326,32995
2033.821356,32996
2033.821590,32997
2033.822280,32998
2033.824340,32999
2033.825390,33000
2033.826067,33001
2033.827575,33002
2033.828320,33003
2033.828340,33004
2033.828340,33006
2033.828340,33008
2033.828650,33009
2033.828976,33010
2033.829035,33011
2033.829513,33012
2033.830055,33013
2033.830460,33014
2033.831560,33015
2033.831920,33016
2033.832927,33017
2033.833115,33018
2033.833250,33019
2033.833340,33020
2033.833340,33021
2033.833740,33022
2033.836130,33023
2033.837780,33024
2033.837820,33025
2033.837860,33026
2033.837940,33027
2033.838140,33028
2033.838340,33030
2033.838340,33033
2033.838340,33034
2033.838340,33037
2033.838640,33038
2033.839650,33039
2033.841240,33041
2033.841330,33042
2033.842688,33043
2033.843045,33044
2033.844040,33045
2033.844370,33046
2033.845330,33047
2033.846580,33048
2033.847440,33049
2033.848340,33050
2033.848340,33051
2033.849340,33052
2033.850747,33053
2033.853420,33054
2033.855660,33055
2033.857740,33056
2033.858340,33057
2033.858340,33058
2033.858570,33059
2033.859600,33060
2033.859955,33061
2033.862328,33062
2033.862650,33063
2033.863160,33064
2033.863750,33065
2033.867360,33066
2033.868340,33067
2033.868340,33069
2033.868340,33071
2033.868340,33074
2033.868490,33075
2033.869231,33076
2033.869390,33077
2033.870340,33078
2033.870410,33079
2033.870414,33080
2033.870590,33081
2033.870745,33082
2033.870820,33083
2033.872315,33084
2033.873340,33085
2033.873340,33086
2033.873550,33087
2033.873698,33088
2033.876840,33089
2033.877000,33090
2033.878340,33095
2033.878340,33097
2033.879659,33098
2033.881987,33101
2033.882040,33103
2033.883718,33104
2033.884678,33105
2033.885190,33106
2033.885230,33107
2033.888340,33108
2033.888340,33109
2033.888340,33110
2033.888340,33113
2033.889670,33114
2033.889776,33115
2033.890900,33116
2033.890900,33117
2033.891140,33118
2033.891685,33120
2033.893770,33121
2033.893955,33122
2033.894340,33123
2033.894800,33124
2033.894940,33125
2033.895990,33126
2033.898260,33127
2033.898340,33129
2033.898340,33130
2033.898340,33131
2033.898340,33133
2033.898680,33134
2033.899010,33135
2033.902090,33136
2033.902790,33137
2033.903720,33138
2033.903910,33139
2033.904190,33140
2033.904810,33141
2033.905290,33142
2033.906670,33143
2033.907610,33144
2033.908340,33145
2033.908340,33147
2033.908340,33152
2033.908943,33153
2033.908988,33154
2033.910973,33155
2033.911630,33156
2033.911994,33157
2033.912110,33158
2033.912525,33159
2033.913380,33160
2033.915480,33161
2033.915640,33162
2033.916345,33163
2033.916600,33164
2033.918230,33165
2033.918340,33167
2033.918340,33172
2033.918340,33175
2033.918340,33182
2033.918340,33183
2033.918340,33185
2033.918990,33186
2033.919140,33187
2033.919550,33188
2033.920700,33189
2033.921673,33190
2033.921673,33191
2033.921975,33192
2033.923340,33193
2033.923400,33194
2033.923590,33195
2033.925750,33196
2033.926290,33197
2033.926550,33198
2033.927815,33199
2033.928340,33200
2033.928340,33202
2033.928340,33203
2033.928340,33206
2033.928340,33211
2033.928340,33213
2033.929920,33214
2033.929970,33215
2033.930020,33216
2033.931440,33217
2033.932240,33218
2033.932260,33219
2033.933340,33221
2033.933340,33222
2033.934230,33223
2033.935340,33224
2033.935560,33225
2033.936331,33226
2033.936957,33227
2033.937280,33228
2033.937510,33229
2033.938340,33230
2033.938340,33231
2033.938340,33232
2033.939540,33233
2033.939980,33234
2033.940814,33235
2033.943158,33237
2033.943600,33238
2033.944992,33239
2033.946203,33240
2033.946215,33241
2033.946848,33242
2033.947220,33243
2033.947385,33244
2033.948140,33245
2033.948170,33247
2033.948340,33249
2033.948340,33250
2033.948340,33251
2033.949910,33252
2033.949940,33253
2033.951090,33254
2033.951830,33255
2033.951840,33256
2033.952120,33257
2033.952795,33258
2033.954024,33259
2033.954940,33260
2033.957440,33261
2033.957910,33262
2033.958340,33263
2033.958340,33265
2033.958460,33266
2033.960630,33267
2033.962475,33268
2033.963790,33269
2033.964847,33270
2033.965040,33271
2033.965560,33272
2033.966840,33273
2033.968145,33274
2033.968340,33275
2033.968340,33276
2033.968340,33283
2033.968340,33285
2033.968340,33286
2033.968390,33287
2033.968860,33288
2033.968973,33289
2033.969380,33290
2033.969521,33291
2033.971429,33292
2033.971955,33293
2033.972982,33294
2033.973605,33295
2033.975940,33296
2033.976520,33297
2033.978340,33298
2033.978340,33302
2033.979530,33303
2033.980680,33304
2033.981940,33305
2033.982080,33306
2033.983340,33307
2033.983840,33308
2033.984760,33309
2033.984930,33310
2033.985660,33311
2033.987240,33312
2033.987297,33313
2033.988340,33314
2033.988340,33316
2033.988340,33318
2033.988416,33319
2033.988435,33320
2033.988877,33321
2033.989260,33322
2033.991970,33324
2033.992120,33325
2033.992392,33326
2033.993170,33327
2033.993600,33328
2033.994130,33329
2033.995920,33330
2033.996000,33331
2033.996540,33332
2033.996840,33333
2033.998340,33334
2033.998340,33335
2033.998730,33336
2033.999580,33337
2033.999740,33338
2033.999840,33339
2034.000907,33340
2034.001199,33341
2034.002315,33342
2034.002540,33343
2034.003940,33344
2034.004210,33345
2034.005219,33346
2034.005820,33347
2034.007460,33348
2034.007937,33349
2034.008340,33350
2034.008340,33351
2034.008340,33352
2034.008340,33353
2034.008940,33354
2034.009300,33355
2034.010120,33356
2034.010153,33357
2034.012760,33358
2034.012765,33359
2034.013340,33361
2034.015045,33362
2034.015340,33363
2034.016050,33364
2034.016790,33365
2034.017994,33366
2034.018340,33367
2034.018340,33383
2034.018340,33398
2034.018340,33417
2034.018340,33426
2034.018340,33428
2034.018340,33430
2034.018340,33431
2034.018920,33433
2034.019010,33434
2034.021040,33435
2034.021640,33436
2034.022133,33437
2034.023240,33438
2034.023340,33439
2034.023910,33440
2034.025810,33441
2034.027080,33442
2034.028340,33445
2034.028340,33446
2034.028340,33447
2034.028340,33449
2034.028340,33452
2034.028985,33453
2034.028995,33454
2034.033923,33455
2034.034360,33456
2034.034939,33458
2034.035268,33459
2034.036128,33460
2034.036277,33461
2034.037570,33462
2034.037590,33463
2034.038340,33466
2034.038340,33468
2034.039830,33469
2034.040425,33470
2034.040640,33471
2034.040964,33473
2034.041456,33474
2034.042335,33475
2034.042370,33476
2034.042980,33477
2034.044640,33478
2034.045340,33479
2034.046211,33480
2034.046603,33481
2034.047640,33482
2034.048050,33483
2034.048340,33486
2034.048340,33488
2034.048340,33489
2034.049050,33490
2034.051731,33491
2034.051970,33492
2034.052195,33493
2034.053150,33494
2034.053340,33495
2034.054070,33496
2034.054160,33497
2034.054225,33498
2034.054510,33500
2034.054890,33501
2034.055450,33502
2034.055717,33503
2034.057460,33505
2034.057703,33506
2034.058340,33507
2034.058340,33508
2034.058340,33510
2034.059000,33511
2034.059290,33512
2034.060060,33513
2034.060190,33514
2034.061273,33515
2034.061950,33516
2034.062270,33517
2034.063215,33518
2034.063340,33519
2034.065007,33520
2034.065630,33521
2034.066170,33522
2034.068130,33523
2034.068340,33524
2034.068340,33525
2034.068340,33530
2034.068340,33531
2034.068340,33532
2034.071670,33533
2034.071760,33534
2034.073250,33535
2034.073340,33536
2034.073340,33537
2034.073585,33538
2034.074130,33539
2034.074677,33540
2034.076645,33541
2034.078340,33546
2034.078340,33549
2034.078340,33551
2034.078340,33554
2034.080285,33555
2034.080618,33556
2034.080850,33557
2034.081490,33558
2034.081510,33559
2034.081643,33563
2034.082140,33564
2034.083830,33566
2034.084730,33567
2034.084770,33568
2034.084960,33569
2034.085007,33570
2034.085580,33571
2034.085740,33572
2034.086140,33573
2034.087505,33574
2034.088340,33575
2034.088340,33577
2034.090113,33578
2034.090240,33579
2034.090720,33580
2034.090880,33581
2034.091640,33582
2034.091990,33583
2034.092475,33584
2034.092640,33585
2034.092910,33586
2034.093040,33587
2034.093340,33588
2034.093340,33589
2034.093969,33590
2034.094980,33591
2034.095590,33592
2034.096480,33593
2034.096920,33594
2034.097890,33595
2034.097910,33596
2034.098340,33597
2034.098340,33600
2034.098340,33601
2034.098340,33604
2034.098340,33605
2034.099200,33606
2034.101640,33607
2034.102160,33608
2034.104150,33609
2034.104180,33610
2034.104710,33611
2034.104753,33612
2034.105006,33613
2034.105340,33614
2034.107640,33615
2034.107820,33616
2034.108325,33617
2034.108340,33618
2034.108340,33621
2034.108340,33624
2034.108340,33625
2034.110470,33626
2034.110990,33627
2034.111070,33628
2034.111407,33629
2034.112020,33630
2034.113340,33631
2034.113400,33632
2034.113540,33633
2034.114340,33634
2034.114840,33640
2034.114932,33641
2034.116730,33642
2034.118340,33644
2034.118340,33650
2034.118340,33661
2034.118340,33665
2034.118340,33668
2034.118340,33669
2034.118370,33670
2034.118674,33672
2034.118945,33673
2034.119000,33674
2034.122080,33675
2034.123340,33676
2034.124390,33677
2034.125230,33678
2034.125860,33679
2034.126290,33680
2034.126443,33681
2034.127040,33682
2034.127170,33683
2034.127940,33684
2034.128340,33688
2034.128340,33691
2034.128340,33692
2034.128340,33693
2034.128910,33694
2034.130340,33695
2034.131527,33696
2034.132330,33697
2034.132450,33698
2034.132560,33699
2034.133940,33700
2034.135004,33701
2034.135350,33702
2034.136163,33703
2034.137825,33704
2034.138270,33705
2034.138340,33706
2034.138340,33710
2034.138340,33713
2034.140434,33714
2034.142270,33715
2034.143340,33716
2034.144130,33717
2034.144470,33718
2034.145720,33719
2034.147845,33720
2034.148340,33723
2034.148340,33724
2034.148340,33725
2034.150270,33726
2034.151673,33727
2034.151720,33728
2034.151890,33729
2034.152050,33730
2034.153267,33731
2034.153280,33732
2034.155625,33733
2034.156660,33737
2034.157945,33738
2034.158340,33741
2034.159710,33742
2034.160330,33743
2034.160385,33744
2034.161450,33745
2034.162340,33746
2034.162577,33747
2034.162710,33748
2034.164820,33749
2034.164905,33750
2034.165190,33751
2034.165330,33752
2034.165840,33753
2034.166314,33754
2034.166635,33755
2034.167160,33756
2034.167230,33757
2034.168340,33759
2034.168340,33760
2034.168420,33761
2034.170156,33762
2034.170340,33763
2034.170798,33764
2034.171420,33765
2034.173517,33766
2034.173550,33767
2034.175040,33768
2034.175095,33771
2034.176020,33772
2034.176240,33773
2034.176850,33774
2034.177690,33775
2034.178008,33776
2034.178292,33777
2034.178340,33778
2034.178340,33780
2034.178340,33782
2034.178340,33784
2034.178650,33785
2034.178730,33786
2034.178780,33787
2034.178780,33788
2034.179665,33789
2034.184556,33791
2034.185007,33792
2034.185130,33793
2034.185400,33794
2034.185920,33795
2034.187050,33796
2034.187554,33797
2034.188340,33799
2034.189690,33800
2034.193280,33801
2034.193340,33802
2034.193340,33803
2034.193617,33804
2034.195020,33805
2034.196040,33806
2034.196470,33807
2034.196510,33808
2034.196584,33809
2034.197120,33810
2034.198340,33812
2034.198340,33813
2034.198460,33814
2034.199040,33815
2034.200727,33816
2034.201040,33817
2034.201240,33818
2034.201580,33819
2034.201640,33820
2034.201830,33821
2034.202063,33822
2034.203040,33823
2034.203340,33824
2034.203340,33825
2034.203340,33826
2034.203955,33827
2034.203968,33828
2034.204070,33829
2034.205890,33830
2034.206360,33831
2034.207680,33832
2034.208340,33833
2034.208340,33837
2034.208340,33838
2034.209020,33839
2034.210360,33840
2034.212090,33841
2034.212673,33842
2034.212740,33843
2034.214220,33844
2034.215840,33845
2034.215910,33846
2034.216020,33847
2034.217040,33848
2034.217210,33849
2034.217670,33850
2034.218340,33851
2034.218340,33855
2034.218340,33862
2034.218340,33864
2034.218340,33865
2034.218340,33875
2034.218795,33876
2034.220112,33877
2034.221660,33878
2034.222740,33879
2034.223139,33882
2034.223345,33883
2034.225840,33884
2034.227165,33885
2034.228340,33893
2034.228340,33894
2034.228340,33897
2034.228340,33898
2034.229360,33899
2034.230210,33900
2034.230230,33901
2034.230335,33902
2034.231421,33903
2034.231442,33904
2034.232265,33905
2034.233340,33906
2034.233569,33907
2034.234850,33908
2034.235320,33909
2034.235410,33910
2034.235730,33911
2034.236025,33912
2034.236240,33913
2034.238340,33914
2034.238340,33919
2034.238340,33923
2034.238340,33924
2034.239375,33925
2034.239870,33926
2034.240078,33927
2034.240360,33928
2034.240920,33929
2034.241340,33930
2034.241590,33937
2034.242250,33938
2034.242320,33939
2034.242930,33940
2034.242940,33941
2034.242960,33942
2034.243340,33943
2034.243807,33944
2034.244620,33945
2034.244626,33946
2034.244763,33947
2034.244800,33948
2034.245135,33949
2034.245680,33950
2034.246205,33951
2034.247040,33952
2034.247920,33953
2034.248340,33956
2034.248340,33958
2034.248450,33959
2034.248688,33960
2034.248940,33961
2034.251720,33962
2034.253020,33963
2034.253340,33964
2034.254679,33965
2034.254740,33966
2034.254940,33967
2034.256030,33968
2034.256460,33970
2034.256880,33971
2034.257540,33972
2034.258340,33975
2034.258340,33976
2034.258360,33977
2034.258440,33978
2034.259140,33979
2034.259540,33980
2034.259840,33982
2034.261470,33983
2034.262472,33984
2034.263745,33985
2034.263990,33986
2034.264125,33987
2034.265797,33988
2034.267790,33989
2034.268340,33991
2034.268340,33993
2034.268340,33995
2034.268550,33996
2034.269445,33997
2034.269900,33998
2034.273428,33999
2034.275460,34000
2034.275840,34001
2034.275855,34002
2034.276050,34003
2034.277340,34004
2034.278340,34005
2034.278340,34006
2034.279700,34007
2034.280060,34008
2034.280140,34010
2034.280340,34011
2034.281090,34012
2034.283340,34013
2034.284040,34014
2034.285190,34015
2034.285390,34016
2034.285900,34017
2034.285940,34018
2034.286043,34019
2034.288140,34020
2034.288340,34021
2034.288340,34022
2034.288340,34023
2034.288340,34025
2034.289200,34026
2034.289260,34027
2034.291560,34028
2034.291680,34029
2034.291740,34030
2034.291840,34031
2034.292410,34032
2034.292440,34033
2034.293340,34034
2034.293430,34035
2034.296290,34036
2034.296430,34037
2034.296862,34038
2034.297370,34039
2034.297410,34040
2034.298340,34042
2034.298340,34043
2034.298340,34044
2034.298340,34045
2034.300340,34046
2034.300700,34047
2034.301365,34048
2034.301400,34049
2034.301440,34051
2034.303340,34052
2034.303602,34053
2034.304080,34054
2034.304390,34055
2034.304925,34056
2034.305010,34057
2034.305350,34058
2034.307790,34059
2034.308030,34060
2034.308340,34061
2034.308340,34062
2034.310340,34063
2034.310670,34064
2034.310740,34065
2034.310990,34066
2034.311026,34067
2034.311340,34068
2034.313340,34069
2034.313520,34070
2034.314230,34071
2034.314948,34072
2034.315603,34073
2034.316050,34074
2034.318340,34078
2034.318340,34080
2034.318340,34087
2034.318340,34093
2034.318340,34099
2034.321030,34100
2034.321110,34101
2034.321590,34102
2034.321970,34103
2034.323223,34104
2034.323230,34106
2034.323620,34107
2034.323960,34108
2034.324500,34109
2034.324872,34110
2034.325208,34111
2034.326670,34112
2034.328340,34113
2034.328340,34114
2034.328456,34115
2034.328980,34116
2034.330350,34117
2034.331340,34118
2034.331979,34119
2034.334197,34121
2034.334770,34122
2034.338340,34123
2034.338340,34124
2034.338340,34125
2034.338340,34126
2034.339253,34127
2034.339705,34128
2034.339990,34129
2034.340530,34130
2034.341470,34131
2034.342640,34132
2034.344270,34133
2034.346367,34134
2034.346800,34135
2034.346910,34136
2034.347810,34137
2034.348340,34138
2034.348640,34139
2034.349215,34140
2034.350524,34141
2034.351450,34142
2034.351750,34143
2034.352201,34144
2034.353313,34145
2034.353790,34146
2034.356798,34147
2034.358340,34148
2034.358340,34150
2034.358340,34153
2034.358340,34155
2034.359340,34156
2034.361620,34157
2034.361823,34158
2034.363133,34159
2034.364370,34160
2034.364720,34161
2034.364830,34162
2034.366040,34163
2034.367270,34164
2034.368340,34165
2034.368340,34166
2034.368340,34168
2034.368340,34169
2034.368340,34171
2034.368340,34172
2034.368540,34173
2034.369418,34174
2034.369430,34175
2034.370340,34176
2034.371460,34177
2034.374110,34178
2034.377772,34179
2034.378340,34180
2034.378340,34182
2034.378340,34184
2034.378340,34185
2034.379790,34186
2034.381140,34187
2034.381281,34188
2034.382430,34189
2034.383420,34190
2034.383700,34191
2034.384303,34192
2034.384310,34193
2034.385007,34194
2034.386032,34195
2034.386048,34196
2034.387190,34197
2034.387340,34198
2034.387640,34199
2034.388170,34200
2034.388340,34201
2034.388340,34202
2034.388340,34203
2034.389490,34204
2034.390689,34205
2034.393192,34206
2034.394050,34207
2034.394170,34208
2034.395310,34209
2034.396340,34210
2034.396350,34211
2034.397670,34212
2034.398340,34214
2034.398340,34217
2034.398340,34219
2034.400010,34220
2034.401080,34221
2034.401685,34222
2034.402874,34223
2034.403500,34224
2034.405350,34225
2034.406240,34226
2034.406930,34227
2034.406935,34228
2034.406940,34229
2034.408160,34230
2034.408340,34232
2034.408340,34233
2034.409657,34234
2034.410060,34235
2034.410260,34236
2034.411590,34237
2034.412730,34238
2034.413040,34239
2034.413320,34240
2034.413340,34241
2034.413698,34242
2034.414510,34243
2034.414840,34244
2034.414850,34245
2034.416650,34246
2034.417260,34247
2034.418340,34248
2034.418340,34249
2034.418340,34258
2034.418340,34263
2034.418340,34266
2034.418340,34267
2034.418740,34268
2034.419910,34269
2034.421961,34270
2034.421980,34271
2034.423340,34272
2034.423340,34273
2034.423440,34274
2034.423470,34275
2034.423717,34276
2034.424220,34277
2034.426310,34278
2034.426540,34279
2034.426540,34280
2034.427139,34281
2034.427260,34282
2034.427840,34283
2034.428340,34284
2034.428340,34285
2034.428490,34286
2034.430288,34287
2034.431255,34288
2034.432620,34289
2034.433093,34290
2034.433170,34292
2034.433340,34293
2034.434170,34295
2034.435533,34296
2034.436213,34297
2034.436550,34298
2034.436665,34299
2034.436880,34300
2034.438010,34301
2034.438115,34302
2034.438180,34303
2034.438340,34304
2034.438340,34305
2034.438340,34308
2034.438340,34309
2034.438530,34310
2034.438570,34311
2034.438890,34312
2034.440720,34313
2034.441673,34314
2034.442790,34315
2034.443125,34316
2034.443800,34317
2034.444580,34318
2034.444970,34319
2034.445439,34320
2034.445520,34321
2034.446264,34322
2034.446550,34323
2034.446787,34324
2034.448110,34325
2034.448340,34328
2034.448340,34329
2034.449345,34330
2034.450190,34331
2034.450207,34333
2034.450340,34334
2034.450940,34335
2034.451440,34336
2034.453340,34337
2034.453440,34338
2034.453920,34339
2034.454010,34340
2034.454180,34341
2034.454637,34342
2034.456090,34343
2034.457950,34344
2034.458145,34345
2034.458340,34347
2034.458340,34348
2034.458340,34349
2034.458340,34350
2034.458340,34351
2034.459140,34352
2034.459465,34353
2034.459890,34354
2034.460440,34355
2034.462281,34356
2034.462700,34357
2034.463320,34358
2034.463735,34359
2034.464682,34360
2034.465320,34361
2034.465545,34362
2034.467810,34363
2034.468099,34364
2034.468340,34365
2034.468340,34368
2034.468340,34370
2034.468340,34373
2034.469633,34374
2034.471335,34375
2034.471365,34376
2034.471385,34377
2034.471730,34378
2034.473340,34379
2034.474126,34380
2034.475780,34381
2034.475840,34382
2034.476380,34383
2034.476590,34384
2034.478340,34388
2034.479240,34389
2034.479340,34390
2034.482090,34391
2034.483340,34392
2034.484020,34393
2034.484530,34394
2034.484740,34395
2034.484772,34396
2034.486020,34397
2034.486540,34398
2034.486560,34399
2034.486653,34400
2034.487540,34401
2034.487620,34402
2034.488340,34404
2034.488540,34405
2034.488772,34406
2034.491748,34407
2034.495770,34408
2034.495813,34409
2034.496530,34410
2034.497197,34411
2034.497784,34412
2034.498303,34413
2034.499550,34414
2034.500811,34415
2034.501180,34416
2034.501710,34417
2034.502751,34418
2034.503340,34419
2034.504740,34420
2034.505210,34421
2034.505240,34422
2034.507290,34423
2034.508340,34424
2034.508340,34425
2034.508550,34426
2034.508640,34427
2034.508960,34428
2034.510408,34429
2034.510460,34430
2034.514910,34431
2034.515740,34432
2034.515910,34433
2034.517480,34434
2034.518137,34435
2034.518340,34438
2034.518340,34439
2034.518340,34442
2034.518340,34452
2034.518340,34463
2034.518340,34473
2034.518340,34474
2034.518786,34475
2034.521353,34476
2034.522420,34477
2034.523915,34478
2034.524840,34479
2034.525190,34484
2034.525389,34485
2034.525590,34486
2034.527010,34487
2034.527550,34488
2034.528340,34489
2034.528340,34490
2034.528930,34491
2034.529354,34492
2034.530400,34493
2034.530790,34494
2034.530988,34495
2034.531305,34496
2034.532560,34497
2034.533320,34498
2034.533610,34499
2034.534500,34502
2034.535300,34503
2034.535410,34504
2034.536910,34505
2034.538340,34506
2034.538340,34507
2034.538570,34508
2034.538670,34509
2034.539240,34510
2034.539790,34511
2034.541420,34512
2034.541632,34513
2034.542340,34514
2034.543340,34515
2034.543410,34516
2034.544940,34517
2034.546040,34518
2034.548340,34519
2034.550437,34520
2034.551240,34521
2034.551952,34522
2034.552495,34523
2034.552520,34524
2034.553042,34525
2034.553340,34527
2034.553780,34528
2034.555075,34529
2034.557730,34530
2034.558340,34531
2034.558340,34533
2034.559590,34534
2034.559640,34535
2034.560330,34536
2034.561663,34537
2034.565990,34538
2034.567010,34539
2034.568140,34540
2034.568210,34541
2034.568310,34542
2034.568340,34543
2034.568340,34545
2034.568340,34546
2034.568470,34547
2034.568560,34548
2034.570930,34549
2034.571080,34550
2034.571580,34551
2034.572172,34553
2034.572790,34554
2034.573340,34555
2034.573364,34556
2034.574570,34557
2034.575289,34558
2034.575380,34559
2034.576394,34560
2034.577210,34561
2034.578160,34562
2034.578340,34563
2034.578340,34565
2034.578340,34567
2034.578340,34568
2034.578990,34569
2034.579070,34570
2034.579210,34571
2034.580530,34572
2034.582870,34573
2034.585860,34574
2034.585914,34575
2034.587296,34576
2034.587783,34577
2034.588340,34578
2034.588340,34579
2034.588715,34580
2034.590251,34581
2034.593340,34582
2034.593950,34583
2034.595260,34584
2034.596061,34585
2034.596840,34586
2034.598150,34588
2034.598150,34589
2034.598330,34590
2034.598340,34591
2034.598340,34592
2034.598340,34593
2034.598340,34596
2034.599216,34597
2034.599867,34598
2034.600860,34599
2034.601673,34600
2034.602620,34601
2034.602823,34603
2034.604270,34604
2034.604350,34605
2034.605840,34606
2034.605890,34607
2034.607510,34608
2034.608110,34609
2034.608340,34610
2034.610080,34611
2034.611360,34612
2034.612257,34613
2034.612330,34614
2034.612680,34615
2034.613440,34616
2034.613895,34617
2034.614070,34618
2034.614298,34619
2034.614340,34620
2034.615340,34621
2034.615470,34622
2034.615510,34623
2034.616104,34625
2034.618330,34626
2034.618340,34627
2034.618340,34634
2034.618340,34641
2034.618340,34649
2034.618340,34653
2034.618340,34654
2034.618380,34655
2034.620790,34656
2034.620880,34657
2034.621567,34658
2034.622025,34659
2034.622290,34660
2034.622686,34661
2034.623340,34662
2034.624640,34663
2034.624670,34664
2034.624995,34665
2034.625568,34666
2034.626910,34667
2034.627240,34668
2034.628096,34669
2034.628220,34670
2034.628340,34672
2034.628340,34673
2034.628340,34676
2034.630560,34677
2034.631917,34678
2034.632790,34679
2034.634350,34680
2034.635060,34681
2034.635610,34682
2034.636010,34683
2034.637070,34684
2034.637361,34685
2034.637550,34686
2034.637840,34687
2034.638140,34688
2034.638340,34691
2034.638340,34692
2034.638340,34695
2034.638340,34697
2034.638700,34698
2034.638740,34699
2034.639438,34700
2034.640699,34701
2034.640960,34702
2034.641830,34703
2034.642197,34704
2034.642949,34705
2034.643572,34706
2034.643590,34707
2034.643710,34708
2034.643900,34709
2034.645565,34710
2034.645810,34711
2034.645855,34712
2034.646480,34713
2034.646800,34714
2034.647415,34715
2034.648340,34716
2034.648340,34718
2034.648340,34723
2034.648340,34724
2034.648340,34725
2034.651010,34726
2034.651895,34727
2034.653754,34728
2034.653970,34729
2034.655170,34730
2034.655992,34731
2034.656370,34732
2034.657414,34733
2034.658340,34734
2034.658340,34736
2034.658340,34737
2034.658340,34738
2034.658740,34739
2034.659300,34740
2034.659540,34741
2034.660330,34742
2034.660566,34743
2034.661630,34744
2034.663340,34745
2034.664740,34746
2034.664740,34747
2034.665007,34748
2034.665340,34749
2034.667100,34750
2034.668340,34755
2034.668340,34756
2034.668340,34757
2034.668340,34758
2034.668620,34759
2034.668778,34761
2034.669650,34762
2034.670710,34765
2034.671420,34766
2034.672490,34767
2034.672590,34768
2034.672750,34769
2034.673224,34770
2034.674140,34771
2034.674207,34772
2034.675840,34773
2034.676240,34774
2034.677080,34775
2034.677680,34776
2034.677722,34777
2034.678340,34779
2034.678340,34782
2034.678340,34784
2034.679837,34785
2034.680280,34786
2034.680417,34787
2034.680590,34788
2034.682232,34789
2034.682270,34790
2034.683340,34791
2034.683890,34792
2034.684548,34795
2034.684960,34796
2034.686070,34797
2034.686837,34798
2034.686870,34799
2034.687670,34800
2034.688340,34801
2034.688340,34803
2034.688340,34808
2034.688760,34809
2034.689586,34810
2034.689668,34811
2034.690870,34812
2034.691673,34813
2034.691960,34814
2034.692300,34815
2034.692340,34816
2034.692540,34817
2034.693340,34818
2034.693526,34821
2034.693526,34822
2034.696890,34823
2034.697584,34824
2034.698340,34825
2034.698340,34826
2034.698340,34828
2034.698340,34829
2034.698350,34830
2034.698540,34831
2034.700110,34832
2034.700560,34833
2034.701950,34834
2034.702340,34835
2034.704090,34836
2034.704475,34837
2034.704960,34838
2034.705840,34839
2034.706640,34840
2034.706740,34841
2034.706979,34842
2034.708340,34843
2034.708340,34844
2034.708340,34845
2034.709990,34846
2034.711200,34847
2034.712500,34848
2034.713340,34849
2034.714830,34851
2034.716400,34852
2034.718340,34853
2034.718340,34854
2034.718340,34857
2034.718340,34870
2034.718340,34875
2034.718340,34877
2034.718340,34878
2034.718340,34879
2034.718345,34880
2034.720136,34881
2034.720140,34882
2034.720535,34883
2034.721220,34884
2034.721310,34885
2034.724340,34886
2034.725090,34887
2034.726340,34888
2034.726500,34889
2034.726630,34890
2034.726730,34891
2034.728220,34893
2034.728340,34894
2034.728340,34896
2034.728340,34898
2034.728340,34900
2034.728340,34902
2034.728867,34903
2034.729900,34904
2034.730210,34905
2034.730770,34906
2034.731077,34907
2034.732550,34908
2034.733615,34909
2034.733990,34910
2034.734505,34911
2034.734850,34912
2034.735350,34913
2034.736340,34914
2034.736442,34915
2034.737200,34916
2034.738340,34918
2034.738340,34920
2034.738340,34921
2034.738340,34922
2034.742225,34923
2034.742840,34924
2034.742950,34925
2034.743060,34926
2034.743340,34928
2034.743508,34929
2034.744137,34930
2034.747070,34931
2034.747230,34932
2034.747280,34933
2034.748330,34934
2034.748340,34935
2034.748340,34937
2034.748340,34940
2034.748340,34941
2034.748740,34942
2034.748790,34943
2034.748840,34944
2034.750705,34945
2034.750996,34946
2034.751266,34947
2034.752718,34948
2034.754637,34949
2034.758290,34950
2034.758340,34951
2034.758340,34957
2034.758340,34959
2034.758670,34960
2034.758840,34961
2034.759440,34962
2034.761025,34963
2034.761940,34964
2034.762140,34965
2034.763340,34966
2034.763340,34967
2034.763940,34968
2034.764370,34969
2034.764880,34970
2034.765007,34971
2034.765110,34972
2034.766937,34973
2034.767513,34974
2034.768090,34975
2034.768340,34977
2034.768340,34979
2034.768340,34981
2034.768340,34982
2034.769200,34983
2034.770240,34984
2034.770625,34985
2034.771040,34986
2034.771500,34987
2034.771800,34988
2034.771890,34989
2034.772305,34990
2034.772305,34991
2034.772490,34992
2034.772510,34993
2034.773340,34994
2034.773657,34995
2034.773667,34996
2034.773705,34997
2034.774040,34998
2034.774174,34999
2034.774690,35000
2034.775987,35001
2034.775987,35002
2034.776360,35003
2034.776430,35004
2034.776713,35005
2034.777210,35006
2034.778340,35007
2034.778340,35008
2034.778710,35009
2034.779160,35010
2034.781210,35011
2034.781250,35012
2034.783340,35013
2034.784310,35014
2034.784440,35015
2034.785220,35016
2034.785580,35017
2034.785780,35018
2034.786210,35019
2034.786630,35020
2034.788340,35021
2034.788340,35022
2034.791370,35023
2034.791940,35024
2034.792045,35025
2034.794029,35026
2034.795144,35027
2034.795812,35028
2034.797630,35029
2034.798220,35030
2034.798340,35031
2034.798340,35033
2034.798340,35034
2034.798380,35035
2034.798450,35036
2034.798740,35037
2034.799850,35038
2034.802205,35039
2034.803340,35040
2034.803850,35041
2034.804685,35042
2034.804809,35043
2034.805623,35044
2034.806155,35045
2034.806808,35046
2034.806840,35047
2034.807600,35048
2034.807690,35049
2034.808340,35050
2034.808340,35051
2034.808753,35052
2034.808951,35053
2034.809851,35054
2034.811122,35055
2034.813340,35056
2034.815050,35057
2034.815160,35058
2034.815183,35059
2034.816060,35060
2034.818090,35061
2034.818190,35062
2034.818340,35063
2034.818340,35065
2034.818340,35070
2034.818340,35076
2034.818340,35083
2034.818340,35086
2034.818340,35090
2034.818690,35091
2034.823830,35092
2034.824140,35093
2034.825540,35094
2034.825840,35095
2034.826840,35096
2034.828230,35098
2034.828340,35102
2034.828340,35105
2034.828340,35107
2034.828340,35108
2034.828820,35109
2034.829060,35110
2034.830840,35111
2034.831148,35112
2034.831790,35113
2034.832120,35114
2034.834400,35115
2034.835160,35116
2034.835840,35117
2034.836059,35118
2034.836566,35119
2034.838340,35120
2034.838340,35122
2034.838340,35125
2034.838353,35126
2034.839830,35127
2034.840240,35128
2034.840970,35129
2034.845400,35130
2034.845764,35131
2034.846290,35132
2034.847475,35133
2034.848340,35134
2034.848340,35135
2034.848550,35136
2034.848790,35137
2034.848927,35138
2034.851137,35139
2034.851510,35140
2034.852320,35141
2034.852460,35142
2034.853325,35143
2034.853330,35144
2034.854410,35145
2034.854690,35146
2034.855450,35147
2034.856557,35148
2034.856680,35149
2034.857210,35150
2034.857660,35153
2034.857776,35154
2034.857870,35155
2034.858340,35157
2034.858340,35160
2034.858340,35163
2034.858445,35164
2034.860690,35165
2034.860940,35166
2034.861298,35167
2034.863395,35168
2034.864490,35169
2034.865550,35170
2034.865760,35171
2034.865960,35172
2034.866990,35173
2034.867025,35174
2034.867804,35175
2034.867836,35176
2034.868110,35177
2034.868340,35179
2034.868340,35180
2034.868340,35182
2034.868340,35184
2034.868610,35185
2034.869151,35186
2034.869280,35187
2034.869305,35188
2034.869920,35189
2034.871510,35190
2034.872340,35191
2034.874750,35192
2034.874840,35193
2034.875930,35194
2034.876420,35195
2034.876440,35196
2034.876460,35197
2034.876690,35198
2034.878340,35201
2034.878340,35203
2034.878340,35204
2034.879887,35205
2034.880020,35206
2034.880540,35207
2034.880690,35208
2034.881100,35209
2034.882280,35210
2034.883340,35211
2034.883400,35212
2034.883547,35213
2034.883880,35214
2034.886370,35215
2034.886442,35216
2034.887433,35217
2034.888340,35219
2034.888340,35221
2034.888340,35222
2034.888840,35223
2034.890015,35224
2034.890556,35225
2034.892690,35226
2034.893340,35227
2034.894030,35228
2034.894240,35229
2034.895905,35230
2034.896620,35231
2034.897170,35232
2034.897660,35233
2034.898340,35234
2034.898340,35237
2034.898797,35238
2034.900740,35239
2034.900821,35240
2034.901585,35241
2034.902770,35242
2034.903129,35243
2034.903340,35244
2034.903905,35245
2034.904540,35246
2034.905190,35247
2034.905880,35248
2034.906310,35249
2034.906930,35250
2034.907200,35251
2034.907220,35252
2034.908050,35253
2034.908340,35254
2034.908340,35258
2034.909210,35259
2034.910130,35260
2034.910280,35261
2034.912939,35262
2034.913080,35263
2034.913340,35266
2034.913340,35267
2034.914140,35268
2034.914573,35269
2034.915280,35270
2034.915323,35271
2034.915330,35272
2034.917700,35273
2034.918340,35274
2034.918340,35276
2034.918340,35279
2034.918340,35288
2034.918340,35289
2034.918340,35291
2034.923112,35292
2034.924230,35293
2034.926560,35294
2034.927410,35295
2034.928340,35296
2034.928340,35297
2034.928340,35298
2034.928800,35299
2034.929110,35300
2034.930220,35301
2034.931230,35302
2034.931420,35303
2034.931520,35304
2034.931640,35305
2034.933060,35306
2034.933360,35307
2034.933437,35308
2034.933626,35309
2034.934371,35310
2034.935234,35311
2034.935828,35312
2034.935930,35313
2034.937405,35314
2034.938070,35315
2034.938125,35316
2034.938302,35317
2034.938340,35320
2034.938340,35347
2034.938340,35353
2034.938340,35355
2034.939045,35356
2034.939190,35357
2034.940417,35358
2034.942660,35359
2034.942930,35360
2034.943220,35361
2034.943270,35362
2034.943340,35363
2034.943700,35364
2034.944137,35365
2034.944710,35366
2034.944778,35367
2034.944880,35368
2034.945890,35369
2034.946940,35370
2034.947890,35371
2034.948340,35372
2034.948340,35373
2034.948340,35377
2034.949450,35378
2034.949570,35379
2034.950510,35380
2034.951286,35381
2034.952220,35382
2034.952940,35383
2034.953340,35384
2034.954637,35385
2034.955340,35386
2034.955700,35387
2034.955828,35388
2034.956280,35389
2034.956350,35390
2034.956465,35391
2034.957050,35392
2034.958285,35393
2034.958340,35395
2034.958410,35396
2034.959030,35397
2034.959390,35398
2034.961710,35399
2034.963220,35400
2034.963283,35401
2034.963900,35402
2034.964540,35403
2034.965040,35404
2034.965140,35405
2034.965807,35406
2034.966238,35407
2034.966310,35408
2034.966940,35409
2034.967540,35410
2034.968340,35413
2034.968340,35416
2034.968340,35419
2034.968340,35420
2034.968410,35421
2034.970243,35422
2034.973340,35423
2034.973450,35424
2034.974860,35425
2034.976217,35428
2034.976640,35429
2034.978340,35430
2034.978340,35432
2034.978540,35433
2034.978950,35434
2034.979320,35435
2034.980845,35436
2034.981620,35437
2034.981625,35438
2034.981780,35439
2034.982380,35440
2034.983069,35442
2034.983340,35448
2034.983345,35449
2034.983470,35450
2034.983545,35451
2034.983960,35452
2034.984115,35453
2034.985020,35454
2034.986850,35455
2034.987860,35456
2034.987867,35457
2034.988340,35458
2034.988340,35459
2034.988340,35460
2034.988420,35461
2034.988430,35464
2034.988514,35465
2034.988578,35466
2034.988600,35467
2034.989890,35468
2034.990777,35469
2034.991130,35470
2034.992236,35471
2034.992236,35474
2034.993520,35475
2034.995175,35476
2034.995700,35477
2034.996820,35478
2034.998340,35479
2034.998340,35481
2034.998340,35483
2034.998340,35487
2034.998340,35488
2034.998930,35489
2035.000610,35490
2035.001710,35491
2035.001840,35492
2035.002310,35493
2035.003290,35494
2035.003340,35495
2035.003470,35496
2035.003800,35497
2035.004541,35498
2035.005640,35499
2035.006670,35500
2035.007320,35501
2035.008330,35502
2035.008340,35503
2035.008340,35506
2035.010710,35507
2035.012080,35508
2035.014340,35509
2035.016470,35510
2035.016520,35511
2035.018340,35521
2035.018340,35541
2035.018340,35557
2035.018340,35568
2035.018340,35574
2035.018340,35577
2035.018340,35578
2035.018970,35579
2035.019420,35580
2035.019973,35581
2035.020730,35582
2035.021580,35583
2035.022360,35584
2035.024070,35585
2035.025810,35586
2035.025920,35587
2035.026320,35588
2035.027740,35589
2035.028340,35590
2035.028340,35592
2035.028340,35593
2035.028340,35594
2035.028340,35596
2035.028960,35597
2035.029585,35598
2035.029715,35599
2035.030129,35600
2035.030158,35601
2035.030210,35602
2035.030560,35603
2035.031250,35604
2035.031616,35605
2035.031673,35606
2035.033130,35607
2035.033240,35608
2035.034660,35609
2035.035500,35610
2035.035700,35611
2035.036825,35612
2035.037157,35613
2035.038100,35614
2035.038250,35615
2035.038340,35617
2035.038340,35619
2035.038340,35621
2035.038340,35624
2035.039425,35625
2035.040755,35626
2035.041220,35627
2035.043340,35628
2035.043370,35629
2035.043900,35630
2035.048340,35631
2035.048340,35633
2035.048340,35634
2035.048580,35635
2035.049020,35636
2035.049640,35637
2035.049890,35638
2035.050520,35639
2035.050860,35641
2035.051907,35642
2035.051945,35643
2035.052453,35644
2035.054890,35645
2035.055050,35646
2035.055618,35647
2035.055660,35648
2035.055990,35649
2035.056070,35650
2035.057062,35652
2035.058340,35656
2035.058340,35659
2035.058430,35660
2035.059483,35661
2035.059930,35662
2035.060260,35663
2035.060590,35664
2035.062195,35665
2035.065120,35666
2035.065680,35667
2035.066790,35668
2035.067390,35669
2035.068340,35672
2035.068340,35675
2035.068340,35676
2035.069040,35677
2035.069920,35678
2035.070340,35679
2035.070490,35680
2035.071230,35681
2035.072060,35682
2035.073904,35683
2035.075536,35684
2035.076090,35685
2035.076640,35686
2035.076730,35687
2035.077040,35688
2035.078340,35689
2035.078340,35691
2035.078340,35696
2035.078340,35700
2035.078340,35701
2035.079240,35702
2035.079540,35703
2035.079740,35704
2035.080045,35705
2035.082465,35706
2035.083280,35707
2035.083340,35708
2035.083510,35709
2035.084700,35710
2035.085010,35711
2035.085420,35712
2035.085540,35713
2035.085840,35714
2035.086068,35717
2035.087205,35718
2035.087430,35719
2035.087500,35720
2035.088340,35721
2035.088340,35725
2035.088340,35728
2035.088340,35729
2035.088380,35730
2035.088608,35731
2035.088753,35732
2035.089090,35733
2035.090280,35734
2035.090540,35735
2035.090560,35737
2035.090820,35738
2035.092030,35739
2035.092328,35740
2035.093340,35741
2035.093650,35742
2035.093880,35743
2035.094728,35744
2035.094920,35745
2035.095007,35746
2035.095110,35747
2035.095240,35748
2035.095678,35749
2035.096290,35750
2035.096300,35751
2035.097490,35752
2035.097530,35753
2035.098210,35754
2035.098340,35757
2035.098907,35758
2035.101219,35759
2035.101740,35760
2035.101820,35761
2035.103060,35762
2035.103220,35763
2035.103340,35764
2035.103750,35765
2035.104432,35766
2035.106636,35767
2035.107950,35768
2035.108340,35770
2035.108340,35773
2035.108340,35774
2035.109547,35775
2035.109610,35776
2035.110648,35777
2035.110770,35778
2035.111065,35779
2035.111140,35780
2035.111900,35781
2035.113040,35782
2035.113310,35783
2035.113340,35784
2035.113340,35785
2035.113470,35786
2035.115520,35787
2035.116032,35788
2035.118340,35790
2035.118340,35793
2035.118340,35800
2035.118340,35803
2035.118340,35807
2035.118340,35810
2035.120750,35811
2035.123078,35812
2035.123850,35813
2035.124470,35814
2035.125504,35815
2035.125845,35816
2035.126732,35817
2035.126820,35818
2035.127757,35819
2035.128340,35821
2035.128340,35823
2035.128340,35824
2035.129965,35825
2035.130080,35826
2035.130105,35827
2035.131063,35829
2035.133710,35830
2035.133740,35831
2035.135065,35832
2035.136180,35833
2035.136490,35834
2035.136880,35835
2035.138340,35837
2035.138340,35842
2035.138340,35850
2035.138340,35851
2035.138360,35852
2035.138840,35853
2035.139170,35854
2035.139251,35855
2035.140970,35856
2035.143630,35857
2035.144160,35858
2035.144630,35859
2035.144865,35860
2035.146150,35861
2035.148070,35862
2035.148146,35863
2035.148340,35867
2035.148340,35868
2035.148340,35870
2035.149070,35875
2035.149675,35876
2035.150077,35877
2035.150712,35878
2035.150986,35879
2035.151400,35880
2035.151673,35881
2035.151673,35882
2035.153355,35883
2035.153410,35884
2035.153910,35885
2035.154040,35886
2035.154760,35887
2035.155007,35888
2035.155140,35889
2035.155380,35890
2035.156140,35891
2035.156483,35892
2035.156970,35893
2035.158340,35895
2035.158340,35897
2035.158560,35898
2035.158648,35899
2035.158648,35900
2035.160070,35901
2035.160640,35902
2035.160730,35903
2035.160735,35904
2035.163340,35905
2035.164856,35906
2035.165950,35907
2035.166660,35908
2035.167226,35909
2035.168340,35910
2035.168340,35911
2035.168340,35915
2035.168340,35916
2035.168355,35917
2035.168940,35918
2035.169450,35919
2035.170355,35920
2035.170790,35921
2035.172349,35922
2035.172470,35923
2035.172821,35926
2035.173010,35927
2035.173530,35928
2035.174050,35929
2035.174510,35930
2035.175030,35931
2035.175640,35932
2035.175940,35933
2035.175980,35934
2035.175990,35935
2035.176070,35936
2035.178340,35937
2035.178340,35943
2035.178340,35945
2035.178750,35946
2035.179560,35947
2035.179975,35948
2035.180700,35949
2035.180890,35950
2035.182970,35951
2035.185007,35952
2035.185480,35953
2035.185830,35954
2035.185920,35955
2035.186340,35956
2035.186730,35957
2035.187470,35958
2035.188340,35959
2035.188340,35960
2035.188490,35961
2035.189590,35962
2035.189680,35963
2035.190440,35964
2035.190750,35965
2035.191900,35966
2035.192827,35968
2035.193267,35969
2035.193340,35970
2035.193340,35971
2035.194240,35972
2035.195260,35973
2035.196280,35974
2035.196710,35975
2035.196970,35976
2035.197630,35977
2035.198075,35978
2035.198340,35979
2035.198340,35984
2035.198340,35985
2035.198340,35986
2035.198340,35990
2035.198340,35992
2035.199110,35993
2035.199700,35994
2035.200740,35995
2035.201026,35996
2035.201225,35997
2035.201440,35998
2035.201820,35999
2035.202280,36000
2035.202710,36001
2035.203340,36002
2035.203540,36003
2035.204510,36004
2035.204680,36005
2035.205545,36006
2035.205770,36007
2035.205950,36008
2035.206002,36009
2035.206290,36010
2035.206670,36011
2035.207162,36013
2035.208340,36014
2035.208340,36019
2035.208340,36020
2035.208340,36021
2035.208340,36022
2035.208790,36023
2035.210005,36024
2035.210340,36025
2035.211100,36026
2035.211520,36027
2035.212640,36028
2035.213890,36029
2035.214350,36030
2035.215914,36031
2035.216800,36032
2035.218310,36033
2035.218340,36036
2035.218340,36046
2035.218340,36052
2035.218340,36057
2035.218340,36058
2035.218340,36066
2035.219010,36067
2035.219570,36068
2035.219650,36069
2035.219660,36070
2035.220260,36071
2035.222911,36072
2035.223330,36073
2035.223340,36074
2035.224092,36075
2035.224760,36076
2035.226120,36077
2035.226640,36078
2035.227410,36079
2035.227970,36080
2035.228340,36081
2035.228340,36082
2035.228340,36084
2035.228340,36086
2035.229370,36087
2035.229447,36088
2035.233340,36089
2035.233520,36090
2035.235120,36091
2035.235350,36092
2035.235930,36093
2035.237240,36094
2035.237280,36095
2035.237425,36096
2035.238340,36097
2035.238340,36098
2035.238340,36100
2035.238673,36101
2035.239221,36102
2035.239440,36103
2035.240900,36104
2035.241675,36105
2035.242030,36106
2035.242250,36107
2035.242510,36108
2035.243382,36109
2035.243460,36110
2035.243830,36111
2035.244500,36112
2035.245085,36113
2035.246740,36114
2035.247640,36115
2035.248340,36116
2035.248340,36120
2035.250390,36121
2035.250470,36122
2035.250907,36123
2035.251970,36124
2035.251980,36125
2035.252154,36126
2035.254990,36127
2035.255522,36128
2035.255750,36129
2035.255828,36130
2035.256895,36131
2035.257780,36132
2035.258270,36133
2035.258340,36135
2035.258340,36136
2035.258840,36137
2035.259990,36138
2035.260870,36139
2035.261340,36140
2035.263060,36141
2035.264173,36142
2035.264200,36143
2035.265240,36144
2035.266410,36145
2035.266490,36146
2035.267620,36147
2035.267857,36148
2035.268340,36149
2035.268340,36150
2035.268340,36151
2035.268340,36152
2035.268340,36153
2035.268575,36154
2035.268940,36155
2035.271580,36156
2035.271840,36157
2035.272111,36158
2035.272830,36159
2035.272840,36160
2035.273700,36161
2035.273800,36162
2035.273950,36163
2035.274040,36164
2035.274792,36165
2035.275010,36166
2035.275090,36167
2035.275180,36168
2035.275550,36169
2035.277500,36170
2035.278340,36172
2035.278340,36173
2035.278340,36175
2035.278807,36176
2035.278970,36177
2035.279440,36178
2035.279940,36179
2035.284040,36180
2035.284490,36181
2035.284660,36182
2035.286140,36183
2035.287093,36184
2035.288340,36185
2035.288340,36186
2035.288340,36189
2035.288340,36191
2035.289380,36192
2035.289573,36193
2035.289840,36194
2035.291840,36195
2035.292600,36196
2035.293900,36197
2035.295570,36198
2035.296540,36199
2035.298080,36200
2035.298340,36202
2035.298340,36203
2035.300840,36204
2035.301035,36205
2035.301930,36206
2035.302730,36207
2035.303040,36208
2035.303820,36209
2035.303930,36210
2035.305095,36211
2035.305990,36212
2035.307750,36213
2035.307905,36214
2035.308340,36217
2035.308340,36219
2035.308740,36220
2035.308850,36221
2035.309340,36222
2035.310075,36223
2035.310535,36224
2035.311040,36225
2035.312070,36226
2035.312300,36227
2035.313340,36228
2035.315230,36229
2035.315240,36230
2035.315665,36231
2035.316305,36232
2035.316570,36233
2035.316930,36234
2035.317090,36235
2035.317605,36236
2035.317990,36237
2035.318340,36243
2035.318340,36246
2035.318340,36252
2035.318340,36259
2035.318340,36260
2035.318340,36264
2035.318549,36268
2035.318930,36269
2035.319154,36270
2035.319265,36271
2035.319715,36272
2035.319800,36273
2035.321565,36274
2035.322126,36275
2035.322320,36276
2035.324540,36277
2035.324640,36278
2035.325507,36279
2035.325754,36280
2035.326240,36281
2035.326560,36282
2035.326960,36284
2035.328000,36285
2035.328340,36287
2035.328340,36288
2035.328340,36289
2035.328570,36290
2035.329350,36291
2035.329460,36292
2035.329700,36293
2035.329718,36294
2035.329790,36295
2035.330044,36296
2035.331790,36297
2035.332070,36298
2035.332490,36299
2035.332779,36300
2035.333963,36301
2035.334340,36303
2035.335130,36304
2035.336250,36305
2035.336470,36306
2035.337340,36307
2035.337907,36309
2035.338060,36310
2035.338070,36311
2035.338080,36312
2035.338260,36313
2035.338330,36314
2035.338340,36315
2035.338340,36318
2035.338340,36321
2035.338340,36322
2035.338500,36323
2035.340430,36324
2035.340480,36325
2035.340820,36326
2035.343340,36327
2035.343600,36328
2035.343605,36329
2035.343930,36330
2035.344515,36331
2035.345438,36332
2035.345729,36333
2035.346580,36334
2035.347320,36335
2035.347720,36336
2035.348340,36337
2035.348340,36340
2035.348440,36341
2035.349760,36342
2035.350320,36343
2035.350810,36344
2035.351440,36345
2035.352270,36346
2035.352810,36347
2035.353340,36348
2035.354340,36349
2035.355770,36350
2035.357091,36351
2035.358340,36352
2035.358340,36354
2035.358340,36355
2035.358340,36358
2035.358590,36359
2035.358730,36360
2035.361240,36361
2035.361460,36362
2035.362550,36363
2035.362600,36364
2035.364723,36365
2035.366770,36366
2035.366940,36367
2035.367840,36368
2035.368340,36371
2035.368340,36376
2035.368340,36380
2035.368340,36381
2035.368370,36382
2035.369867,36383
2035.372165,36384
2035.372360,36385
2035.372890,36386
2035.373057,36387
2035.373340,36388
2035.373910,36389
2035.374091,36390
2035.375321,36391
2035.375980,36392
2035.376450,36393
2035.377650,36394
2035.378340,36399
2035.378340,36401
2035.378340,36402
2035.378340,36403
2035.378421,36404
2035.378740,36405
2035.380310,36406
2035.380460,36407
2035.380495,36408
2035.380600,36409
2035.383430,36411
2035.386085,36412
2035.386879,36413
2035.387193,36414
2035.388175,36415
2035.388340,36418
2035.388340,36419
2035.388340,36420
2035.388340,36421
2035.389200,36422
2035.389730,36424
2035.391245,36425
2035.391640,36426
2035.391673,36427
2035.392250,36428
2035.393740,36429
2035.394075,36430
2035.394810,36431
2035.394820,36432
2035.395090,36433
2035.395680,36434
2035.396840,36435
2035.397380,36436
2035.397997,36437
2035.398042,36438
2035.398340,36442
2035.398340,36444
2035.398340,36445
2035.398340,36446
2035.398710,36447
2035.399390,36448
2035.399540,36449
2035.399760,36450
2035.399910,36451
2035.400132,36452
2035.400660,36453
2035.402145,36454
2035.402381,36455
2035.402465,36456
2035.402507,36457
2035.403040,36458
2035.404879,36459
2035.405007,36460
2035.405800,36461
2035.407030,36462
2035.407463,36463
2035.407960,36464
2035.408040,36465
2035.408250,36466
2035.408340,36469
2035.408340,36470
2035.408340,36471
2035.408640,36472
2035.409040,36473
2035.409240,36474
2035.409340,36475
2035.410003,36476
2035.412744,36477
2035.412940,36478
2035.415114,36479
2035.415230,36480
2035.416390,36481
2035.418169,36482
2035.418270,36483
2035.418340,36490
2035.418340,36498
2035.418340,36502
2035.418340,36526
2035.418340,36529
2035.419897,36530
2035.421030,36531
2035.421306,36532
2035.422590,36533
2035.422640,36534
2035.423660,36535
2035.423990,36536
2035.425140,36537
2035.425190,36538
2035.425820,36539
2035.426547,36540
2035.428340,36543
2035.428340,36544
2035.429465,36545
2035.430340,36546
2035.430955,36547
2035.431040,36548
2035.431898,36549
2035.432295,36550
2035.432680,36551
2035.433273,36552
2035.433400,36553
2035.434150,36554
2035.434820,36555
2035.434960,36556
2035.435113,36557
2035.435690,36558
2035.436052,36559
2035.436140,36560
2035.436150,36561
2035.437740,36562
2035.437745,36563
2035.438340,36564
2035.438340,36566
2035.438610,36567
2035.438680,36568
2035.438820,36569
2035.440210,36570
2035.440300,36571
2035.441595,36572
2035.442616,36573
2035.442790,36574
2035.442909,36575
2035.443185,36576
2035.443340,36577
2035.443545,36578
2035.443940,36580
2035.444120,36581
2035.444380,36582
2035.445850,36583
2035.446846,36584
2035.447340,36585
2035.447430,36586
2035.447980,36587
2035.448340,36588
2035.448340,36589
2035.448340,36590
2035.448597,36591
2035.449210,36592
2035.450210,36593
2035.451673,36594
2035.452545,36595
2035.453289,36596
2035.454730,36597
2035.455180,36598
2035.455380,36599
2035.457540,36600
2035.458080,36601
2035.458340,36603
2035.458340,36604
2035.458340,36605
2035.458340,36610
2035.459030,36611
2035.459795,36613
2035.460568,36614
2035.460679,36615
2035.461500,36616
2035.461870,36617
2035.462400,36618
2035.463190,36619
2035.463200,36620
2035.463340,36621
2035.465695,36622
2035.468340,36623
2035.468340,36625
2035.468340,36626
2035.468540,36627
2035.468593,36628
2035.468643,36629
2035.469110,36630
2035.470280,36631
2035.473930,36632
2035.475007,36633
2035.477766,36634
2035.478340,36635
2035.478340,36636
2035.478340,36637
2035.478340,36639
2035.478910,36640
2035.480790,36641
2035.480900,36642
2035.481053,36650
2035.481140,36651
2035.481673,36652
2035.481940,36653
2035.483230,36654
2035.483340,36655
2035.483340,36656
2035.484110,36657
2035.488227,36658
2035.488340,36661
2035.489432,36662
2035.490030,36663
2035.490320,36664
2035.490480,36665
2035.491240,36666
2035.491470,36667
2035.492390,36668
2035.493900,36669
2035.494170,36670
2035.494670,36671
2035.495968,36672
2035.496140,36673
2035.496785,36674
2035.496940,36676
2035.497700,36677
2035.498340,36678
2035.498340,36679
2035.498340,36680
2035.498340,36681
2035.499250,36682
2035.499480,36683
2035.499554,36684
2035.499630,36685
2035.500425,36686
2035.500630,36687
2035.502090,36688
2035.502360,36689
2035.503340,36690
2035.503625,36691
2035.503820,36692
2035.503938,36693
2035.504863,36694
2035.505230,36695
2035.505838,36696
2035.507176,36697
2035.508340,36698
2035.508340,36699
2035.508340,36700
2035.509530,36701
2035.509940,36702
2035.509990,36703
2035.510040,36704
2035.510690,36705
2035.510940,36706
2035.511310,36707
2035.511683,36708
2035.511973,36709
2035.512870,36710
2035.513040,36711
2035.513741,36712
2035.515090,36713
2035.517440,36714
2035.517510,36715
2035.518340,36716
2035.518340,36721
2035.518340,36728
2035.518340,36730
2035.518340,36732
2035.518340,36733
2035.519190,36734
2035.519740,36735
2035.520750,36736
2035.520890,36737
2035.521340,36738
2035.521580,36739
2035.522591,36740
2035.522635,36741
2035.523538,36742
2035.523780,36744
2035.524210,36745
2035.524550,36746
2035.525732,36747
2035.525825,36748
2035.526300,36749
2035.528340,36750
2035.528340,36752
2035.531350,36753
2035.532040,36754
2035.532110,36755
2035.532340,36756
2035.532390,36757
2035.533160,36758
2035.533340,36759
2035.533540,36760
2035.534470,36761
2035.535530,36762
2035.536130,36763
2035.536770,36764
2035.538340,36765
2035.538340,36772
2035.538340,36773
2035.538720,36774
2035.539400,36775
2035.541010,36776
2035.541360,36777
2035.541930,36778
2035.542250,36779
2035.542420,36780
2035.542640,36781
2035.543130,36782
2035.544356,36783
2035.546470,36784
2035.546580,36785
2035.547050,36786
2035.547240,36787
2035.547770,36788
2035.548340,36791
2035.548690,36792
2035.548990,36793
2035.549140,36794
2035.549335,36795
2035.549480,36796
2035.551673,36797
2035.551830,36799
2035.552465,36800
2035.552840,36804
2035.555820,36805
2035.556087,36806
2035.557860,36807
2035.558120,36808
2035.558340,36809
2035.558340,36810
2035.558340,36811
2035.558340,36813
2035.558690,36814
2035.558830,36815
2035.558930,36816
2035.559371,36817
2035.559580,36818
2035.562860,36819
2035.562898,36820
2035.563315,36821
2035.563340,36822
2035.564271,36823
2035.564340,36824
2035.566260,36825
2035.568340,36826
2035.568340,36830
2035.568340,36833
2035.568340,36835
2035.569870,36836
2035.570040,36837
2035.571100,36838
2035.573340,36839
2035.573547,36840
2035.573724,36841
2035.573940,36842
2035.575650,36843
2035.576330,36844
2035.576510,36845
2035.576670,36846
2035.577050,36847
2035.577220,36848
2035.578210,36849
2035.578340,36850
2035.578340,36853
2035.578340,36854
2035.578340,36855
2035.578540,36856
2035.579440,36857
2035.579885,36858
2035.580630,36859
2035.580720,36860
2035.580900,36861
2035.581916,36862
2035.582440,36863
2035.582570,36864
2035.582830,36865
2035.583240,36866
2035.583240,36867
2035.583461,36868
2035.583770,36869
2035.584026,36870
2035.584440,36871
2035.585830,36872
2035.588340,36873
2035.588340,36874
2035.589970,36875
2035.590040,36876
2035.590670,36877
2035.591470,36878
2035.591933,36879
2035.592260,36880
2035.592530,36881
2035.593930,36882
2035.594990,36883
2035.595969,36884
2035.596655,36885
2035.597255,36886
2035.597340,36887
2035.598340,36888
2035.598340,36892
2035.598340,36894
2035.598340,36896
2035.599080,36897
2035.599790,36898
2035.600500,36899
2035.601516,36900
2035.601673,36901
2035.605570,36902
2035.606300,36903
2035.606438,36904
2035.606840,36905
2035.606850,36906
2035.607180,36907
2035.608340,36908
2035.608340,36909
2035.608470,36910
2035.610610,36911
2035.610735,36912
2035.612470,36913
2035.613380,36914
2035.613670,36915
2035.614788,36916
2035.615190,36917
2035.615935,36918
2035.616460,36919
2035.617306,36920
2035.617595,36921
2035.618340,36923
2035.618340,36926
2035.618340,36937
2035.618340,36941
2035.618340,36944
2035.618340,36945
2035.618640,36946
2035.618900,36947
2035.619140,36948
2035.619190,36949
2035.619550,36950
2035.619680,36951
2035.619740,36952
2035.620025,36953
2035.620643,36954
2035.620655,36955
2035.621360,36956
2035.621700,36957
2035.621840,36958
2035.621982,36959
2035.622470,36961
2035.622730,36962
2035.623220,36963
2035.623970,36964
2035.624340,36965
2035.624646,36967
2035.625340,36968
2035.625410,36969
2035.626152,36970
2035.626360,36971
2035.626780,36972
2035.627215,36973
2035.628340,36974
2035.628340,36978
2035.628340,36980
2035.628450,36981
2035.628500,36982
2035.629120,36983
2035.629490,36984
2035.629925,36985
2035.630417,36986
2035.631110,36987
2035.631280,36988
2035.632040,36989
2035.632319,36990
2035.633240,36991
2035.633340,36993
2035.633430,36994
2035.634350,36995
2035.635140,36996
2035.636310,36997
2035.638340,36999
2035.638340,37000
2035.638470,37001
2035.638929,37002
2035.639170,37003
2035.639219,37004
2035.641113,37005
2035.641320,37006
2035.641740,37007
2035.641750,37008
2035.642790,37009
2035.643740,37010
2035.644640,37011
2035.645210,37017
2035.647061,37018
2035.648340,37020
2035.648340,37021
2035.648340,37022
2035.648340,37024
2035.648973,37025
2035.649200,37026
2035.649932,37027
2035.650340,37028
2035.650726,37029
2035.653107,37030
2035.653340,37031
2035.653910,37032
2035.654370,37033
2035.654582,37034
2035.655240,37035
2035.656030,37036
2035.657060,37037
2035.657988,37038
2035.658230,37039
2035.658240,37040
2035.658340,37041
2035.658340,37044
2035.658340,37048
2035.659340,37049
2035.659550,37050
2035.660130,37051
2035.661230,37052
2035.663170,37053
2035.663340,37054
2035.664540,37055
2035.665875,37056
2035.666370,37057
2035.666646,37058
2035.667147,37059
2035.668300,37060
2035.668340,37063
2035.668640,37064
2035.669260,37065
2035.669900,37066
2035.670545,37067
2035.671010,37068
2035.673070,37069
2035.673184,37070
2035.673200,37071
2035.673450,37072
2035.674570,37073
2035.674960,37074
2035.675040,37075
2035.675690,37076
2035.677280,37077
2035.678340,37078
2035.678340,37079
2035.678340,37081
2035.678760,37082
2035.679790,37083
2035.680197,37084
2035.680365,37085
2035.681279,37086
2035.682081,37087
2035.682710,37088
2035.683340,37089
2035.683530,37090
2035.684400,37091
2035.685220,37092
2035.685240,37093
2035.685280,37094
2035.686240,37095
2035.687370,37096
2035.687600,37097
2035.687640,37098
2035.688340,37102
2035.688340,37105
2035.688350,37106
2035.688382,37107
2035.688566,37108
2035.691740,37110
2035.691880,37111
2035.692080,37112
2035.692221,37113
2035.693950,37114
2035.696920,37115
2035.697457,37116
2035.697990,37117
2035.698340,37118
2035.698340,37122
2035.698340,37128
2035.698340,37130
2035.698340,37131
2035.698340,37132
2035.700440,37133
2035.700820,37134
2035.703526,37135
2035.703695,37136
2035.704032,37137
2035.704170,37138
2035.705640,37139
2035.706070,37140
2035.706310,37141
2035.706520,37142
2035.707740,37143
2035.708340,37146
2035.708340,37148
2035.709088,37149
2035.709190,37150
2035.712018,37151
2035.714440,37152
2035.715535,37153
2035.715940,37154
2035.716063,37155
2035.716210,37156
2035.716330,37157
2035.717040,37158
2035.717640,37159
2035.718340,37161
2035.718340,37167
2035.718340,37175
2035.718340,37182
2035.718340,37187
2035.718340,37201
2035.720230,37202
2035.720380,37203
2035.721995,37204
2035.722238,37205
2035.722260,37206
2035.722990,37207
2035.723040,37208
2035.727910,37209
2035.728340,37210
2035.728340,37211
2035.728340,37212
2035.728340,37213
2035.729290,37214
2035.729633,37215
2035.729880,37216
2035.731622,37217
2035.732040,37218
2035.732370,37219
2035.732903,37220
2035.733040,37221
2035.733340,37222
2035.734070,37223
2035.734110,37224
2035.734130,37225
2035.735270,37226
2035.736540,37227
2035.736560,37228
2035.737935,37229
2035.738040,37230
2035.738090,37231
2035.738290,37232
2035.738340,37235
2035.738340,37239
2035.740180,37240
2035.741220,37241
2035.743080,37242
2035.743250,37243
2035.746780,37244
2035.747920,37245
2035.748340,37246
2035.748340,37247
2035.748767,37248
2035.748930,37249
2035.749020,37250
2035.749500,37251
2035.749990,37252
2035.750320,37253
2035.751170,37254
2035.751190,37255
2035.751518,37256
2035.751590,37257
2035.751640,37258
2035.752210,37259
2035.752475,37260
2035.752820,37261
2035.753430,37262
2035.754600,37263
2035.755210,37264
2035.755740,37265
2035.756640,37266
2035.756980,37267
2035.758340,37268
2035.758340,37272
2035.758340,37274
2035.758340,37275
2035.758340,37276
2035.760442,37277
2035.760583,37278
2035.760805,37279
2035.761060,37280
2035.761830,37281
2035.762340,37282
2035.762370,37283
2035.762420,37284
2035.762590,37285
2035.765340,37286
2035.767105,37287
2035.767200,37288
2035.768330,37289
2035.768340,37290
2035.768340,37292
2035.768340,37295
2035.768340,37297
2035.768340,37298
2035.768340,37299
2035.768340,37300
2035.769270,37301
2035.770560,37302
2035.771330,37303
2035.772297,37304
2035.773090,37305
2035.773340,37306
2035.773540,37307
2035.773640,37308
2035.774260,37309
2035.774699,37310
2035.778340,37311
2035.778340,37317
2035.778340,37321
2035.783340,37322
2035.784170,37323
2035.784191,37324
2035.784320,37325
2035.784500,37326
2035.784673,37327
2035.785030,37328
2035.785330,37329
2035.786180,37330
2035.786640,37331
2035.786670,37332
2035.787410,37333
2035.788340,37334
2035.788340,37335
2035.788340,37336
2035.788500,37337
2035.788850,37338
2035.791240,37339
2035.791773,37340
2035.791925,37341
2035.792434,37342
2035.792930,37343
2035.793340,37344
2035.793340,37345
2035.793420,37346
2035.793480,37347
2035.793800,37348
2035.794340,37349
2035.795010,37350
2035.795125,37351
2035.798340,37352
2035.798340,37354
2035.798340,37355
2035.798340,37356
2035.798340,37357
2035.798660,37358
2035.800690,37359
2035.800790,37360
2035.802720,37361
2035.803340,37362
2035.803490,37363
2035.805900,37364
2035.806090,37365
2035.806415,37366
2035.807330,37367
2035.808010,37368
2035.808340,37369
2035.808340,37370
2035.808340,37371
2035.808340,37372
2035.808340,37375
2035.808340,37376
2035.809160,37377
2035.810140,37378
2035.810730,37379
2035.811850,37380
2035.812540,37381
2035.813340,37382
2035.813340,37383
2035.813730,37384
2035.815007,37385
2035.816480,37386
2035.816530,37387
2035.818340,37388
2035.818340,37389
2035.818340,37393
2035.818340,37396
2035.818340,37404
2035.818340,37411
2035.818340,37418
2035.818340,37419
2035.818780,37420
2035.819390,37421
2035.819780,37422
2035.820043,37423
2035.820275,37424
2035.822290,37425
2035.822740,37426
2035.823060,37427
2035.823477,37428
2035.823510,37429
2035.824240,37430
2035.824394,37431
2035.824593,37432
2035.825280,37433
2035.825470,37434
2035.826229,37435
2035.827400,37436
2035.827902,37437
2035.828047,37438
2035.828340,37439
2035.828340,37440
2035.828340,37441
2035.828340,37444
2035.828840,37445
2035.829070,37446
2035.829535,37447
2035.829720,37448
2035.830613,37449
2035.830620,37450
2035.830870,37451
2035.830965,37452
2035.831710,37453
2035.831840,37454
2035.832753,37455
2035.832947,37456
2035.834370,37457
2035.835520,37458
2035.835535,37459
2035.835720,37460
2035.835736,37461
2035.836410,37462
2035.836710,37463
2035.836733,37464
2035.838340,37465
2035.838340,37466
2035.838340,37468
2035.838340,37469
2035.838340,37474
2035.840070,37475
2035.840445,37476
2035.841960,37477
2035.842590,37478
2035.842695,37479
2035.843340,37480
2035.843820,37481
2035.844677,37482
2035.844760,37483
2035.845149,37484
2035.846585,37485
2035.846670,37486
2035.847310,37487
2035.848340,37488
2035.848340,37489
2035.848800,37490
2035.848970,37491
2035.849340,37492
2035.849500,37493
2035.849810,37494
2035.851740,37495
2035.853340,37496
2035.853340,37497
2035.856340,37498
2035.858340,37500
2035.858340,37504
2035.858340,37505
2035.859240,37506
2035.859390,37507
2035.859420,37508
2035.859508,37509
2035.861064,37510
2035.861324,37511
2035.861730,37512
2035.862823,37513
2035.863140,37514
2035.863490,37515
2035.863926,37516
2035.864320,37517
2035.864940,37518
2035.865340,37519
2035.865950,37520
2035.866121,37521
2035.866550,37522
2035.866740,37523
2035.867770,37524
2035.868340,37525
2035.868340,37528
2035.868340,37529
2035.868340,37530
2035.869110,37531
2035.869890,37532
2035.870440,37533
2035.870570,37534
2035.871350,37536
2035.871894,37537
2035.872490,37538
2035.873980,37539
2035.874460,37540
2035.875370,37541
2035.876100,37542
2035.877350,37543
2035.877550,37544
2035.877740,37545
2035.878340,37546
2035.878340,37548
2035.878340,37549
2035.879230,37550
2035.879510,37551
2035.879515,37552
2035.880010,37553
2035.885340,37554
2035.885623,37555
2035.885869,37556
2035.886250,37557
2035.886680,37558
2035.886980,37559
2035.887280,37560
2035.888055,37561
2035.888172,37562
2035.888340,37563
2035.888340,37564
2035.888340,37565
2035.888340,37566
2035.889067,37567
2035.889420,37568
2035.889450,37569
2035.890130,37570
2035.890810,37572
2035.890940,37573
2035.892625,37574
2035.893340,37575
2035.894060,37576
2035.894575,37577
2035.895010,37578
2035.895090,37579
2035.896240,37580
2035.897070,37581
2035.897870,37582
2035.898340,37583
2035.898340,37585
2035.898340,37586
2035.898840,37587
2035.900510,37588
2035.900610,37589
2035.900620,37590
2035.903340,37591
2035.903555,37592
2035.903676,37593
2035.904490,37594
2035.904820,37595
2035.904930,37596
2035.904958,37597
2035.905700,37598
2035.905950,37599
2035.906220,37600
2035.907070,37601
2035.908340,37603
2035.908740,37604
2035.911060,37605
2035.911720,37606
2035.911817,37607
2035.912230,37608
2035.912733,37609
2035.912802,37610
2035.913310,37611
2035.913340,37613
2035.913340,37614
2035.914535,37615
2035.914750,37616
2035.914890,37617
2035.914966,37618
2035.915130,37619
2035.916990,37620
2035.918340,37623
2035.918340,37632
2035.918340,37636
2035.918340,37641
2035.918340,37645
2035.918340,37647
2035.918412,37648
2035.918757,37649
2035.920275,37650
2035.920722,37651
2035.921365,37652
2035.921720,37653
2035.921980,37654
2035.922240,37655
2035.922740,37656
2035.923861,37657
2035.925640,37658
2035.927040,37659
2035.927740,37660
2035.928101,37661
2035.928340,37662
2035.928340,37663
2035.928340,37664
2035.928340,37669
2035.928550,37670
2035.928760,37671
2035.929065,37672
2035.929900,37673
2035.931196,37674
2035.931670,37675
2035.932940,37676
2035.933840,37677
2035.936000,37678
2035.936097,37679
2035.936940,37680
2035.937570,37681
2035.938340,37682
2035.938340,37685
2035.938340,37687
2035.938340,37688
2035.938340,37689
2035.938671,37691
2035.939440,37692
2035.940127,37693
2035.940296,37694
2035.940720,37695
2035.941095,37696
2035.941260,37697
2035.942568,37698
2035.942570,37699
2035.943540,37700
2035.943600,37701
2035.943780,37702
2035.943900,37703
2035.944089,37704
2035.944620,37705
2035.945840,37706
2035.948340,37708
2035.948340,37715
2035.948430,37716
2035.950285,37717
2035.950490,37718
2035.950810,37719
2035.950882,37720
2035.950915,37721
2035.950980,37722
2035.951090,37723
2035.952402,37724
2035.953220,37725
2035.953280,37726
2035.953650,37727
2035.954100,37728
2035.954161,37729
2035.955811,37730
2035.955837,37731
2035.956560,37732
2035.957120,37733
2035.957350,37734
2035.957694,37735
2035.958340,37739
2035.958340,37742
2035.958340,37744
2035.958850,37745
2035.959940,37746
2035.961800,37747
2035.961993,37748
2035.962938,37749
2035.962977,37750
2035.963100,37751
2035.963914,37752
2035.964330,37753
2035.964545,37754
2035.964740,37755
2035.965650,37756
2035.965685,37757
2035.966354,37758
2035.966890,37759
2035.967230,37760
2035.967288,37761
2035.967620,37762
2035.968340,37765
2035.968340,37766
2035.969050,37767
2035.969239,37768
2035.970200,37769
2035.971380,37770
2035.971950,37771
2035.972060,37772
2035.973195,37773
2035.974460,37774
2035.974535,37775
2035.977390,37776
2035.977940,37777
2035.978340,37778
2035.978340,37779
2035.978340,37780
2035.978340,37786
2035.978340,37789
2035.978340,37790
2035.978540,37791
2035.978840,37792
2035.982349,37795
2035.982500,37796
2035.982860,37797
2035.983009,37798
2035.983160,37799
2035.984810,37800
2035.985267,37801
2035.986340,37802
2035.987340,37803
2035.988340,37804
2035.988340,37807
2035.988340,37808
2035.988645,37809
2035.990610,37810
2035.992290,37811
2035.993340,37813
2035.993340,37814
2035.993422,37815
2035.993690,37816
2035.994395,37817
2035.995320,37818
2035.996990,37819
2035.997210,37821
2035.997355,37822
2035.998340,37825
2035.998340,37826
2035.998340,37828
2035.998340,37829
2035.999418,37830
2035.999988,37831
2036.000155,37832
2036.001430,37833
2036.001990,37834
2036.002370,37835
2036.003650,37836
2036.004440,37837
2036.006740,37838
2036.006840,37839
2036.007773,37840
2036.008230,37841
2036.008340,37842
2036.008340,37846
2036.008340,37847
2036.008840,37848
2036.009000,37849
2036.011020,37850
2036.011800,37851
2036.011840,37852
2036.012510,37853
2036.012900,37854
2036.013340,37855
2036.014047,37856
2036.014230,37857
2036.016440,37858
2036.018340,37860
2036.018340,37872
2036.018340,37893
2036.018340,37904
2036.018340,37920
2036.018340,37929
2036.018340,37932
2036.018340,37934
2036.020440,37935
2036.020840,37936
2036.021440,37937
2036.023340,37938
2036.023460,37939
2036.023530,37940
2036.023625,37941
2036.023730,37942
2036.023760,37943
2036.024110,37944
2036.024505,37945
2036.027381,37946
2036.027855,37947
2036.028340,37948
2036.028340,37951
2036.028340,37953
2036.029170,37954
2036.029590,37955
2036.029865,37956
2036.030190,37957
2036.031261,37958
2036.032300,37959
2036.032580,37960
2036.032970,37961
2036.033240,37962
2036.033890,37963
2036.035140,37964
2036.035300,37965
2036.035400,37966
2036.037850,37967
2036.038340,37970
2036.038340,37972
2036.038340,37973
2036.038340,37974
2036.038340,37975
2036.038864,37976
2036.038937,37977
2036.039160,37978
2036.039670,37979
2036.040366,37980
2036.040650,37981
2036.040760,37982
2036.041258,37983
2036.041851,37984
2036.041910,37985
2036.042140,37986
2036.042695,37987
2036.043030,37988
2036.043110,37989
2036.043275,37990
2036.044140,37991
2036.044175,37992
2036.045080,37993
2036.046284,37994
2036.047940,37995
2036.048250,37996
2036.048340,37997
2036.048340,38002
2036.051349,38003
2036.051950,38004
2036.052460,38005
2036.053150,38006
2036.053240,38007
2036.053340,38008
2036.053630,38009
2036.053960,38010
2036.054100,38011
2036.054460,38012
2036.055240,38013
2036.056862,38014
2036.057260,38015
2036.057553,38016
2036.058340,38017
2036.058340,38018
2036.058340,38025
2036.058340,38027
2036.058340,38029
2036.058870,38030
2036.059340,38031
2036.060390,38032
2036.062840,38033
2036.062940,38034
2036.063550,38035
2036.064240,38036
2036.064765,38042
2036.065360,38043
2036.066593,38044
2036.067020,38045
2036.068340,38046
2036.068340,38047
2036.068340,38050
2036.068340,38052
2036.068340,38055
2036.068340,38059
2036.069140,38060
2036.070016,38061
2036.070340,38062
2036.071550,38063
2036.071735,38064
2036.072920,38065
2036.073540,38066
2036.074090,38068
2036.074755,38069
2036.075820,38070
2036.076799,38071
2036.077650,38072
2036.077921,38073
2036.077930,38074
2036.077975,38075
2036.078340,38077
2036.078340,38078
2036.079547,38079
2036.079550,38080
2036.080184,38081
2036.080360,38082
2036.080720,38083
2036.081367,38084
2036.082151,38085
2036.082702,38086
2036.083340,38087
2036.085200,38088
2036.086225,38089
2036.086777,38090
2036.087370,38091
2036.088040,38092
2036.088250,38093
2036.088340,38094
2036.088340,38097
2036.088340,38099
2036.088340,38100
2036.088630,38101
2036.088990,38102
2036.089140,38103
2036.089560,38104
2036.089950,38105
2036.090090,38107
2036.092005,38108
2036.092540,38109
2036.092940,38110
2036.092945,38111
2036.094330,38112
2036.094585,38113
2036.095378,38114
2036.096044,38115
2036.097787,38116
2036.098320,38117
2036.098340,38118
2036.098340,38120
2036.098340,38121
2036.098630,38122
2036.099270,38123
2036.099425,38124
2036.099720,38125
2036.100183,38127
2036.100183,38128
2036.101250,38129
2036.101407,38130
2036.103190,38131
2036.103370,38132
2036.103590,38133
2036.103990,38134
2036.105007,38135
2036.105160,38137
2036.106080,38138
2036.108340,38139
2036.108340,38141
2036.108340,38142
2036.108340,38145
2036.109840,38146
2036.110685,38147
2036.111151,38148
2036.111380,38149
2036.112450,38150
2036.112880,38151
2036.114088,38152
2036.114120,38153
2036.114850,38154
2036.118340,38155
2036.118340,38157
2036.118340,38162
2036.118340,38171
2036.118340,38180
2036.118340,38182
2036.118580,38183
2036.119170,38185
2036.119961,38186
2036.122240,38187
2036.122290,38188
2036.122770,38189
2036.122900,38190
2036.123230,38191
2036.123240,38192
2036.123340,38193
2036.123435,38194
2036.123760,38195
2036.123800,38196
2036.125090,38197
2036.125300,38198
2036.125400,38199
2036.125600,38200
2036.125790,38201
2036.126279,38202
2036.127801,38203
2036.128340,38204
2036.128340,38207
2036.128520,38208
2036.129173,38209
2036.130430,38210
2036.131470,38212
2036.131977,38213
2036.132010,38214
2036.132590,38215
2036.132930,38216
2036.133050,38217
2036.133640,38218
2036.133920,38219
2036.134067,38220
2036.134270,38221
2036.134360,38222
2036.134510,38223
2036.134840,38224
2036.135420,38225
2036.135760,38226
2036.136390,38227
2036.136766,38228
2036.136800,38229
2036.138140,38230
2036.138340,38231
2036.138340,38233
2036.138340,38235
2036.138340,38238
2036.138340,38239
2036.138340,38241
2036.138685,38242
2036.139140,38243
2036.139450,38244
2036.141197,38245
2036.141310,38246
2036.141317,38248
2036.143340,38249
2036.144320,38250
2036.144685,38251
2036.147470,38252
2036.148340,38255
2036.148340,38258
2036.148340,38259
2036.148340,38261
2036.148340,38263
2036.150530,38264
2036.150740,38265
2036.151610,38266
2036.151673,38267
2036.152180,38268
2036.152900,38269
2036.153170,38270
2036.153340,38271
2036.153570,38272
2036.155170,38273
2036.155810,38274
2036.156250,38275
2036.157394,38276
2036.158340,38277
2036.158340,38279
2036.158340,38280
2036.158640,38281
2036.159140,38282
2036.159724,38283
2036.160750,38284
2036.163340,38285
2036.163340,38286
2036.166500,38287
2036.166760,38288
2036.167170,38289
2036.168080,38290
2036.168340,38295
2036.168340,38297
2036.168340,38303
2036.169210,38304
2036.170397,38305
2036.172030,38306
2036.172610,38307
2036.172720,38308
2036.172791,38309
2036.172820,38310
2036.173130,38311
2036.174990,38312
2036.175007,38313
2036.175582,38314
2036.175780,38315
2036.176740,38316
2036.177520,38317
2036.177950,38318
2036.178340,38320
2036.178340,38322
2036.178370,38323
2036.178580,38324
2036.179940,38325
2036.180040,38326
2036.180540,38327
2036.180790,38328
2036.180965,38329
2036.181160,38330
2036.182227,38331
2036.183182,38332
2036.183500,38333
2036.184950,38334
2036.185116,38335
2036.185320,38336
2036.185940,38337
2036.186930,38338
2036.188070,38339
2036.188340,38340
2036.188340,38342
2036.188340,38343
2036.188340,38344
2036.189007,38345
2036.190160,38346
2036.190290,38347
2036.191480,38348
2036.192380,38349
2036.193785,38350
2036.194965,38351
2036.195618,38352
2036.196840,38353
2036.197022,38354
2036.197040,38355
2036.198050,38356
2036.198340,38359
2036.198340,38360
2036.198340,38362
2036.198490,38363
2036.198705,38364
2036.199630,38365
2036.200760,38366
2036.201140,38367
2036.203340,38368
2036.203830,38369
2036.203975,38370
2036.205618,38371
2036.205680,38372
2036.205710,38373
2036.205880,38374
2036.206820,38375
2036.207090,38376
2036.207620,38377
2036.208108,38378
2036.208120,38379
2036.208340,38380
2036.208340,38382
2036.208340,38385
2036.208340,38387
2036.208465,38388
2036.208540,38389
2036.208840,38390
2036.209933,38391
2036.210035,38392
2036.210175,38393
2036.210340,38394
2036.211050,38395
2036.211540,38396
2036.212390,38397
2036.212550,38398
2036.214040,38399
2036.214200,38400
2036.214432,38402
2036.214540,38403
2036.215560,38404
2036.215900,38405
2036.215976,38406
2036.217140,38407
2036.218340,38409
2036.218340,38410
2036.218340,38419
2036.218340,38425
2036.218340,38426
2036.218340,38428
2036.218340,38430
2036.219040,38431
2036.219939,38432
2036.222310,38433
2036.223236,38434
2036.223510,38435
2036.224130,38436
2036.225170,38437
2036.226550,38438
2036.228059,38439
2036.228340,38440
2036.228340,38441
2036.228340,38444
2036.228545,38445
2036.230411,38446
2036.231673,38447
2036.231765,38448
2036.231839,38449
2036.232790,38450
2036.233090,38451
2036.234840,38452
2036.235095,38453
2036.236460,38454
2036.238340,38457
2036.238340,38458
2036.238340,38459
2036.238460,38460
2036.238700,38461
2036.240820,38462
2036.241340,38463
2036.241898,38464
2036.241930,38465
2036.243000,38466
2036.244240,38467
2036.244320,38468
2036.244340,38469
2036.244770,38470
2036.245280,38471
2036.246310,38472
2036.247364,38473
2036.247620,38474
2036.247855,38475
2036.248317,38476
2036.248340,38477
2036.248340,38480
2036.248340,38484
2036.248340,38485
2036.249650,38486
2036.250560,38487
2036.250950,38488
2036.252480,38489
2036.253020,38490
2036.253577,38491
2036.253730,38492
2036.254080,38493
2036.254380,38494
2036.255103,38495
2036.255680,38496
2036.256925,38497
2036.257416,38498
2036.257420,38499
2036.257518,38500
2036.258050,38501
2036.258340,38502
2036.258340,38504
2036.258340,38506
2036.258340,38508
2036.258340,38510
2036.258340,38511
2036.258990,38512
2036.261505,38513
2036.261690,38514
2036.265130,38515
2036.265640,38516
2036.266790,38517
2036.267500,38518
2036.267870,38519
2036.268340,38521
2036.268340,38524
2036.268340,38530
2036.268340,38532
2036.268340,38533
2036.268800,38534
2036.269200,38535
2036.269670,38536
2036.270505,38537
2036.270770,38538
2036.270853,38539
2036.271042,38540
2036.272650,38541
2036.273904,38542
2036.274270,38543
2036.274360,38544
2036.275340,38545
2036.275693,38546
2036.276160,38547
2036.277052,38548
2036.278340,38549
2036.278340,38555
2036.278440,38556
2036.278726,38557
2036.283340,38558
2036.283578,38559
2036.284080,38560
2036.284495,38561
2036.284860,38562
2036.284910,38563
2036.285890,38564
2036.286040,38565
2036.286430,38566
2036.288177,38568
2036.288340,38571
2036.288340,38573
2036.288340,38574
2036.288475,38575
2036.290010,38576
2036.290080,38577
2036.290605,38578
2036.293090,38579
2036.293140,38580
2036.293930,38581
2036.294088,38582
2036.294790,38583
2036.295015,38584
2036.296180,38585
2036.296637,38586
2036.296718,38587
2036.297165,38588
2036.297340,38589
2036.297695,38590
2036.297910,38591
2036.298340,38592
2036.298340,38599
2036.298860,38600
2036.299215,38601
2036.299880,38602
2036.299960,38603
2036.300590,38604
2036.301880,38605
2036.301950,38606
2036.302230,38607
2036.304630,38608
2036.305350,38609
2036.307120,38610
2036.308340,38611
2036.308340,38612
2036.308340,38617
2036.308340,38620
2036.309204,38621
2036.309300,38622
2036.309940,38623
2036.310390,38624
2036.311040,38625
2036.311735,38626
2036.311740,38627
2036.313340,38628
2036.313340,38629
2036.314983,38630
2036.316670,38631
2036.316770,38632
2036.316870,38633
2036.317490,38634
2036.318340,38635
2036.318340,38643
2036.318340,38646
2036.318340,38656
2036.318340,38660
2036.318340,38662
2036.319490,38663
2036.319590,38664
2036.320350,38665
2036.321730,38666
2036.322840,38667
2036.323770,38668
2036.324080,38669
2036.324440,38670
2036.325007,38671
2036.325101,38672
2036.325820,38673
2036.326350,38674
2036.326510,38675
2036.327090,38676
2036.327487,38677
2036.327552,38678
2036.328340,38682
2036.328340,38707
2036.328340,38711
2036.328340,38714
2036.328713,38715
2036.328770,38716
2036.329529,38717
2036.329890,38718
2036.330003,38720
2036.331380,38721
2036.331630,38722
2036.333450,38723
2036.334530,38724
2036.335059,38726
2036.335805,38727
2036.335880,38728
2036.336030,38729
2036.336670,38730
2036.337210,38731
2036.338340,38732
2036.338340,38734
2036.338340,38736
2036.338727,38737
2036.341180,38738
2036.341430,38739
2036.341730,38740
2036.341840,38741
2036.341880,38742
2036.342490,38743
2036.343960,38744
2036.344460,38745
2036.344770,38746
2036.346170,38748
2036.346670,38749
2036.347540,38750
2036.348340,38751
2036.348340,38753
2036.348340,38758
2036.348340,38759
2036.349600,38760
2036.350049,38761
2036.350655,38762
2036.351130,38763
2036.351150,38764
2036.351980,38765
2036.352030,38766
2036.352530,38767
2036.353340,38768
2036.353631,38770
2036.353750,38771
2036.354546,38773
2036.355045,38774
2036.355400,38775
2036.355674,38776
2036.355946,38777
2036.356485,38778
2036.357300,38779
2036.358177,38780
2036.358340,38782
2036.358340,38783
2036.358340,38784
2036.360755,38785
2036.362005,38786
2036.362179,38787
2036.362240,38788
2036.362560,38789
2036.362870,38790
2036.363121,38791
2036.365060,38792
2036.365640,38793
2036.366321,38794
2036.366817,38795
2036.367165,38796
2036.367190,38797
2036.367278,38798
2036.367840,38799
2036.368340,38800
2036.368340,38801
2036.368340,38803
2036.368720,38804
2036.369571,38805
2036.370184,38806
2036.370473,38807
2036.370489,38808
2036.371673,38809
2036.371855,38810
2036.372060,38811
2036.372240,38812
2036.373790,38813
2036.374054,38814
2036.375930,38815
2036.376030,38816
2036.376574,38817
2036.376880,38818
2036.377484,38819
2036.378340,38820
2036.378340,38821
2036.378340,38822
2036.379471,38823
2036.382260,38824
2036.382750,38825
2036.382790,38826
2036.384123,38827
2036.384872,38828
2036.385340,38829
2036.387310,38830
2036.387740,38831
2036.387970,38832
2036.388300,38833
2036.388340,38834
2036.388340,38838
2036.388340,38840
2036.388340,38841
2036.389220,38842
2036.389330,38843
2036.390480,38844
2036.390730,38845
2036.390770,38846
2036.391790,38847
2036.393310,38848
2036.395010,38849
2036.395760,38850
2036.396330,38851
2036.396390,38853
2036.396494,38854
2036.396840,38855
2036.397010,38856
2036.397070,38857
2036.397640,38858
2036.397666,38859
2036.397700,38860
2036.398340,38861
2036.398340,38862
2036.398340,38867
2036.398555,38868
2036.398740,38869
2036.400160,38870
2036.401650,38871
2036.402355,38872
2036.402940,38873
2036.403370,38874
2036.403390,38877
2036.406380,38878
2036.406860,38879
2036.406940,38880
2036.407569,38881
2036.407640,38882
2036.408340,38883
2036.408340,38886
2036.408340,38887
2036.409340,38888
2036.409670,38889
2036.409710,38890
2036.410597,38891
2036.411361,38892
2036.412012,38893
2036.412205,38894
2036.412980,38895
2036.413410,38896
2036.413672,38897
2036.413981,38898
2036.416130,38899
2036.416255,38900
2036.416690,38901
2036.418340,38902
2036.418340,38903
2036.418340,38908
2036.418340,38913
2036.418340,38921
2036.418340,38930
2036.418340,38932
2036.418340,38934
2036.418409,38935
2036.418764,38936
2036.419226,38937
2036.420455,38938
2036.420640,38939
2036.420705,38940
2036.421000,38941
2036.421008,38942
2036.421546,38943
2036.421802,38944
2036.421940,38945
2036.422380,38946
2036.422530,38947
2036.422750,38948
2036.422976,38949
2036.426670,38950
2036.427937,38951
2036.428340,38952
2036.428340,38955
2036.428340,38956
2036.428820,38957
2036.432090,38958
2036.432197,38959
2036.433720,38960
2036.434340,38961
2036.436090,38962
2036.436350,38963
2036.437040,38964
2036.438165,38965
2036.438340,38966
2036.438340,38968
2036.441159,38969
2036.441352,38970
2036.442050,38971
2036.442377,38972
2036.443656,38973
2036.444047,38974
2036.444348,38975
2036.444791,38976
2036.445180,38977
2036.445480,38978
2036.446025,38979
2036.446280,38980
2036.446660,38981
2036.447010,38982
2036.447948,38983
2036.448040,38984
2036.448340,38985
2036.448340,38986
2036.448340,38987
2036.448340,38992
2036.448481,38993
2036.448850,38994
2036.451190,38995
2036.451200,38996
2036.451490,38997
2036.451590,38998
2036.452430,38999
2036.452468,39000
2036.453340,39001
2036.453340,39002
2036.454021,39003
2036.456492,39004
2036.456936,39006
2036.457340,39007
2036.457773,39008
2036.458340,39010
2036.458760,39011
2036.459440,39012
2036.459790,39013
2036.460510,39014
2036.461010,39015
2036.462210,39016
2036.462795,39017
2036.463250,39018
2036.463940,39019
2036.464910,39020
2036.464960,39021
2036.465000,39022
2036.465107,39023
2036.466740,39024
2036.467480,39025
2036.468300,39026
2036.468340,39028
2036.468340,39029
2036.468340,39030
2036.468340,39032
2036.468340,39035
2036.468340,39037
2036.468954,39038
2036.472340,39039
2036.472591,39040
2036.472673,39041
2036.473175,39042
2036.473280,39043
2036.475430,39044
2036.475740,39045
2036.475950,39046
2036.476110,39047
2036.476190,39048
2036.476540,39049
2036.477789,39050
2036.478070,39051
2036.478340,39052
2036.478340,39055
2036.478340,39056
2036.478340,39057
2036.479675,39058
2036.480827,39059
2036.480850,39060
2036.481060,39061
2036.481245,39062
2036.483340,39063
2036.483640,39064
2036.484240,39065
2036.485715,39066
2036.486440,39067
2036.487290,39068
2036.487570,39069
2036.487670,39070
2036.488295,39071
2036.488340,39072
2036.488340,39073
2036.488430,39074
2036.488785,39075
2036.489015,39076
2036.489720,39077
2036.489840,39078
2036.489920,39079
2036.490440,39080
2036.491070,39081
2036.491110,39082
2036.491470,39083
2036.492549,39084
2036.493340,39085
2036.494000,39086
2036.494030,39087
2036.494040,39088
2036.494340,39089
2036.495440,39090
2036.495629,39091
2036.496810,39092
2036.497075,39093
2036.497340,39094
2036.498340,39095
2036.498340,39098
2036.498340,39099
2036.498340,39100
2036.498340,39101
2036.498710,39102
2036.498810,39103
2036.498876,39104
2036.499343,39105
2036.501750,39106
2036.503444,39107
2036.503970,39108
2036.504340,39109
2036.505838,39110
2036.506625,39111
2036.508340,39113
2036.508340,39114
2036.508340,39115
2036.508340,39116
2036.508340,39118
2036.509042,39119
2036.511190,39120
2036.511640,39121
2036.511840,39122
2036.511900,39123
2036.512220,39124
2036.512240,39126
2036.512773,39127
2036.512840,39128
2036.513542,39129
2036.514708,39130
2036.514840,39131
2036.515007,39132
2036.516340,39133
2036.516360,39134
2036.516700,39135
2036.517805,39136
2036.518340,39137
2036.518340,39140
2036.518340,39154
2036.518340,39164
2036.518340,39174
2036.518340,39175
2036.518340,39178
2036.518340,39179
2036.519230,39180
2036.519380,39181
2036.519620,39182
2036.522188,39183
2036.522400,39184
2036.523340,39185
2036.523697,39186
2036.524530,39187
2036.525240,39188
2036.525770,39189
2036.528340,39190
2036.528340,39191
2036.528340,39194
2036.528340,39196
2036.528340,39198
2036.528450,39199
2036.529110,39200
2036.529215,39201
2036.529382,39202
2036.529940,39203
2036.530567,39204
2036.531220,39205
2036.531230,39206
2036.531608,39207
2036.532220,39208
2036.533098,39209
2036.533530,39210
2036.534010,39211
2036.534152,39212
2036.534580,39213
2036.535290,39214
2036.535385,39215
2036.536590,39216
2036.536640,39217
2036.537130,39218
2036.538173,39219
2036.538600,39220
2036.539418,39221
2036.539880,39222
2036.541130,39223
2036.542680,39224
2036.543520,39225
2036.543990,39226
2036.545240,39227
2036.545419,39228
2036.546155,39229
2036.547309,39230
2036.547690,39231
2036.548190,39232
2036.548330,39233
2036.548340,39234
2036.548340,39235
2036.548340,39236
2036.548430,39237
2036.549330,39238
2036.551920,39239
2036.553230,39240
2036.553310,39241
2036.553340,39242
2036.553340,39243
2036.553425,39244
2036.553430,39245
2036.553820,39246
2036.554420,39247
2036.554740,39248
2036.554857,39249
2036.555510,39250
2036.555599,39251
2036.556415,39252
2036.557650,39253
2036.558170,39254
2036.558340,39255
2036.558340,39256
2036.558340,39257
2036.558340,39260
2036.559330,39261
2036.559687,39262
2036.559723,39263
2036.561855,39264
2036.562286,39265
2036.563760,39266
2036.564180,39267
2036.564700,39268
2036.566330,39269
2036.566420,39270
2036.567173,39271
2036.567667,39272
2036.568340,39276
2036.568340,39278
2036.569033,39279
2036.569370,39280
2036.570940,39281
2036.571150,39282
2036.571337,39283
2036.572440,39284
2036.574940,39285
2036.575870,39286
2036.577881,39287
2036.578207,39288
2036.578340,39290
2036.578340,39295
2036.579020,39296
2036.580044,39297
2036.581490,39299
2036.581525,39300
2036.582090,39301
2036.585007,39302
2036.585480,39303
2036.585610,39304
2036.585765,39305
2036.585800,39306
2036.586777,39307
2036.588340,39308
2036.588340,39309
2036.588340,39310
2036.589340,39312
2036.589785,39313
2036.590485,39314
2036.590840,39315
2036.590963,39316
2036.592140,39317
2036.592835,39318
2036.593754,39319
2036.594460,39320
2036.594870,39321
2036.595800,39322
2036.596400,39323
2036.596780,39324
2036.597390,39325
2036.598340,39326
2036.598340,39327
2036.598340,39330
2036.600915,39331
2036.601760,39332
2036.602267,39333
2036.603130,39334
2036.603340,39335
2036.603795,39336
2036.604430,39337
2036.604740,39338
2036.604900,39339
2036.604965,39340
2036.605020,39341
2036.605030,39342
2036.605175,39343
2036.605280,39344
2036.605860,39345
2036.606040,39346
2036.606174,39347
2036.607220,39348
2036.608068,39349
2036.608340,39350
2036.608340,39351
2036.608340,39354
2036.608340,39355
2036.608340,39356
2036.608850,39357
2036.611015,39358
2036.611110,39359
2036.611140,39360
2036.611333,39361
2036.612070,39362
2036.612645,39363
2036.615020,39364
2036.616950,39365
2036.617840,39366
2036.618000,39367
2036.618190,39368
2036.618340,39369
2036.618340,39372
2036.618340,39380
2036.618340,39387
2036.618340,39397
2036.618340,39399
2036.618340,39400
2036.618340,39402
2036.618345,39403
2036.618650,39404
2036.619130,39405
2036.619490,39406
2036.619881,39407
2036.620607,39408
2036.621040,39409
2036.621225,39410
2036.622460,39411
2036.623040,39412
2036.623340,39413
2036.623360,39414
2036.623740,39415
2036.624900,39416
2036.625010,39417
2036.625350,39418
2036.626810,39419
2036.627290,39420
2036.628060,39421
2036.628208,39422
2036.628340,39423
2036.628340,39424
2036.628975,39425
2036.631310,39426
2036.634042,39427
2036.634260,39428
2036.635310,39429
2036.636165,39430
2036.636845,39431
2036.637150,39432
2036.637550,39434
2036.638340,39435
2036.638340,39436
2036.638350,39437
2036.638710,39438
2036.640550,39439
2036.640670,39440
2036.641420,39441
2036.641696,39442
2036.641873,39443
2036.642130,39444
2036.643735,39445
2036.643770,39446
2036.644333,39447
2036.645270,39448
2036.646650,39449
2036.647805,39450
2036.647925,39451
2036.648340,39455
2036.648340,39456
2036.648340,39458
2036.648340,39459
2036.648960,39460
2036.650460,39461
2036.650990,39462
2036.651007,39463
2036.651120,39464
2036.651880,39465
2036.651920,39466
2036.652140,39467
2036.652820,39469
2036.653680,39470
2036.656500,39471
2036.658340,39472
2036.658340,39473
2036.658876,39474
2036.659165,39475
2036.659450,39476
2036.659550,39477
2036.659970,39478
2036.660840,39479
2036.661620,39480
2036.661700,39481
2036.663340,39483
2036.663340,39484
2036.664120,39485
2036.664168,39486
2036.664610,39487
2036.665007,39488
2036.665100,39489
2036.665440,39490
2036.668340,39491
2036.668340,39495
2036.668340,39497
2036.668340,39500
2036.671673,39501
2036.672040,39502
2036.672240,39503
2036.672920,39504
2036.673563,39505
2036.674200,39506
2036.675530,39507
2036.675570,39508
2036.675850,39509
2036.676240,39510
2036.677750,39511
2036.678340,39512
2036.678340,39513
2036.678340,39514
2036.678340,39515
2036.678460,39516
2036.679530,39517
2036.679588,39518
2036.680065,39519
2036.681130,39520
2036.681200,39521
2036.681225,39522
2036.682600,39523
2036.682750,39524
2036.686140,39525
2036.687575,39526
2036.688033,39527
2036.688290,39528
2036.688340,39529
2036.688340,39531
2036.688340,39534
2036.688340,39535
2036.688630,39536
2036.691620,39537
2036.694710,39538
2036.695450,39539
2036.695700,39540
2036.696340,39541
2036.696640,39542
2036.697270,39543
2036.698290,39544
2036.698340,39546
2036.698340,39547
2036.698340,39551
2036.698340,39552
2036.698410,39553
2036.699940,39554
2036.701750,39555
2036.701795,39556
2036.702270,39557
2036.703010,39558
2036.703340,39559
2036.704520,39560
2036.706340,39561
2036.706340,39562
2036.707030,39563
2036.707720,39564
2036.708340,39566
2036.708340,39568
2036.708340,39570
2036.710550,39571
2036.710940,39572
2036.711186,39573
2036.711530,39574
2036.712730,39575
2036.713220,39576
2036.714790,39577
2036.715590,39578
2036.715890,39579
2036.716103,39580
2036.716138,39581
2036.716162,39582
2036.716720,39583
2036.717080,39584
2036.718010,39585
2036.718280,39586
2036.718340,39587
2036.718340,39588
2036.718340,39595
2036.718340,39601
2036.718340,39611
2036.718340,39612
2036.718440,39613
2036.718640,39614
2036.718730,39615
2036.720170,39616
2036.720297,39617
2036.721020,39618
2036.721724,39619
2036.722220,39620
2036.722790,39621
2036.722940,39622
2036.723150,39623
2036.723410,39624
2036.723540,39625
2036.723878,39626
2036.725200,39627
2036.725570,39628
2036.725636,39629
2036.725840,39630
2036.726960,39631
2036.727433,39632
2036.727620,39633
2036.727680,39634
2036.728040,39635
2036.728263,39636
2036.728340,39638
2036.728340,39641
2036.728340,39644
2036.728340,39646
2036.728340,39647
2036.729620,39648
2036.730090,39649
2036.730092,39650
2036.730410,39651
2036.730830,39652
2036.731673,39653
2036.733340,39654
2036.733340,39655
2036.733530,39656
2036.733540,39657
2036.735070,39658
2036.735640,39659
2036.735810,39660
2036.735840,39661
2036.736340,39662
2036.738340,39664
2036.738340,39666
2036.738340,39667
2036.740510,39668
2036.741730,39669
2036.741790,39670
2036.742080,39671
2036.742220,39672
2036.742978,39673
2036.743590,39674
2036.744340,39675
2036.745200,39676
2036.746360,39677
2036.746911,39678
2036.747163,39679
2036.747590,39680
2036.748340,39681
2036.748340,39682
2036.748340,39684
2036.748340,39685
2036.750780,39686
2036.750840,39687
2036.751134,39688
2036.751500,39689
2036.751673,39690
2036.751940,39691
2036.752420,39692
2036.753340,39693
2036.753650,39694
2036.753760,39695
2036.754410,39696
2036.754525,39697
2036.754650,39698
2036.755935,39699
2036.756485,39700
2036.756805,39701
2036.757970,39702
2036.758158,39703
2036.758340,39704
2036.758340,39706
2036.758340,39708
2036.758400,39709
2036.759273,39710
2036.759473,39711
2036.760340,39712
2036.760720,39713
2036.761340,39714
2036.761750,39715
2036.761783,39716
2036.762183,39717
2036.762373,39718
2036.762960,39719
2036.763230,39720
2036.764080,39721
2036.764625,39722
2036.765731,39723
2036.766190,39724
2036.766910,39725
2036.767250,39726
2036.767740,39727
2036.768340,39729
2036.768340,39730
2036.768340,39731
2036.768535,39732
2036.768910,39733
2036.770156,39734
2036.770370,39735
2036.770567,39736
2036.771327,39737
2036.772230,39738
2036.772740,39739
2036.773270,39740
2036.773340,39741
2036.774673,39742
2036.776145,39743
2036.777287,39744
2036.778310,39745
2036.778340,39746
2036.778340,39747
2036.778340,39751
2036.778340,39752
2036.778340,39754
2036.778695,39755
2036.779171,39756
2036.779470,39757
2036.779627,39759
2036.779690,39760
2036.780240,39761
2036.780303,39763
2036.781570,39764
2036.781950,39765
2036.783340,39766
2036.783340,39767
2036.783880,39768
2036.783930,39769
2036.784410,39770
2036.784490,39771
2036.784525,39772
2036.784590,39773
2036.785007,39774
2036.786500,39775
2036.788340,39776
2036.788340,39777
2036.788340,39779
2036.788340,39782
2036.788340,39786
2036.788350,39787
2036.788390,39788
2036.790870,39789
2036.791530,39790
2036.792040,39791
2036.792890,39792
2036.794280,39793
2036.794340,39794
2036.794740,39795
2036.795540,39796
2036.796483,39797
2036.796890,39798
2036.798340,39799
2036.798340,39800
2036.798340,39801
2036.798340,39804
2036.798340,39805
2036.799065,39806
2036.801260,39807
2036.801305,39808
2036.801485,39809
2036.801510,39810
2036.801935,39811
2036.802480,39812
2036.803048,39813
2036.803250,39814
2036.803340,39815
2036.804610,39816
2036.805460,39817
2036.805840,39818
2036.806018,39819
2036.806125,39820
2036.807240,39821
2036.807887,39822
2036.807975,39823
2036.808340,39824
2036.808340,39825
2036.808340,39828
2036.808340,39829
2036.809370,39830
2036.809580,39831
2036.810380,39832
2036.813430,39833
2036.816130,39834
2036.816700,39835
2036.817360,39836
2036.818340,39837
2036.818340,39841
2036.818340,39848
2036.818340,39850
2036.818340,39856
2036.818340,39857
2036.818340,39859
2036.819370,39860
2036.819670,39861
2036.819820,39862
2036.820050,39863
2036.820103,39864
2036.820450,39865
2036.820550,39866
2036.821063,39867
2036.821855,39868
2036.821940,39869
2036.822650,39870
2036.823040,39871
2036.823040,39872
2036.823340,39873
2036.823750,39874
2036.823830,39875
2036.825310,39876
2036.825940,39877
2036.826650,39878
2036.827260,39879
2036.827800,39880
2036.828185,39881
2036.828340,39882
2036.828340,39884
2036.828340,39885
2036.828940,39886
2036.829781,39887
2036.830170,39888
2036.830260,39889
2036.831050,39890
2036.831270,39891
2036.831430,39892
2036.831673,39893
2036.833140,39894
2036.833570,39895
2036.834675,39896
2036.834780,39897
2036.834790,39898
2036.834916,39899
2036.835635,39900
2036.837050,39901
2036.837690,39902
2036.838050,39903
2036.838220,39904
2036.838340,39906
2036.838340,39909
2036.838340,39910
2036.838799,39911
2036.839240,39912
2036.839540,39913
2036.840340,39914
2036.840536,39915
2036.840780,39916
2036.841050,39917
2036.841160,39918
2036.842072,39919
2036.842470,39920
2036.843287,39921
2036.843930,39922
2036.843940,39923
2036.844555,39924
2036.845107,39925
2036.845673,39926
2036.846340,39928
2036.847973,39929
2036.848340,39931
2036.848340,39934
2036.848340,39935
2036.848340,39937
2036.848941,39938
2036.849000,39939
2036.850265,39940
2036.850360,39941
2036.851674,39942
2036.851940,39943
2036.853652,39944
2036.855576,39946
2036.855980,39947
2036.856060,39948
2036.857240,39949
2036.857470,39950
2036.858340,39951
2036.858340,39955
2036.858340,39956
2036.858340,39957
2036.859195,39958
2036.859484,39959
2036.859800,39960
2036.860240,39961
2036.863280,39962
2036.864253,39963
2036.865023,39964
2036.865400,39965
2036.865690,39966
2036.865920,39967
2036.867530,39968
2036.867870,39969
2036.868200,39970
2036.868228,39971
2036.868340,39974
2036.868340,39976
2036.868340,39981
2036.868340,39982
2036.868340,39983
2036.869340,39984
2036.869340,39985
2036.871740,39986
2036.872400,39987
2036.872409,39988
2036.872980,39989
2036.873650,39990
2036.875210,39991
2036.876060,39992
2036.877250,39993
2036.878340,39994
2036.878340,39995
2036.878340,39997
2036.878340,39998
2036.879731,39999
2036.880430,40000
2036.880680,40001
2036.883170,40002
2036.883340,40003
2036.883860,40004
2036.884320,40005
2036.885770,40006
2036.885880,40007
2036.886465,40008
2036.886942,40009
2036.888340,40010
2036.888340,40013
2036.888340,40015
2036.888758,40016
2036.889570,40017
2036.893120,40018
2036.893340,40019
2036.894440,40020
2036.894600,40021
2036.895020,40022
2036.896160,40023
2036.896360,40024
2036.896800,40025
2036.897100,40026
2036.897907,40027
2036.898340,40028
2036.898340,40030
2036.898340,40031
2036.898980,40032
2036.899860,40033
2036.900610,40034
2036.901451,40035
2036.904340,40036
2036.904480,40037
2036.904993,40038
2036.905587,40039
2036.905810,40040
2036.906340,40041
2036.906540,40042
2036.908010,40043
2036.908340,40045
2036.908340,40048
2036.908340,40050
2036.908590,40051
2036.908870,40052
2036.909540,40053
2036.910380,40055
2036.911390,40056
2036.911640,40057
2036.911930,40058
2036.912105,40059
2036.912785,40060
2036.912823,40061
2036.912920,40062
2036.913145,40063
2036.913340,40064
2036.913967,40065
2036.914280,40066
2036.914860,40067
2036.915843,40068
2036.916567,40069
2036.917140,40070
2036.917185,40071
2036.918240,40072
2036.918340,40074
2036.918340,40078
2036.918340,40086
2036.918340,40097
2036.918340,40103
2036.918340,40105
2036.918340,40108
2036.918390,40109
2036.919660,40110
2036.920140,40111
2036.920165,40112
2036.921085,40113
2036.921480,40114
2036.921940,40115
2036.923340,40116
2036.923640,40117
2036.923670,40118
2036.924090,40119
2036.925330,40120
2036.925445,40121
2036.925592,40122
2036.925725,40123
2036.926840,40124
2036.928340,40125
2036.928340,40126
2036.928340,40130
2036.928340,40132
2036.928340,40133
2036.928460,40134
2036.929090,40135
2036.930225,40136
2036.932200,40137
2036.932340,40138
2036.932413,40139
2036.933155,40140
2036.933240,40141
2036.934760,40142
2036.935240,40143
2036.935277,40144
2036.936651,40145
2036.936742,40146
2036.936930,40147
2036.937290,40148
2036.937540,40149
2036.938340,40151
2036.938340,40156
2036.938340,40157
2036.938340,40158
2036.939540,40159
2036.939610,40160
2036.939620,40161
2036.939790,40162
2036.940610,40163
2036.940620,40164
2036.940640,40165
2036.940740,40166
2036.940940,40167
2036.941930,40168
2036.941960,40169
2036.942680,40170
2036.942780,40171
2036.942978,40172
2036.945260,40173
2036.945350,40174
2036.945430,40175
2036.947650,40176
2036.947840,40177
2036.947850,40178
2036.948330,40179
2036.948340,40181
2036.948340,40182
2036.948340,40183
2036.948340,40185
2036.949180,40186
2036.949950,40187
2036.950860,40188
2036.951530,40189
2036.951673,40190
2036.951808,40191
2036.952340,40192
2036.952430,40193
2036.952512,40194
2036.952925,40195
2036.953340,40196
2036.954180,40197
2036.954920,40198
2036.955160,40199
2036.955190,40200
2036.955810,40201
2036.956485,40202
2036.957517,40203
2036.958340,40205
2036.958340,40207
2036.958340,40208
2036.958340,40211
2036.958340,40213
2036.959460,40214
2036.960130,40215
2036.960810,40216
2036.961510,40218
2036.961613,40219
2036.962083,40220
2036.962550,40221
2036.962660,40222
2036.964540,40223
2036.965743,40224
2036.967731,40225
2036.968340,40226
2036.968340,40229
2036.968340,40230
2036.968513,40231
2036.969030,40232
2036.971840,40233
2036.971980,40234
2036.972215,40235
2036.972320,40236
2036.973604,40237
2036.974350,40238
2036.974810,40239
2036.974890,40240
2036.975800,40241
2036.976260,40242
2036.977010,40243
2036.977600,40244
2036.977700,40245
2036.978340,40249
2036.978340,40251
2036.978340,40252
2036.978340,40253
2036.979570,40254
2036.980340,40255
2036.981020,40256
2036.981130,40257
2036.981430,40258
2036.981763,40259
2036.982180,40260
2036.983020,40261
2036.983032,40262
2036.983236,40263
2036.983261,40264
2036.983340,40265
2036.984270,40266
2036.985350,40267
2036.985590,40268
2036.985840,40269
2036.985880,40270
2036.985920,40271
2036.985980,40272
2036.986938,40273
2036.987035,40274
2036.987330,40275
2036.988340,40276
2036.988340,40278
2036.988340,40279
2036.988340,40283
2036.989945,40284
2036.990200,40285
2036.990797,40286
2036.991631,40287
2036.993246,40288
2036.993375,40289
2036.993915,40290
2036.997150,40291
2036.997317,40292
2036.997596,40293
2036.998185,40294
2036.998340,40296
2036.998340,40301
2036.998340,40302
2037.000900,40303
2037.001049,40304
2037.001200,40305
2037.001620,40306
2037.001995,40307
2037.002090,40308
2037.002950,40309
2037.003098,40310
2037.003840,40311
2037.005015,40312
2037.005310,40313
2037.006107,40314
2037.006180,40315
2037.008340,40318
2037.008340,40320
2037.008340,40322
2037.008340,40324
2037.009040,40325
2037.009440,40326
2037.010195,40327
2037.011550,40328
2037.011640,40329
2037.011657,40330
2037.011680,40331
2037.012040,40332
2037.013190,40333
2037.014320,40334
2037.014360,40335
2037.015840,40336
2037.016740,40337
2037.016832,40338
2037.017610,40339
2037.018170,40340
2037.018340,40344
2037.018340,40355
2037.018340,40369
2037.018340,40390
2037.018340,40397
2037.018340,40417
2037.018340,40424
2037.018340,40426
2037.018360,40427
2037.019570,40428
2037.020920,40429
2037.021120,40430
2037.021320,40431
2037.022270,40432
2037.022440,40433
2037.023065,40434
2037.023140,40435
2037.023940,40436
2037.024400,40437
2037.025640,40438
2037.026187,40439
2037.027030,40440
2037.028040,40441
2037.028340,40442
2037.028340,40443
2037.028340,40444
2037.028340,40445
2037.028870,40446
2037.030540,40447
2037.031019,40448
2037.031910,40449
2037.032700,40450
2037.032730,40452
2037.033110,40453
2037.034590,40454
2037.035560,40455
2037.036960,40456
2037.037105,40457
2037.038340,40459
2037.038340,40460
2037.038340,40461
2037.039890,40462
2037.040025,40463
2037.040960,40464
2037.042267,40465
2037.042880,40466
2037.043340,40467
2037.043780,40468
2037.043980,40469
2037.044110,40470
2037.045007,40471
2037.045110,40472
2037.045250,40473
2037.045615,40474
2037.046350,40475
2037.046440,40476
2037.047145,40477
2037.047760,40478
2037.048010,40479
2037.048044,40480
2037.048340,40481
2037.048340,40483
2037.048340,40484
2037.048340,40485
2037.050130,40486
2037.050675,40487
2037.050730,40488
2037.052915,40490
2037.052922,40491
2037.053090,40492
2037.055385,40493
2037.056105,40494
2037.056345,40495
2037.056382,40496
2037.057390,40497
2037.057650,40498
2037.058300,40499
2037.058340,40500
2037.058340,40505
2037.058340,40507
2037.058340,40509
2037.058710,40510
2037.058996,40511
2037.059560,40512
2037.060260,40513
2037.060328,40514
2037.061200,40515
2037.061360,40516
2037.061710,40517
2037.062185,40518
2037.062460,40519
2037.062745,40520
2037.063630,40521
2037.065810,40522
2037.065920,40523
2037.066792,40524
2037.067150,40525
2037.067157,40526
2037.068000,40527
2037.068340,40530
2037.068340,40532
2037.068340,40533
2037.068648,40534
2037.068920,40535
2037.069111,40536
2037.069860,40537
2037.070335,40538
2037.070870,40539
2037.070967,40540
2037.071950,40541
2037.072180,40542
2037.072600,40543
2037.073340,40544
2037.073340,40545
2037.073411,40546
2037.076330,40547
2037.076660,40548
2037.078150,40549
2037.078340,40550
2037.078340,40551
2037.078340,40552
2037.078340,40553
2037.078780,40554
2037.079190,40555
2037.079640,40556
2037.082495,40557
2037.082530,40558
2037.082825,40559
2037.083260,40560
2037.083490,40561
2037.084020,40562
2037.084450,40563
2037.084913,40564
2037.085270,40565
2037.085890,40566
2037.085941,40567
2037.086220,40568
2037.088340,40569
2037.088340,40570
2037.088340,40571
2037.088340,40572
2037.089080,40573
2037.089660,40574
2037.090390,40575
2037.090480,40576
2037.090657,40577
2037.090825,40578
2037.090840,40579
2037.093090,40580
2037.093297,40581
2037.093340,40582
2037.093765,40583
2037.093810,40584
2037.094240,40585
2037.094258,40586
2037.094390,40587
2037.097560,40588
2037.097966,40589
2037.098100,40590
2037.100289,40591
2037.100340,40592
2037.100940,40593
2037.101650,40594
2037.103709,40595
2037.103900,40596
2037.105140,40597
2037.105490,40598
2037.106217,40599
2037.106800,40600
2037.108240,40601
2037.108340,40605
2037.108340,40606
2037.108340,40608
2037.110860,40609
2037.111230,40610
2037.111240,40611
2037.111504,40613
2037.111550,40614
2037.111940,40615
2037.112600,40616
2037.113040,40617
2037.113420,40618
2037.113880,40619
2037.114780,40620
2037.115310,40621
2037.115460,40622
2037.115670,40623
2037.115817,40624
2037.116257,40625
2037.116720,40626
2037.116781,40627
2037.118110,40628
2037.118340,40630
2037.118340,40631
2037.118340,40635
2037.118340,40643
2037.118340,40647
2037.118340,40653
2037.118340,40657
2037.119140,40658
2037.119340,40659
2037.120420,40660
2037.122160,40661
2037.123380,40662
2037.123750,40663
2037.124250,40664
2037.124701,40665
2037.125490,40666
2037.126150,40667
2037.126290,40668
2037.126360,40669
2037.126460,40670
2037.126875,40671
2037.127000,40672
2037.127200,40673
2037.127423,40674
2037.128340,40675
2037.128340,40676
2037.128340,40678
2037.128340,40680
2037.129170,40681
2037.130780,40682
2037.130860,40683
2037.131673,40684
2037.132660,40685
2037.133000,40686
2037.133023,40687
2037.135070,40688
2037.135480,40689
2037.135485,40690
2037.135673,40691
2037.136100,40692
2037.138340,40693
2037.138340,40695
2037.138340,40696
2037.140005,40697
2037.141620,40698
2037.141740,40699
2037.141780,40700
2037.143160,40701
2037.143340,40703
2037.143473,40704
2037.144080,40705
2037.144576,40706
2037.144743,40707
2037.144785,40708
2037.146480,40709
2037.147180,40710
2037.147240,40711
2037.147360,40713
2037.148274,40714
2037.148340,40716
2037.148340,40718
2037.148340,40719
2037.148598,40720
2037.148765,40721
2037.148830,40722
2037.149240,40724
2037.149367,40725
2037.149380,40726
2037.149440,40727
2037.150040,40728
2037.152450,40729
2037.152930,40730
2037.154041,40731
2037.154440,40732
2037.154960,40733
2037.155097,40734
2037.155160,40735
2037.155340,40736
2037.156790,40737
2037.156802,40738
2037.158165,40739
2037.158340,40740
2037.158340,40744
2037.158340,40747
2037.158340,40749
2037.158730,40751
2037.159190,40752
2037.160790,40753
2037.160980,40754
2037.161115,40755
2037.162160,40756
2037.162900,40757
2037.163622,40758
2037.164360,40759
2037.165940,40760
2037.166240,40761
2037.166510,40762
2037.166940,40763
2037.167253,40764
2037.167330,40765
2037.167436,40766
2037.167717,40767
2037.167760,40768
2037.168340,40769
2037.168340,40771
2037.168340,40772
2037.168340,40773
2037.168340,40776
2037.169240,40777
2037.169520,40778
2037.169570,40779
2037.170240,40780
2037.170556,40781
2037.170690,40782
2037.171990,40783
2037.172000,40784
2037.172280,40785
2037.173034,40786
2037.173890,40787
2037.174530,40788
2037.175040,40789
2037.175440,40790
2037.177790,40791
2037.178340,40793
2037.178340,40795
2037.179185,40796
2037.180520,40797
2037.181465,40798
2037.182539,40799
2037.182950,40800
2037.183150,40801
2037.183430,40802
2037.183615,40803
2037.184625,40804
2037.185007,40805
2037.186040,40806
2037.186330,40807
2037.186676,40808
2037.188340,40809
2037.188340,40812
2037.188340,40813
2037.189040,40814
2037.189165,40815
2037.190230,40816
2037.191640,40817
2037.191773,40818
2037.191780,40819
2037.192290,40820
2037.192690,40821
2037.192868,40822
2037.195840,40823
2037.196210,40824
2037.196390,40825
2037.196394,40826
2037.197430,40827
2037.197530,40828
2037.198340,40829
2037.198340,40830
2037.198340,40832
2037.198740,40833
2037.199120,40834
2037.199340,40835
2037.199890,40836
2037.201170,40837
2037.201770,40838
2037.201980,40839
2037.202420,40840
2037.202730,40841
2037.202740,40842
2037.207274,40843
2037.208190,40844
2037.208280,40845
2037.208340,40846
2037.208340,40848
2037.208340,40850
2037.208340,40851
2037.208340,40852
2037.208360,40853
2037.208860,40854
2037.211210,40855
2037.211240,40856
2037.211395,40857
2037.211610,40858
2037.213340,40859
2037.213670,40860
2037.214520,40861
2037.214570,40862
2037.215878,40863
2037.217120,40864
2037.217695,40865
2037.218015,40866
2037.218340,40868
2037.218340,40873
2037.218340,40876
2037.218340,40883
2037.218340,40892
2037.218340,40894
2037.218340,40896
2037.219965,40897
2037.220037,40898
2037.220340,40899
2037.221950,40900
2037.222105,40901
2037.223250,40902
2037.223621,40903
2037.223800,40904
2037.224240,40905
2037.225780,40906
2037.225960,40907
2037.226240,40908
2037.226740,40909
2037.226880,40910
2037.227540,40911
2037.227580,40912
2037.228340,40913
2037.228340,40915
2037.229762,40916
2037.230750,40917
2037.230840,40918
2037.231663,40919
2037.231820,40920
2037.232240,40921
2037.233160,40922
2037.234590,40923
2037.236750,40924
2037.236795,40925
2037.236970,40926
2037.237457,40927
2037.237641,40928
2037.238340,40930
2037.238340,40931
2037.238340,40932
2037.238340,40935
2037.238340,40936
2037.239140,40937
2037.239750,40938
2037.240010,40939
2037.240220,40940
2037.240490,40941
2037.244010,40942
2037.244740,40943
2037.245040,40944
2037.245639,40945
2037.245983,40946
2037.246110,40947
2037.246380,40948
2037.247990,40949
2037.248100,40950
2037.248340,40952
2037.248340,40953
2037.248340,40954
2037.249340,40955
2037.250762,40956
2037.251310,40957
2037.251341,40958
2037.251532,40959
2037.251579,40960
2037.251673,40961
2037.253260,40962
2037.253340,40963
2037.256490,40964
2037.256510,40965
2037.256740,40966
2037.256760,40967
2037.258340,40968
2037.258340,40971
2037.258340,40973
2037.258340,40977
2037.258340,40978
2037.258340,40979
2037.259858,40980
2037.260007,40981
2037.260755,40982
2037.260860,40983
2037.260990,40984
2037.261360,40985
2037.261995,40986
2037.262106,40987
2037.262362,40988
2037.262823,40989
2037.263210,40990
2037.263340,40991
2037.263973,40992
2037.264280,40993
2037.264744,40994
2037.264790,40995
2037.265440,40996
2037.265740,40997
2037.266794,40998
2037.267910,40999
2037.268340,41002
2037.268340,41006
2037.268340,41007
2037.268424,41008
2037.269740,41009
2037.271240,41010
2037.271940,41011
2037.272740,41012
2037.272970,41013
2037.273270,41014
2037.273933,41015
2037.274496,41016
2037.276040,41017
2037.276524,41018
2037.277230,41019
2037.277470,41020
2037.277697,41021
2037.278340,41022
2037.278340,41023
2037.278340,41024
2037.278625,41025
2037.279973,41026
2037.280780,41027
2037.281042,41028
2037.281378,41029
2037.281550,41030
2037.283100,41031
2037.283140,41032
2037.283150,41033
2037.283870,41034
2037.283890,41035
2037.283910,41036
2037.284520,41037
2037.284610,41038
2037.285270,41039
2037.285980,41040
2037.286120,41041
2037.286933,41042
2037.287660,41043
2037.288340,41044
2037.288340,41046
2037.288340,41047
2037.288470,41048
2037.289460,41049
2037.291340,41050
2037.292050,41051
2037.293105,41052
2037.293510,41053
2037.293760,41054
2037.294360,41055
2037.294707,41056
2037.295080,41057
2037.295146,41058
2037.295915,41059
2037.296364,41060
2037.297040,41061
2037.298130,41062
2037.298340,41064
2037.298340,41065
2037.298340,41069
2037.298340,41070
2037.298662,41071
2037.299900,41072
2037.300135,41073
2037.300590,41074
2037.302050,41075
2037.302340,41076
2037.302409,41077
2037.302840,41078
2037.302890,41079
2037.302940,41080
2037.303040,41081
2037.303340,41082
2037.304620,41083
2037.305140,41084
2037.305340,41090
2037.307040,41091
2037.307713,41092
2037.308340,41094
2037.308340,41096
2037.308340,41097
2037.308340,41098
2037.308340,41099
2037.308870,41100
2037.309710,41101
2037.309940,41102
2037.310490,41103
2037.310893,41104
2037.310940,41105
2037.311460,41106
2037.311510,41107
2037.312045,41108
2037.313069,41109
2037.313340,41110
2037.313810,41111
2037.314270,41112
2037.314860,41113
2037.316240,41114
2037.318340,41115
2037.318340,41116
2037.318340,41122
2037.318340,41129
2037.318340,41133
2037.318340,41139
2037.320940,41140
2037.321025,41141
2037.323071,41142
2037.323685,41143
2037.323957,41144
2037.324280,41145
2037.324385,41146
2037.325030,41147
2037.325320,41148
2037.326440,41149
2037.326960,41150
2037.328220,41151
2037.328340,41152
2037.328340,41153
2037.328340,41157
2037.328340,41158
2037.328540,41159
2037.328820,41160
2037.329840,41161
2037.330670,41162
2037.330950,41163
2037.331360,41164
2037.331580,41165
2037.331969,41166
2037.332335,41167
2037.332740,41168
2037.333340,41169
2037.333363,41170
2037.333870,41171
2037.335650,41172
2037.335810,41173
2037.336240,41174
2037.336600,41175
2037.338340,41176
2037.338340,41181
2037.338340,41184
2037.338340,41185
2037.338710,41186
2037.338890,41187
2037.339034,41188
2037.339062,41189
2037.339380,41190
2037.339760,41191
2037.339873,41192
2037.339968,41193
2037.340627,41194
2037.340670,41195
2037.340943,41196
2037.341045,41197
2037.341127,41198
2037.341800,41199
2037.341970,41200
2037.343312,41201
2037.344436,41203
2037.344640,41204
2037.344857,41205
2037.345540,41206
2037.346270,41207
2037.347399,41208
2037.347890,41209
2037.348198,41210
2037.348340,41213
2037.348340,41214
2037.348340,41217
2037.348340,41218
2037.349046,41219
2037.349189,41220
2037.349310,41221
2037.349901,41222
2037.351720,41223
2037.352015,41224
2037.352290,41225
2037.352870,41226
2037.353040,41227
2037.353340,41228
2037.353790,41229
2037.354280,41230
2037.355200,41231
2037.355710,41232
2037.356040,41233
2037.356230,41234
2037.357773,41235
2037.358340,41238
2037.358340,41241
2037.359459,41242
2037.359550,41243
2037.359741,41244
2037.359870,41245
2037.360080,41246
2037.360660,41247
2037.360708,41248
2037.360820,41249
2037.361410,41250
2037.361640,41251
2037.362189,41252
2037.362500,41253
2037.364630,41254
2037.365500,41255
2037.365840,41256
2037.366567,41257
2037.366740,41258
2037.367040,41259
2037.367610,41260
2037.367639,41261
2037.368170,41262
2037.368340,41263
2037.368340,41264
2037.368340,41265
2037.368340,41266
2037.368340,41270
2037.368340,41272
2037.368340,41273
2037.368639,41274
2037.369331,41275
2037.369621,41276
2037.372435,41277
2037.372455,41278
2037.372720,41279
2037.373630,41280
2037.374780,41281
2037.374992,41282
2037.375040,41283
2037.375160,41284
2037.375340,41285
2037.375880,41286
2037.376373,41287
2037.376580,41288
2037.377080,41289
2037.377260,41290
2037.377600,41291
2037.378185,41292
2037.378340,41296
2037.378340,41297
2037.378340,41298
2037.378427,41299
2037.379410,41300
2037.380120,41301
2037.381010,41302
2037.381140,41303
2037.381648,41304
2037.382950,41305
2037.384172,41306
2037.385380,41307
2037.385950,41308
2037.386420,41309
2037.388040,41310
2037.388340,41314
2037.388340,41317
2037.390010,41318
2037.390050,41319
2037.391190,41320
2037.391470,41321
2037.391840,41322
2037.392937,41323
2037.393020,41324
2037.393340,41325
2037.393910,41326
2037.394074,41327
2037.394830,41328
2037.394960,41329
2037.395071,41330
2037.395880,41331
2037.396070,41332
2037.397230,41333
2037.397920,41334
2037.398290,41335
2037.398340,41336
2037.398340,41337
2037.398340,41339
2037.398490,41340
2037.398840,41341
2037.398940,41342
2037.399810,41343
2037.399950,41344
2037.400560,41345
2037.400700,41346
2037.401530,41347
2037.403770,41348
2037.404878,41349
2037.405790,41350
2037.406420,41351
2037.406446,41353
2037.406977,41354
2037.408160,41355
2037.408340,41356
2037.408340,41357
2037.408340,41361
2037.408340,41362
2037.408515,41363
2037.408540,41364
2037.408640,41365
2037.409270,41366
2037.409860,41367
2037.410053,41368
2037.410421,41369
2037.410677,41370
2037.410770,41371
2037.410970,41372
2037.411540,41373
2037.412560,41374
2037.413430,41375
2037.413503,41376
2037.414792,41377
2037.415420,41378
2037.416770,41379
2037.417990,41380
2037.418250,41381
2037.418340,41382
2037.418340,41389
2037.418340,41397
2037.418340,41406
2037.418340,41414
2037.418340,41415
2037.419000,41416
2037.419685,41417
2037.419846,41418
2037.421305,41419
2037.421380,41420
2037.421673,41421
2037.422100,41422
2037.422330,41423
2037.423793,41424
2037.424080,41425
2037.424345,41426
2037.424440,41427
2037.424517,41428
2037.426325,41429
2037.426435,41430
2037.426649,41431
2037.426840,41432
2037.426970,41433
2037.427440,41434
2037.428340,41439
2037.428340,41440
2037.428340,41442
2037.429205,41443
2037.429340,41444
2037.429700,41445
2037.430970,41446
2037.431150,41447
2037.431236,41448
2037.431390,41449
2037.432220,41450
2037.432540,41451
2037.433390,41452
2037.433410,41453
2037.433930,41454
2037.435610,41455
2037.436340,41456
2037.436525,41457
2037.437499,41458
2037.437790,41459
2037.438310,41460
2037.438340,41462
2037.438340,41465
2037.438340,41466
2037.438340,41467
2037.438340,41468
2037.438740,41469
2037.438940,41470
2037.439090,41471
2037.439453,41472
2037.440310,41473
2037.440414,41474
2037.441360,41475
2037.441500,41476
2037.442250,41477
2037.443340,41478
2037.443411,41479
2037.443520,41480
2037.444290,41481
2037.445080,41482
2037.446030,41483
2037.446980,41484
2037.447383,41485
2037.447462,41486
2037.448340,41488
2037.448340,41489
2037.449140,41490
2037.449370,41491
2037.449610,41492
2037.450790,41493
2037.451843,41494
2037.452080,41495
2037.452560,41496
2037.452772,41497
2037.453190,41498
2037.453340,41500
2037.453340,41501
2037.454070,41502
2037.454440,41503
2037.454840,41504
2037.455125,41505
2037.455720,41506
2037.456100,41507
2037.456590,41508
2037.458340,41509
2037.458340,41510
2037.458340,41512
2037.458340,41514
2037.458340,41516
2037.458340,41518
2037.458390,41519
2037.459360,41520
2037.460018,41521
2037.461830,41522
2037.462390,41523
2037.463340,41524
2037.463570,41525
2037.466059,41526
2037.466440,41527
2037.467230,41528
2037.467429,41529
2037.468340,41532
2037.468340,41533
2037.468340,41534
2037.468340,41535
2037.468340,41538
2037.468340,41540
2037.468340,41541
2037.468680,41542
2037.469180,41543
2037.469487,41545
2037.472460,41546
2037.473098,41547
2037.473714,41548
2037.474338,41550
2037.474560,41551
2037.474599,41552
2037.475170,41553
2037.475240,41554
2037.475340,41555
2037.475800,41556
2037.475957,41557
2037.476150,41558
2037.476440,41559
2037.476790,41560
2037.477550,41561
2037.477993,41562
2037.478200,41563
2037.478340,41565
2037.478340,41567
2037.478700,41568
2037.479480,41569
2037.479523,41570
2037.479675,41571
2037.480440,41572
2037.480840,41573
2037.481320,41574
2037.482570,41575
2037.482740,41576
2037.483000,41577
2037.483340,41578
2037.484940,41579
2037.486150,41580
2037.486340,41581
2037.486525,41582
2037.487490,41583
2037.487795,41584
2037.488340,41585
2037.488340,41586
2037.488340,41587
2037.488340,41590
2037.489263,41591
2037.489750,41592
2037.492320,41593
2037.492490,41594
2037.493340,41595
2037.493678,41596
2037.493690,41597
2037.494740,41598
2037.494891,41599
2037.495065,41600
2037.495195,41601
2037.495826,41602
2037.495840,41603
2037.496102,41604
2037.496340,41605
2037.498340,41606
2037.498340,41607
2037.498390,41608
2037.498713,41609
2037.499135,41610
2037.499589,41611
2037.500840,41612
2037.501790,41613
2037.501830,41615
2037.502885,41616
2037.503243,41617
2037.503340,41619
2037.503882,41620
2037.504380,41621
2037.504420,41622
2037.505297,41623
2037.506490,41624
2037.507490,41625
2037.508180,41626
2037.508240,41627
2037.508340,41628
2037.508340,41631
2037.508340,41635
2037.509470,41636
2037.509650,41637
2037.510300,41638
2037.511531,41639
2037.511620,41640
2037.511660,41641
2037.511752,41642
2037.512684,41643
2037.513540,41644
2037.513965,41645
2037.514720,41646
2037.515301,41647
2037.515679,41648
2037.515770,41649
2037.518340,41651
2037.518340,41659
2037.518340,41669
2037.518340,41679
2037.518340,41687
2037.518340,41691
2037.518340,41693
2037.519550,41694
2037.519960,41695
2037.521100,41696
2037.521180,41697
2037.521376,41699
2037.522030,41700
2037.522202,41701
2037.522325,41702
2037.522350,41703
2037.523030,41704
2037.523340,41705
2037.525053,41706
2037.526345,41707
2037.527941,41708
2037.528340,41709
2037.528340,41711
2037.528340,41713
2037.531090,41714
2037.531940,41715
2037.533386,41716
2037.534140,41717
2037.534387,41718
2037.534770,41719
2037.534907,41720
2037.535070,41721
2037.535130,41723
2037.535540,41724
2037.536140,41725
2037.536420,41726
2037.536730,41727
2037.537110,41728
2037.537420,41729
2037.538340,41730
2037.538340,41733
2037.538340,41735
2037.538340,41738
2037.538340,41740
2037.538530,41741
2037.538801,41742
2037.540657,41743
2037.540840,41744
2037.541341,41745
2037.542610,41746
2037.542730,41747
2037.543340,41748
2037.543340,41749
2037.543823,41750
2037.544340,41751
2037.544665,41752
2037.545010,41753
2037.545080,41754
2037.545273,41755
2037.546200,41756
2037.546355,41757
2037.546400,41758
2037.548340,41761
2037.548340,41762
2037.548340,41763
2037.548340,41764
2037.548340,41765
2037.548340,41766
2037.548552,41767
2037.549200,41768
2037.549960,41769
2037.551880,41770
2037.553005,41771
2037.553135,41772
2037.553319,41773
2037.553440,41774
2037.553680,41775
2037.553790,41776
2037.553990,41777
2037.555520,41778
2037.556590,41779
2037.556792,41780
2037.558200,41781
2037.558340,41782
2037.558340,41783
2037.558340,41785
2037.558340,41786
2037.558620,41787
2037.558970,41788
2037.559058,41789
2037.559272,41790
2037.559385,41791
2037.559620,41792
2037.560060,41793
2037.560540,41794
2037.560580,41795
2037.562000,41796
2037.562925,41797
2037.563208,41798
2037.564593,41799
2037.566160,41800
2037.566350,41801
2037.566400,41802
2037.566830,41803
2037.567862,41804
2037.568340,41805
2037.568340,41806
2037.568340,41807
2037.568340,41809
2037.568340,41812
2037.568359,41813
2037.570381,41814
2037.571070,41815
2037.571670,41816
2037.571990,41817
2037.574050,41818
2037.574498,41819
2037.574785,41820
2037.575331,41821
2037.575670,41822
2037.578340,41824
2037.578340,41825
2037.578340,41827
2037.578397,41828
2037.579140,41829
2037.580470,41830
2037.580950,41831
2037.582190,41832
2037.582398,41833
2037.583340,41834
2037.584160,41835
2037.585050,41836
2037.586970,41837
2037.587990,41838
2037.588340,41839
2037.588340,41842
2037.588340,41843
2037.588490,41844
2037.588773,41845
2037.588884,41846
2037.591950,41847
2037.593340,41848
2037.594940,41849
2037.595953,41850
2037.596690,41851
2037.598340,41856
2037.598340,41861
2037.600430,41862
2037.601100,41863
2037.601120,41864
2037.601340,41865
2037.601540,41866
2037.601800,41867
2037.602250,41868
2037.605150,41869
2037.605200,41870
2037.606248,41871
2037.606478,41872
2037.606600,41873
2037.606845,41874
2037.606900,41875
2037.607065,41876
2037.608340,41877
2037.608340,41878
2037.608340,41879
2037.608550,41880
2037.608760,41881
2037.608805,41882
2037.609314,41883
2037.609560,41884
2037.610370,41885
2037.611673,41886
2037.612100,41887
2037.612130,41888
2037.612340,41889
2037.612430,41890
2037.612700,41891
2037.612705,41892
2037.613040,41893
2037.613140,41894
2037.613835,41895
2037.615870,41896
2037.616280,41897
2037.616875,41898
2037.618340,41903
2037.618340,41910
2037.618340,41916
2037.618340,41924
2037.618340,41926
2037.619380,41927
2037.621435,41928
2037.621510,41929
2037.622175,41930
2037.624436,41931
2037.625860,41932
2037.626780,41933
2037.627030,41934
2037.627140,41935
2037.628140,41936
2037.628320,41937
2037.628340,41938
2037.628340,41942
2037.628357,41943
2037.628490,41944
2037.628990,41945
2037.629200,41946
2037.630130,41947
2037.630984,41948
2037.631222,41949
2037.632269,41950
2037.633350,41951
2037.634130,41952
2037.634300,41953
2037.636257,41954
2037.637240,41955
2037.637790,41956
2037.637860,41957
2037.638340,41958
2037.638340,41960
2037.638340,41962
2037.638340,41964
2037.638340,41965
2037.638340,41966
2037.639085,41967
2037.639987,41968
2037.640200,41969
2037.640320,41970
2037.641640,41971
2037.642950,41972
2037.643340,41973
2037.643680,41974
2037.643940,41975
2037.644110,41976
2037.644620,41977
2037.646067,41978
2037.646080,41980
2037.646840,41981
2037.646880,41982
2037.647127,41983
2037.647160,41984
2037.647243,41985
2037.648232,41986
2037.648340,41989
2037.648340,41994
2037.648340,41996
2037.648340,41998
2037.648340,42000
2037.648770,42001
2037.650279,42002
2037.651530,42003
2037.652340,42004
2037.652340,42005
2037.652680,42006
2037.653540,42007
2037.653935,42008
2037.654500,42009
2037.655220,42010
2037.656200,42011
2037.656720,42012
2037.658085,42013
2037.658093,42014
2037.658340,42022
2037.658620,42023
2037.659161,42024
2037.660860,42025
2037.663864,42026
2037.663940,42027
2037.664552,42028
2037.664690,42029
2037.664700,42030
2037.664860,42031
2037.665160,42032
2037.665755,42033
2037.666590,42034
2037.667110,42035
2037.667740,42036
2037.668340,42040
2037.668340,42044
2037.668340,42050
2037.668340,42052
2037.668340,42054
2037.670410,42055
2037.671871,42056
2037.671966,42057
2037.673435,42058
2037.674220,42059
2037.675007,42060
2037.675530,42061
2037.675683,42062
2037.676360,42063
2037.676462,42064
2037.676850,42065
2037.677225,42066
2037.678340,42069
2037.678340,42071
2037.678340,42072
2037.679340,42073
2037.680730,42074
2037.681440,42075
2037.681605,42076
2037.681900,42077
2037.683110,42078
2037.683170,42079
2037.683340,42080
2037.683430,42081
2037.683710,42082
2037.683850,42083
2037.685500,42084
2037.685740,42085
2037.686140,42086
2037.686160,42087
2037.686393,42088
2037.686790,42089
2037.686997,42090
2037.688120,42091
2037.688340,42092
2037.688340,42093
2037.688340,42094
2037.688340,42098
2037.689010,42099
2037.689160,42100
2037.689162,42101
2037.689320,42102
2037.690010,42103
2037.691093,42104
2037.691390,42105
2037.692240,42106
2037.693140,42107
2037.694086,42108
2037.695970,42109
2037.697755,42110
2037.697810,42111
2037.697980,42112
2037.698146,42113
2037.698340,42114
2037.698340,42115
2037.698340,42116
2037.698340,42119
2037.698340,42120
2037.699503,42121
2037.701720,42122
2037.702240,42123
2037.702360,42124
2037.702750,42125
2037.703570,42126
2037.703710,42127
2037.704271,42129
2037.704690,42130
2037.705550,42131
2037.705704,42132
2037.705710,42133
2037.706470,42134
2037.707520,42135
2037.708340,42136
2037.708340,42137
2037.708340,42139
2037.708340,42140
2037.708340,42141
2037.709440,42142
2037.709590,42143
2037.710660,42144
2037.711220,42145
2037.711340,42146
2037.711520,42147
2037.711800,42148
2037.713060,42149
2037.714170,42150
2037.714615,42151
2037.715520,42152
2037.715705,42153
2037.718340,42155
2037.718340,42159
2037.718340,42164
2037.718340,42173
2037.718340,42176
2037.718340,42179
2037.719540,42180
2037.720610,42181
2037.720730,42182
2037.720969,42183
2037.721960,42184
2037.722430,42185
2037.722620,42186
2037.722650,42187
2037.723646,42188
2037.724029,42189
2037.725020,42190
2037.725195,42191
2037.725255,42192
2037.725780,42193
2037.726380,42194
2037.726630,42195
2037.726637,42196
2037.726940,42197
2037.727880,42198
2037.728340,42199
2037.728340,42200
2037.728340,42202
2037.728370,42203
2037.729840,42204
2037.730900,42205
2037.733396,42206
2037.734110,42207
2037.734255,42208
2037.734400,42209
2037.734464,42210
2037.734940,42211
2037.736270,42212
2037.736285,42213
2037.737080,42214
2037.737440,42215
2037.737580,42216
2037.737690,42217
2037.737700,42218
2037.738340,42221
2037.738340,42222
2037.742101,42223
2037.742220,42224
2037.742230,42225
2037.743440,42226
2037.743740,42227
2037.744880,42228
2037.744997,42229
2037.745833,42230
2037.746640,42231
2037.747300,42232
2037.747570,42233
2037.747710,42234
2037.748340,42236
2037.748340,42237
2037.748340,42238
2037.748340,42240
2037.748670,42241
2037.749448,42242
2037.749540,42243
2037.749733,42244
2037.750740,42245
2037.750760,42246
2037.750840,42247
2037.752110,42248
2037.753410,42249
2037.754030,42250
2037.754100,42251
2037.754271,42252
2037.755149,42253
2037.757840,42254
2037.757891,42255
2037.758340,42256
2037.758340,42258
2037.759190,42259
2037.759200,42260
2037.759670,42261
2037.760066,42262
2037.760710,42263
2037.760720,42264
2037.761025,42265
2037.761072,42266
2037.763130,42267
2037.763340,42268
2037.763450,42269
2037.764346,42270
2037.764440,42271
2037.764769,42272
2037.764990,42273
2037.765030,42274
2037.765040,42275
2037.765504,42276
2037.765660,42277
2037.766000,42278
2037.766230,42279
2037.766408,42280
2037.767090,42281
2037.767422,42282
2037.767520,42283
2037.767682,42284
2037.767940,42285
2037.768100,42286
2037.768340,42289
2037.768340,42292
2037.768340,42293
2037.768910,42294
2037.770042,42295
2037.770333,42296
2037.770341,42297
2037.771810,42298
2037.773340,42299
2037.773660,42300
2037.774339,42301
2037.775007,42302
2037.776117,42303
2037.776620,42304
2037.776837,42305
2037.777340,42306
2037.777440,42307
2037.777840,42308
2037.777840,42309
2037.778340,42310
2037.778340,42312
2037.778424,42313
2037.778657,42314
2037.778721,42315
2037.779390,42316
2037.779450,42317
2037.780000,42318
2037.780020,42319
2037.780220,42320
2037.782976,42321
2037.783085,42322
2037.783340,42323
2037.783490,42324
2037.783762,42325
2037.784660,42326
2037.784705,42327
2037.784750,42328
2037.785060,42329
2037.785440,42330
2037.785670,42331
2037.786030,42332
2037.786092,42333
2037.786093,42334
2037.786350,42335
2037.786600,42336
2037.787750,42337
2037.788250,42338
2037.788340,42339
2037.788340,42340
2037.788690,42341
2037.789073,42342
2037.789930,42343
2037.791640,42344
2037.791940,42345
2037.792140,42346
2037.792640,42347
2037.792950,42348
2037.794209,42349
2037.794485,42350
2037.795190,42351
2037.796300,42352
2037.797465,42353
2037.797740,42354
2037.798340,42355
2037.798340,42357
2037.798340,42358
2037.798340,42359
2037.798340,42360
2037.798395,42361
2037.798810,42362
2037.798873,42363
2037.799120,42364
2037.799210,42365
2037.799214,42366
2037.799420,42367
2037.800640,42368
2037.800860,42369
2037.801258,42370
2037.802547,42371
2037.803090,42372
2037.803340,42373
2037.803559,42374
2037.805360,42375
2037.805920,42376
2037.806690,42377
2037.807510,42378
2037.807740,42379
2037.807955,42380
2037.808340,42382
2037.808340,42387
2037.808340,42388
2037.808340,42391
2037.808340,42392
2037.810020,42393
2037.810810,42394
2037.811590,42395
2037.811815,42396
2037.812510,42397
2037.812930,42398
2037.813240,42399
2037.813340,42400
2037.814047,42401
2037.814740,42402
2037.814782,42403
2037.815845,42404
2037.816308,42405
2037.816490,42406
2037.817170,42407
2037.817330,42408
2037.818160,42409
2037.818340,42410
2037.818340,42412
2037.818340,42421
2037.818340,42431
2037.818340,42436
2037.819214,42437
2037.819585,42438
2037.819770,42439
2037.819980,42440
2037.820150,42441
2037.822530,42442
2037.823640,42443
2037.823670,42444
2037.825450,42445
2037.826240,42446
2037.826610,42447
2037.827210,42448
2037.827219,42449
2037.828340,42450
2037.828340,42452
2037.828392,42453
2037.828858,42454
2037.828930,42455
2037.830840,42456
2037.831340,42457
2037.831465,42458
2037.832330,42459
2037.833130,42460
2037.833604,42461
2037.835710,42462
2037.836170,42463
2037.836402,42464
2037.836410,42465
2037.836430,42466
2037.838048,42467
2037.838280,42468
2037.838340,42471
2037.838340,42472
2037.838340,42475
2037.838818,42476
2037.839400,42477
2037.840220,42478
2037.841673,42479
2037.842150,42480
2037.842584,42481
2037.842792,42482
2037.843340,42483
2037.843340,42484
2037.844360,42485
2037.844640,42486
2037.844990,42487
2037.846630,42488
2037.847490,42489
2037.848270,42490
2037.848340,42491
2037.848340,42494
2037.848340,42496
2037.848340,42499
2037.848340,42501
2037.848340,42505
2037.849140,42506
2037.849154,42507
2037.850310,42508
2037.850540,42509
2037.852840,42510
2037.852990,42512
2037.853025,42513
2037.853098,42514
2037.853238,42515
2037.853307,42516
2037.853740,42517
2037.854230,42518
2037.854340,42519
2037.854920,42520
2037.855340,42521
2037.856473,42522
2037.857317,42523
2037.858340,42524
2037.858340,42526
2037.858340,42529
2037.858340,42530
2037.858340,42533
2037.858340,42534
2037.858790,42536
2037.859120,42537
2037.861000,42538
2037.861350,42539
2037.861440,42540
2037.861720,42541
2037.862280,42542
2037.862280,42543
2037.863340,42544
2037.863500,42545
2037.864785,42546
2037.864845,42547
2037.864900,42548
2037.865949,42549
2037.867010,42550
2037.867790,42551
2037.868330,42552
2037.868340,42553
2037.868340,42554
2037.868340,42560
2037.868340,42563
2037.869358,42564
2037.869470,42565
2037.870233,42566
2037.871140,42567
2037.871190,42568
2037.871205,42569
2037.871240,42570
2037.871300,42571
2037.871560,42572
2037.873213,42573
2037.873550,42574
2037.873676,42575
2037.874943,42576
2037.875075,42577
2037.875440,42578
2037.876020,42579
2037.876878,42580
2037.877300,42581
2037.877428,42582
2037.877940,42583
2037.877990,42584
2037.878300,42585
2037.878340,42586
2037.878340,42587
2037.878340,42588
2037.878340,42590
2037.878340,42591
2037.879190,42592
2037.880840,42593
2037.881055,42594
2037.882190,42595
2037.884134,42597
2037.884340,42598
2037.885698,42599
2037.886180,42600
2037.886220,42601
2037.888040,42602
2037.888340,42603
2037.888340,42605
2037.888340,42606
2037.888340,42607
2037.888345,42608
2037.888890,42609
2037.889160,42610
2037.890445,42611
2037.890840,42612
2037.890940,42613
2037.891314,42614
2037.891420,42615
2037.891450,42616
2037.891620,42617
2037.891953,42618
2037.892310,42619
2037.893460,42620
2037.893550,42621
2037.894460,42622
2037.895344,42623
2037.896340,42624
2037.896440,42625
2037.897872,42626
2037.898340,42629
2037.898340,42635
2037.898340,42637
2037.898340,42638
2037.898380,42639
2037.900340,42640
2037.901290,42641
2037.901840,42642
2037.902090,42643
2037.902110,42644
2037.902980,42645
2037.903690,42646
2037.905295,42647
2037.905840,42648
2037.906120,42649
2037.906265,42650
2037.906320,42651
2037.907420,42652
2037.908140,42653
2037.908173,42654
2037.908340,42655
2037.908340,42656
2037.908340,42658
2037.908340,42659
2037.908340,42660
2037.908565,42661
2037.908930,42662
2037.910205,42663
2037.911030,42664
2037.913340,42665
2037.913727,42666
2037.913830,42667
2037.913940,42668
2037.913953,42669
2037.915350,42670
2037.915370,42671
2037.916380,42672
2037.916465,42673
2037.916490,42674
2037.918340,42677
2037.918340,42679
2037.918340,42681
2037.918340,42688
2037.918340,42695
2037.918340,42698
2037.918940,42699
2037.919640,42700
2037.920120,42701
2037.920900,42702
2037.921210,42703
2037.922050,42704
2037.923076,42705
2037.924200,42706
2037.924240,42707
2037.924700,42708
2037.924940,42709
2037.925007,42710
2037.925174,42711
2037.925260,42712
2037.925720,42713
2037.926120,42714
2037.926550,42715
2037.927613,42716
2037.928824,42717
2037.929075,42718
2037.929300,42719
2037.931280,42720
2037.931493,42721
2037.931860,42722
2037.933605,42723
2037.934258,42724
2037.935253,42725
2037.936230,42726
2037.937577,42727
2037.938104,42728
2037.938340,42731
2037.938340,42733
2037.938340,42734
2037.938340,42737
2037.938650,42738
2037.939275,42739
2037.940670,42741
2037.941244,42742
2037.942610,42743
2037.943030,42744
2037.945928,42745
2037.946045,42746
2037.948340,42749
2037.948340,42750
2037.948340,42751
2037.948600,42752
2037.949840,42753
2037.950457,42754
2037.951818,42755
2037.952880,42756
2037.952920,42757
2037.952940,42758
2037.953175,42759
2037.953340,42760
2037.953530,42761
2037.953860,42762
2037.955319,42763
2037.955490,42764
2037.956320,42765
2037.956340,42766
2037.956395,42767
2037.956825,42768
2037.956830,42769
2037.956995,42770
2037.957270,42771
2037.957340,42772
2037.957757,42773
2037.958060,42774
2037.958340,42775
2037.958340,42777
2037.958340,42778
2037.958340,42780
2037.959760,42781
2037.960760,42782
2037.961000,42783
2037.961000,42784
2037.962628,42785
2037.963127,42786
2037.963990,42787
2037.965651,42788
2037.966055,42789
2037.967270,42790
2037.968340,42791
2037.968340,42795
2037.968340,42800
2037.968340,42802
2037.968340,42803
2037.968870,42804
2037.969195,42805
2037.969930,42806
2037.970040,42807
2037.970840,42808
2037.971140,42809
2037.971183,42810
2037.971770,42811
2037.974580,42812
2037.975740,42813
2037.975840,42814
2037.976016,42815
2037.976930,42816
2037.977010,42817
2037.977220,42818
2037.977340,42819
2037.977910,42820
2037.977920,42821
2037.978340,42822
2037.978340,42825
2037.978340,42826
2037.978340,42827
2037.978870,42828
2037.979000,42829
2037.979860,42830
2037.980180,42831
2037.980900,42832
2037.981205,42833
2037.982560,42834
2037.982730,42835
2037.983786,42836
2037.984210,42837
2037.984450,42838
2037.984490,42839
2037.984969,42841
2037.985215,42842
2037.985373,42843
2037.986630,42844
2037.987930,42845
2037.987940,42846
2037.988090,42847
2037.988340,42848
2037.988540,42849
2037.989040,42850
2037.989250,42851
2037.989490,42852
2037.990175,42853
2037.992008,42854
2037.992105,42855
2037.992120,42856
2037.992532,42857
2037.993340,42858
2037.995240,42859
2037.996107,42860
2037.996240,42861
2037.996390,42862
2037.996820,42863
2037.996990,42864
2037.998230,42865
2037.998270,42866
2037.998340,42867
2037.998340,42868
2037.998340,42869
2037.998340,42870
2037.998340,42871
2037.999220,42872
2038.000940,42873
2038.000960,42874
2038.001015,42875
2038.002770,42876
2038.004170,42877
2038.004700,42878
2038.005280,42879
2038.005530,42880
2038.007040,42881
2038.007860,42882
2038.008340,42885
2038.008340,42886
2038.009100,42887
2038.010836,42888
2038.011540,42889
2038.011673,42890
2038.012503,42891
2038.013130,42892
2038.016190,42893
2038.016250,42894
2038.016730,42895
2038.016890,42896
2038.017675,42897
2038.018340,42898
2038.018340,42905
2038.018340,42923
2038.018340,42940
2038.018340,42953
2038.018340,42954
2038.018340,42956
2038.018340,42958
2038.018410,42959
2038.018851,42960
2038.019430,42961
2038.020480,42962
2038.021040,42963
2038.021220,42964
2038.021287,42965
2038.021300,42966
2038.021617,42967
2038.022450,42968
2038.023340,42969
2038.023340,42970
2038.023545,42971
2038.023630,42972
2038.025070,42973
2038.027770,42974
2038.027920,42975
2038.028023,42976
2038.028340,42977
2038.028340,42979
2038.028340,42981
2038.028340,42982
2038.028340,42983
2038.030370,42984
2038.030565,42985
2038.030686,42986
2038.030930,42987
2038.031550,42988
2038.031575,42989
2038.032429,42990
2038.033620,42991
2038.034086,42992
2038.034149,42993
2038.034418,42994
2038.035310,42995
2038.035870,42996
2038.035900,42997
2038.036130,42998
2038.037470,42999
2038.038340,43001
2038.038340,43002
2038.038340,43003
2038.038668,43004
2038.038743,43005
2038.039075,43006
2038.039920,43007
2038.039940,43008
2038.040350,43009
2038.040560,43010
2038.040840,43011
2038.041180,43012
2038.042220,43013
2038.042740,43014
2038.043120,43015
2038.044755,43016
2038.045170,43017
2038.046020,43018
2038.047795,43019
2038.048260,43020
2038.048340,43021
2038.048340,43022
2038.048340,43025
2038.048340,43028
2038.049110,43029
2038.049404,43030
2038.049410,43031
2038.049435,43032
2038.049690,43033
2038.049800,43034
2038.049880,43035
2038.050240,43036
2038.051130,43037
2038.051150,43038
2038.052770,43039
2038.053340,43040
2038.053340,43041
2038.054070,43042
2038.054340,43043
2038.055480,43044
2038.055795,43045
2038.056130,43046
2038.056240,43047
2038.056470,43048
2038.057440,43049
2038.057769,43050
2038.058340,43052
2038.058340,43058
2038.058420,43059
2038.059910,43060
2038.061990,43061
2038.062020,43062
2038.062550,43063
2038.063940,43064
2038.064168,43065
2038.064340,43066
2038.064940,43067
2038.065140,43068
2038.066010,43069
2038.067230,43070
2038.068340,43073
2038.068340,43075
2038.068340,43079
2038.068340,43080
2038.069105,43081
2038.069430,43082
2038.070140,43083
2038.070874,43084
2038.071380,43085
2038.072960,43087
2038.072976,43088
2038.073960,43089
2038.074540,43090
2038.077610,43091
2038.078340,43093
2038.078340,43094
2038.078340,43097
2038.078340,43098
2038.078340,43099
2038.078340,43102
2038.078360,43103
2038.080300,43104
2038.081000,43105
2038.082000,43106
2038.083340,43107
2038.083883,43108
2038.084140,43109
2038.085189,43110
2038.086830,43111
2038.087550,43112
2038.087640,43113
2038.087641,43114
2038.088098,43115
2038.088340,43116
2038.088340,43119
2038.088340,43120
2038.088340,43121
2038.088340,43122
2038.088340,43123
2038.088950,43124
2038.089180,43125
2038.089530,43126
2038.089690,43127
2038.090221,43128
2038.091340,43129
2038.091740,43130
2038.091870,43131
2038.092210,43132
2038.092640,43133
2038.093130,43134
2038.093140,43135
2038.093425,43136
2038.094560,43137
2038.094890,43138
2038.094975,43139
2038.095890,43141
2038.096225,43142
2038.097340,43143
2038.097530,43144
2038.098040,43145
2038.098340,43148
2038.098340,43151
2038.098340,43153
2038.098340,43154
2038.098790,43155
2038.099250,43156
2038.099293,43157
2038.099490,43159
2038.099740,43160
2038.100063,43161
2038.100485,43162
2038.100500,43163
2038.101240,43164
2038.101871,43165
2038.102000,43166
2038.102070,43167
2038.104800,43168
2038.105219,43169
2038.107270,43170
2038.107340,43171
2038.107440,43172
2038.108340,43174
2038.108340,43177
2038.108340,43179
2038.109990,43180
2038.110390,43181
2038.110670,43182
2038.110882,43183
2038.111022,43184
2038.112973,43185
2038.113130,43186
2038.113260,43187
2038.113280,43188
2038.113390,43189
2038.113653,43190
2038.114591,43191
2038.114700,43192
2038.114937,43193
2038.114940,43194
2038.115230,43195
2038.116240,43196
2038.117580,43197
2038.117820,43198
2038.118040,43199
2038.118340,43201
2038.118340,43204
2038.118340,43215
2038.118340,43219
2038.118340,43222
2038.118340,43224
2038.118370,43226
2038.118760,43227
2038.118880,43228
2038.120137,43229
2038.120400,43230
2038.121300,43232
2038.121310,43233
2038.121673,43234
2038.121839,43235
2038.122065,43236
2038.122670,43237
2038.122810,43238
2038.123440,43239
2038.123490,43240
2038.124300,43241
2038.125400,43242
2038.125470,43243
2038.126040,43244
2038.127748,43245
2038.128340,43247
2038.128340,43248
2038.128340,43250
2038.128340,43252
2038.129040,43253
2038.129830,43254
2038.129930,43255
2038.130975,43256
2038.132410,43257
2038.133687,43258
2038.133751,43259
2038.133940,43260
2038.134540,43261
2038.134650,43262
2038.135490,43263
2038.135498,43264
2038.135620,43265
2038.136655,43266
2038.136780,43267
2038.137395,43268
2038.138340,43269
2038.138340,43272
2038.138340,43274
2038.138340,43275
2038.138340,43277
2038.138690,43278
2038.138727,43279
2038.139795,43280
2038.140340,43281
2038.141930,43282
2038.141970,43283
2038.142360,43284
2038.142520,43285
2038.142840,43286
2038.142850,43287
2038.142978,43288
2038.144820,43289
2038.145210,43290
2038.145560,43291
2038.147203,43292
2038.147878,43293
2038.148340,43301
2038.149160,43302
2038.149950,43303
2038.149987,43304
2038.150170,43305
2038.151350,43306
2038.151410,43307
2038.151550,43308
2038.152360,43309
2038.155493,43310
2038.156035,43311
2038.156160,43312
2038.158340,43314
2038.158340,43316
2038.158340,43317
2038.158910,43318
2038.159071,43319
2038.159396,43320
2038.160180,43321
2038.160185,43322
2038.161050,43323
2038.161240,43324
2038.161290,43325
2038.162020,43326
2038.162552,43327
2038.164090,43328
2038.164130,43329
2038.165880,43330
2038.166090,43331
2038.168340,43335
2038.168340,43339
2038.168340,43342
2038.168340,43343
2038.168350,43344
2038.169180,43345
2038.169350,43346
2038.170520,43347
2038.170995,43348
2038.171490,43349
2038.171540,43350
2038.171673,43351
2038.173205,43352
2038.174170,43353
2038.175140,43354
2038.175492,43355
2038.175680,43356
2038.176450,43357
2038.176765,43359
2038.177180,43360
2038.178340,43361
2038.178340,43362
2038.178340,43366
2038.178340,43368
2038.178340,43373
2038.178340,43377
2038.178340,43379
2038.179830,43380
2038.180010,43381
2038.180340,43382
2038.180430,43383
2038.180440,43384
2038.181357,43385
2038.181563,43386
2038.182140,43387
2038.183340,43388
2038.184020,43389
2038.184514,43392
2038.184590,43393
2038.184860,43394
2038.185005,43395
2038.185470,43396
2038.186060,43397
2038.186450,43398
2038.186530,43399
2038.186830,43400
2038.186900,43401
2038.187240,43402
2038.188340,43403
2038.188340,43404
2038.188340,43405
2038.188840,43406
2038.188954,43407
2038.189137,43408
2038.189560,43409
2038.190030,43410
2038.190240,43411
2038.190336,43412
2038.190470,43413
2038.190840,43414
2038.192079,43415
2038.192340,43416
2038.192900,43417
2038.195090,43418
2038.195096,43419
2038.195428,43420
2038.196495,43421
2038.197390,43422
2038.198340,43425
2038.198340,43426
2038.198340,43429
2038.198450,43430
2038.201160,43431
2038.202270,43432
2038.202340,43433
2038.202470,43434
2038.203340,43435
2038.203351,43436
2038.203780,43437
2038.204340,43438
2038.206020,43439
2038.207240,43440
2038.207377,43441
2038.207640,43442
2038.208100,43444
2038.208240,43445
2038.208340,43450
2038.208340,43451
2038.208340,43453
2038.209020,43454
2038.209250,43455
2038.209253,43456
2038.209308,43457
2038.210297,43458
2038.210990,43459
2038.211040,43460
2038.212070,43461
2038.214510,43462
2038.215070,43463
2038.215140,43464
2038.215690,43465
2038.217020,43466
2038.217030,43467
2038.217150,43468
2038.218340,43469
2038.218340,43473
2038.218340,43477
2038.218340,43487
2038.218340,43493
2038.218340,43496
2038.218340,43498
2038.219410,43499
2038.219732,43500
2038.220319,43501
2038.220850,43502
2038.220978,43503
2038.221317,43504
2038.221450,43505
2038.222330,43506
2038.222370,43507
2038.222420,43508
2038.222570,43509
2038.223940,43510
2038.224290,43511
2038.225810,43512
2038.226040,43513
2038.226770,43514
2038.227529,43515
2038.227578,43516
2038.228340,43517
2038.228340,43519
2038.229055,43520
2038.229400,43521
2038.229500,43522
2038.229700,43523
2038.230220,43524
2038.233120,43525
2038.233440,43526
2038.234401,43527
2038.234470,43528
2038.235120,43529
2038.235724,43530
2038.236490,43531
2038.236970,43532
2038.237740,43533
2038.237825,43534
2038.238340,43536
2038.238340,43539
2038.238340,43540
2038.238340,43542
2038.238801,43543
2038.239611,43544
2038.239940,43545
2038.240905,43546
2038.242740,43547
2038.243023,43548
2038.243305,43549
2038.243420,43550
2038.243940,43551
2038.244420,43552
2038.245430,43553
2038.245563,43554
2038.246318,43555
2038.246705,43556
2038.248340,43559
2038.248340,43563
2038.248340,43568
2038.248340,43569
2038.248370,43570
2038.249125,43571
2038.249354,43572
2038.249680,43573
2038.249840,43574
2038.250540,43575
2038.250540,43577
2038.250600,43578
2038.250790,43579
2038.252060,43580
2038.252214,43581
2038.252913,43582
2038.253340,43583
2038.253660,43584
2038.256040,43585
2038.258340,43586
2038.258340,43594
2038.258340,43595
2038.259500,43596
2038.259721,43597
2038.259740,43598
2038.259988,43599
2038.260970,43600
2038.261673,43601
2038.261980,43602
2038.263040,43603
2038.263440,43604
2038.263470,43605
2038.263597,43606
2038.264820,43607
2038.265220,43608
2038.265670,43609
2038.267610,43610
2038.267973,43611
2038.268340,43612
2038.268340,43613
2038.268340,43618
2038.268340,43621
2038.270280,43622
2038.270795,43623
2038.273610,43624
2038.273940,43625
2038.276340,43626
2038.276670,43627
2038.278340,43628
2038.278340,43632
2038.278340,43633
2038.278340,43635
2038.278749,43636
2038.278820,43637
2038.279580,43638
2038.281260,43639
2038.283812,43640
2038.284530,43641
2038.288340,43642
2038.288340,43644
2038.288340,43646
2038.288340,43650
2038.288340,43652
2038.288361,43653
2038.289260,43654
2038.290760,43655
2038.291240,43656
2038.293330,43657
2038.293840,43658
2038.293923,43659
2038.294740,43660
2038.295340,43661
2038.295820,43662
2038.295940,43663
2038.296357,43664
2038.297275,43665
2038.298340,43666
2038.298340,43669
2038.298340,43670
2038.298340,43671
2038.298340,43674
2038.298340,43676
2038.298340,43677
2038.299240,43678
2038.299813,43679
2038.300140,43680
2038.302140,43681
2038.302760,43682
2038.302980,43683
2038.303230,43684
2038.303340,43685
2038.304890,43686
2038.305008,43687
2038.305640,43688
2038.305660,43689
2038.306260,43690
2038.308340,43692
2038.308340,43693
2038.308340,43695
2038.308479,43696
2038.308790,43697
2038.309250,43698
2038.309390,43699
2038.309750,43700
2038.311100,43701
2038.311693,43702
2038.312210,43703
2038.312240,43704
2038.312930,43705
2038.313630,43706
2038.314384,43707
2038.314560,43708
2038.314773,43709
2038.316640,43710
2038.317315,43711
2038.317840,43712
2038.318340,43713
2038.318340,43717
2038.318340,43723
2038.318340,43725
2038.318340,43732
2038.318340,43735
2038.318470,43736
2038.318960,43737
2038.320040,43738
2038.320130,43739
2038.320800,43740
2038.320810,43741
2038.321490,43742
2038.322940,43743
2038.326850,43744
2038.327550,43745
2038.327780,43746
2038.327960,43747
2038.328340,43749
2038.328340,43753
2038.328340,43755
2038.328340,43756
2038.329310,43757
2038.330016,43758
2038.330320,43760
2038.332230,43761
2038.332576,43762
2038.333190,43763
2038.333330,43764
2038.333340,43765
2038.333970,43766
2038.334053,43767
2038.334860,43768
2038.336972,43769
2038.337899,43770
2038.337940,43771
2038.338340,43772
2038.338340,43773
2038.338340,43780
2038.338340,43783
2038.338470,43784
2038.338570,43785
2038.339620,43786
2038.340640,43787
2038.341199,43788
2038.341685,43789
2038.342340,43790
2038.342541,43791
2038.342700,43792
2038.342710,43793
2038.344490,43794
2038.344703,43795
2038.346060,43796
2038.346540,43797
2038.346970,43798
2038.347736,43799
2038.348040,43800
2038.348090,43801
2038.348340,43802
2038.348340,43803
2038.348493,43804
2038.349070,43805
2038.351673,43806
2038.351725,43807
2038.353133,43808
2038.355327,43809
2038.355410,43810
2038.355700,43811
2038.356200,43812
2038.356840,43813
2038.356890,43814
2038.357740,43815
2038.358340,43817
2038.358340,43820
2038.358340,43821
2038.358340,43826
2038.358870,43827
2038.359170,43828
2038.359460,43829
2038.359800,43830
2038.361162,43831
2038.361310,43832
2038.362070,43833
2038.362380,43834
2038.362441,43835
2038.362990,43836
2038.363240,43837
2038.364067,43838
2038.365480,43839
2038.366066,43840
2038.366530,43841
2038.367038,43842
2038.367860,43843
2038.368340,43845
2038.368340,43846
2038.368340,43850
2038.368340,43853
2038.368340,43854
2038.368617,43855
2038.368760,43856
2038.369520,43857
2038.369540,43858
2038.369860,43859
2038.369890,43860
2038.370000,43861
2038.370375,43862
2038.371685,43863
2038.371910,43864
2038.373340,43865
2038.373470,43866
2038.373517,43867
2038.374250,43868
2038.374660,43869
2038.374870,43870
2038.375029,43871
2038.375430,43872
2038.378299,43873
2038.378340,43874
2038.378340,43875
2038.378340,43876
2038.378340,43877
2038.378480,43878
2038.378845,43879
2038.379020,43880
2038.379215,43881
2038.379970,43882
2038.380340,43883
2038.380340,43884
2038.381160,43885
2038.381640,43886
2038.382360,43887
2038.383340,43888
2038.383730,43889
2038.385090,43890
2038.385139,43891
2038.385310,43892
2038.386065,43893
2038.388340,43895
2038.388340,43897
2038.388340,43898
2038.388500,43899
2038.389045,43900
2038.389340,43901
2038.389365,43902
2038.389630,43903
2038.390390,43904
2038.391120,43905
2038.391152,43906
2038.392352,43907
2038.392355,43908
2038.393006,43909
2038.393340,43910
2038.393365,43911
2038.394860,43912
2038.396030,43913
2038.398340,43915
2038.398340,43917
2038.398340,43918
2038.398340,43919
2038.399820,43920
2038.400730,43921
2038.400880,43922
2038.401680,43923
2038.401790,43924
2038.401989,43925
2038.402500,43926
2038.402616,43927
2038.402990,43928
2038.405240,43929
2038.405550,43930
2038.406140,43931
2038.406240,43932
2038.407300,43933
2038.408240,43934
2038.408340,43935
2038.408340,43936
2038.408340,43937
2038.408900,43938
2038.409640,43939
2038.410120,43940
2038.411000,43941
2038.412026,43942
2038.412540,43943
2038.413310,43944
2038.413340,43945
2038.414630,43946
2038.414860,43947
2038.415840,43948
2038.416050,43949
2038.418340,43950
2038.418340,43955
2038.418340,43970
2038.418340,43981
2038.421300,43982
2038.422090,43983
2038.423150,43984
2038.423241,43985
2038.423570,43986
2038.424240,43987
2038.424980,43988
2038.426370,43989
2038.426585,43990
2038.426640,43991
2038.426840,43992
2038.427340,43993
2038.427810,43994
2038.428003,43995
2038.428340,43996
2038.428340,43997
2038.428340,43998
2038.428340,43999
2038.428340,44002
2038.428800,44003
2038.428803,44004
2038.428870,44005
2038.429560,44006
2038.431363,44007
2038.433340,44008
2038.433655,44009
2038.433720,44010
2038.434540,44011
2038.434740,44012
2038.435050,44013
2038.435321,44014
2038.436030,44015
2038.436260,44016
2038.437120,44017
2038.437320,44018
2038.437780,44019
2038.438340,44020
2038.438340,44023
2038.438340,44024
2038.438340,44025
2038.438340,44026
2038.438990,44027
2038.438990,44028
2038.439738,44029
2038.440400,44030
2038.440540,44031
2038.441400,44032
2038.441870,44033
2038.444320,44034
2038.444470,44035
2038.446705,44036
2038.446830,44037
2038.446971,44038
2038.447076,44039
2038.447388,44040
2038.447770,44041
2038.448191,44042
2038.448239,44043
2038.448340,44044
2038.448340,44045
2038.448340,44047
2038.448340,44048
2038.448340,44050
2038.449390,44051
2038.449490,44052
2038.450130,44053
2038.450340,44054
2038.450470,44055
2038.450890,44056
2038.452600,44057
2038.452940,44058
2038.453060,44059
2038.453340,44060
2038.453680,44062
2038.453870,44063
2038.454185,44064
2038.454940,44065
2038.457389,44066
2038.457392,44067
2038.458298,44068
2038.458330,44069
2038.458340,44070
2038.458340,44072
2038.458340,44075
2038.458340,44077
2038.458940,44078
2038.459290,44079
2038.459990,44080
2038.460520,44082
2038.460660,44083
2038.462300,44084
2038.463340,44085
2038.464146,44086
2038.464640,44087
2038.465886,44088
2038.466116,44090
2038.466305,44091
2038.467640,44092
2038.468340,44094
2038.468340,44096
2038.468340,44097
2038.468340,44098
2038.469020,44099
2038.469732,44100
2038.470170,44101
2038.471640,44102
2038.471980,44103
2038.472750,44104
2038.472858,44105
2038.472930,44106
2038.473265,44107
2038.473470,44108
2038.474730,44109
2038.474870,44110
2038.475240,44111
2038.476300,44112
2038.477110,44113
2038.477135,44114
2038.478340,44115
2038.478340,44118
2038.478340,44120
2038.478370,44121
2038.478540,44122
2038.479690,44123
2038.481021,44124
2038.481327,44125
2038.481454,44126
2038.481510,44127
2038.481656,44128
2038.481705,44129
2038.482031,44130
2038.482070,44131
2038.483240,44132
2038.483990,44133
2038.484010,44134
2038.484655,44135
2038.484936,44136
2038.486640,44137
2038.486667,44138
2038.488340,44139
2038.488673,44140
2038.489360,44141
2038.492312,44142
2038.492316,44143
2038.492425,44144
2038.492680,44145
2038.492773,44146
2038.493340,44147
2038.494765,44148
2038.495007,44149
2038.495935,44150
2038.496070,44151
2038.496364,44152
2038.496625,44153
2038.496630,44154
2038.496820,44155
2038.496890,44156
2038.497660,44157
2038.498340,44159
2038.498340,44163
2038.498340,44169
2038.498340,44171
2038.498340,44174
2038.498340,44175
2038.499684,44177
2038.499982,44178
2038.500340,44179
2038.501030,44180
2038.501440,44181
2038.502020,44182
2038.502950,44183
2038.503670,44184
2038.504530,44185
2038.505600,44186
2038.505755,44187
2038.506079,44188
2038.506986,44189
2038.506990,44190
2038.508040,44191
2038.508340,44193
2038.508340,44194
2038.508340,44195
2038.508340,44197
2038.508640,44198
2038.508640,44199
2038.509090,44200
2038.509715,44201
2038.512340,44202
2038.512840,44203
2038.512890,44204
2038.513590,44205
2038.514288,44206
2038.515007,44207
2038.516420,44208
2038.516680,44209
2038.517487,44210
2038.517980,44211
2038.518340,44213
2038.518340,44219
2038.518340,44232
2038.518340,44246
2038.518340,44255
2038.518340,44257
2038.518340,44260
2038.518340,44261
2038.519230,44262
2038.519490,44263
2038.520475,44264
2038.520640,44265
2038.520690,44266
2038.520910,44267
2038.521900,44268
2038.521900,44269
2038.523450,44270
2038.524080,44271
2038.524990,44272
2038.525400,44273
2038.527090,44274
2038.527130,44275
2038.527530,44276
2038.527910,44277
2038.528340,44279
2038.528340,44280
2038.528340,44283
2038.528340,44285
2038.528340,44286
2038.528760,44287
2038.529104,44288
2038.529390,44289
2038.530544,44290
2038.530982,44291
2038.531243,44292
2038.532450,44293
2038.533327,44294
2038.535550,44295
2038.536000,44296
2038.536779,44297
2038.537703,44298
2038.537777,44299
2038.538337,44300
2038.538340,44302
2038.538340,44303
2038.538934,44304
2038.539000,44305
2038.540179,44306
2038.540240,44307
2038.540440,44308
2038.540665,44309
2038.541040,44311
2038.541880,44312
2038.542740,44313
2038.542851,44314
2038.542970,44315
2038.543590,44316
2038.543855,44317
2038.546440,44318
2038.547300,44319
2038.548340,44320
2038.548616,44321
2038.549058,44322
2038.549590,44323
2038.549700,44324
2038.550120,44325
2038.550255,44326
2038.550640,44327
2038.550693,44328
2038.551240,44329
2038.551790,44330
2038.552640,44331
2038.553340,44332
2038.554825,44333
2038.554939,44334
2038.555193,44335
2038.556930,44336
2038.557940,44337
2038.558270,44338
2038.558340,44340
2038.558340,44342
2038.558340,44345
2038.558340,44346
2038.559361,44347
2038.559810,44348
2038.560175,44349
2038.560197,44350
2038.560440,44351
2038.560444,44352
2038.560444,44353
2038.561010,44354
2038.561011,44355
2038.561740,44356
2038.562080,44357
2038.562370,44358
2038.562445,44359
2038.562690,44360
2038.563226,44361
2038.563910,44362
2038.565945,44363
2038.567300,44364
2038.567505,44365
2038.568330,44366
2038.568340,44367
2038.568340,44368
2038.568340,44369
2038.568340,44370
2038.569320,44371
2038.569735,44372
2038.569790,44373
2038.569921,44374
2038.570550,44375
2038.571170,44376
2038.571376,44377
2038.571640,44378
2038.572056,44379
2038.572597,44380
2038.573480,44381
2038.574570,44382
2038.575170,44383
2038.575227,44384
2038.576340,44385
2038.576480,44386
2038.577400,44400
2038.578234,44401
2038.578340,44402
2038.578340,44405
2038.578340,44407
2038.578340,44409
2038.578340,44410
2038.578340,44412
2038.578710,44413
2038.579530,44414
2038.579950,44415
2038.580490,44416
2038.580545,44417
2038.580589,44418
2038.580845,44419
2038.581590,44420
2038.581820,44421
2038.582340,44422
2038.583340,44424
2038.583940,44425
2038.586040,44426
2038.586517,44427
2038.586865,44428
2038.587390,44429
2038.588340,44430
2038.588340,44433
2038.588590,44434
2038.588770,44435
2038.591020,44436
2038.591540,44437
2038.591920,44438
2038.592371,44439
2038.592644,44440
2038.593673,44441
2038.594140,44442
2038.594840,44443
2038.595560,44444
2038.596610,44445
2038.596660,44446
2038.597101,44447
2038.597150,44448
2038.597465,44449
2038.598180,44450
2038.598340,44451
2038.598340,44453
2038.598340,44454
2038.598340,44456
2038.598400,44457
2038.599180,44458
2038.599360,44459
2038.599530,44460
2038.599930,44461
2038.600760,44462
2038.601205,44463
2038.601799,44464
2038.601900,44466
2038.602810,44467
2038.603140,44468
2038.603720,44469
2038.603722,44470
2038.605540,44471
2038.605980,44472
2038.606730,44473
2038.606960,44474
2038.607640,44475
2038.607860,44476
2038.608340,44477
2038.608340,44478
2038.608340,44480
2038.608350,44481
2038.608630,44482
2038.609730,44483
2038.610090,44484
2038.611440,44485
2038.611673,44486
2038.613340,44487
2038.613790,44488
2038.616200,44489
2038.617120,44490
2038.618340,44491
2038.618340,44494
2038.618340,44503
2038.618340,44512
2038.618340,44521
2038.618340,44523
2038.618340,44524
2038.619420,44525
2038.620490,44526
2038.620807,44527
2038.623580,44528
2038.623600,44529
2038.625540,44530
2038.625634,44531
2038.625690,44532
2038.626153,44533
2038.627305,44534
2038.627610,44535
2038.628325,44536
2038.628340,44537
2038.628340,44538
2038.628340,44539
2038.628340,44540
2038.628480,44541
2038.628580,44542
2038.629100,44543
2038.629385,44544
2038.630950,44545
2038.631116,44546
2038.631900,44547
2038.633340,44548
2038.634220,44549
2038.634570,44550
2038.636040,44551
2038.636710,44552
2038.637853,44553
2038.637970,44554
2038.638140,44555
2038.638340,44557
2038.638340,44559
2038.638340,44560
2038.639460,44561
2038.640430,44562
2038.640793,44563
2038.642450,44564
2038.642871,44565
2038.643040,44566
2038.643645,44567
2038.643820,44568
2038.643927,44569
2038.643970,44570
2038.644025,44571
2038.645180,44572
2038.645790,44573
2038.646851,44574
2038.647810,44575
2038.648270,44577
2038.648340,44579
2038.648340,44580
2038.648340,44582
2038.648340,44583
2038.648630,44584
2038.648904,44585
2038.649012,44586
2038.649040,44587
2038.649264,44588
2038.649737,44589
2038.650550,44590
2038.650580,44591
2038.651440,44592
2038.652918,44593
2038.653140,44594
2038.653199,44595
2038.653340,44596
2038.653980,44597
2038.655099,44598
2038.655889,44599
2038.656005,44600
2038.656890,44601
2038.657420,44602
2038.657940,44603
2038.658020,44604
2038.658330,44605
2038.658340,44606
2038.658340,44607
2038.658340,44609
2038.658340,44611
2038.658340,44612
2038.658496,44613
2038.658840,44614
2038.660775,44615
2038.661360,44616
2038.661940,44617
2038.663780,44618
2038.663800,44619
2038.667575,44620
2038.668340,44623
2038.668340,44625
2038.669166,44626
2038.669850,44627
2038.669986,44628
2038.670187,44629
2038.670810,44630
2038.672055,44631
2038.672943,44632
2038.672971,44633
2038.673340,44634
2038.673730,44635
2038.673830,44636
2038.675160,44637
2038.675973,44638
2038.677570,44639
2038.678340,44640
2038.678340,44642
2038.678340,44645
2038.678340,44648
2038.678640,44649
2038.679940,44650
2038.680300,44651
2038.680652,44652
2038.682130,44653
2038.682800,44654
2038.682940,44655
2038.684130,44656
2038.684910,44657
2038.685873,44658
2038.686340,44659
2038.686344,44660
2038.686830,44661
2038.687080,44662
2038.687550,44663
2038.688277,44664
2038.688340,44665
2038.688340,44668
2038.688340,44670
2038.688340,44672
2038.688340,44673
2038.688340,44674
2038.688740,44675
2038.688820,44676
2038.688840,44677
2038.689240,44678
2038.689625,44679
2038.689630,44680
2038.689881,44681
2038.690030,44682
2038.691750,44683
2038.692265,44684
2038.692510,44685
2038.692590,44686
2038.692889,44687
2038.693340,44688
2038.693390,44689
2038.694165,44690
2038.694330,44691
2038.694766,44692
2038.695007,44693
2038.696330,44694
2038.697225,44695
2038.697390,44696
2038.697576,44697
2038.697643,44698
2038.697790,44699
2038.698340,44700
2038.698340,44701
2038.698340,44703
2038.698855,44704
2038.700080,44705
2038.701700,44706
2038.702050,44707
2038.702050,44708
2038.704905,44709
2038.705180,44710
2038.705445,44711
2038.707000,44712
2038.707147,44713
2038.707934,44714
2038.708340,44715
2038.708340,44718
2038.708340,44723
2038.708340,44724
2038.708340,44725
2038.708490,44726
2038.709500,44727
2038.709810,44728
2038.710740,44729
2038.710850,44730
2038.712200,44731
2038.713340,44732
2038.713746,44733
2038.715007,44734
2038.715036,44735
2038.715270,44736
2038.715640,44737
2038.716040,44738
2038.716933,44739
2038.717460,44740
2038.718030,44741
2038.718340,44744
2038.718340,44749
2038.718340,44760
2038.718340,44767
2038.718340,44772
2038.718600,44773
2038.719265,44774
2038.719690,44775
2038.719732,44776
2038.720895,44777
2038.722360,44778
2038.723340,44779
2038.723613,44780
2038.723880,44781
2038.724910,44782
2038.725000,44783
2038.725710,44784
2038.726240,44785
2038.726930,44786
2038.727780,44787
2038.728340,44788
2038.728340,44792
2038.728340,44796
2038.728340,44797
2038.728340,44798
2038.728340,44800
2038.728680,44801
2038.729630,44802
2038.730197,44803
2038.731410,44804
2038.731845,44805
2038.732230,44806
2038.732300,44807
2038.732701,44808
2038.732970,44809
2038.733310,44810
2038.733340,44811
2038.733586,44812
2038.734415,44813
2038.735250,44814
2038.735340,44815
2038.735628,44816
2038.735980,44817
2038.736230,44818
2038.737130,44819
2038.737340,44820
2038.738340,44821
2038.738340,44822
2038.738340,44823
2038.738340,44827
2038.738340,44828
2038.738440,44829
2038.739240,44830
2038.739945,44832
2038.740190,44833
2038.740410,44834
2038.740740,44835
2038.741295,44836
2038.741680,44837
2038.741860,44838
2038.742547,44839
2038.742690,44840
2038.743170,44841
2038.743340,44842
2038.744785,44843
2038.744960,44844
2038.745459,44845
2038.746120,44846
2038.746215,44847
2038.746360,44848
2038.747970,44849
2038.748012,44850
2038.748320,44851
2038.748340,44852
2038.748340,44853
2038.748340,44855
2038.749380,44856
2038.749840,44857
2038.750110,44858
2038.751322,44859
2038.751375,44860
2038.751740,44861
2038.752370,44862
2038.754001,44863
2038.754590,44864
2038.755831,44865
2038.756615,44866
2038.757110,44867
2038.757135,44868
2038.757557,44869
2038.758180,44870
2038.758340,44871
2038.758340,44873
2038.758340,44876
2038.758340,44877
2038.760600,44878
2038.761840,44879
2038.764175,44880
2038.764360,44881
2038.766099,44882
2038.766130,44883
2038.767325,44884
2038.767599,44885
2038.767660,44886
2038.767870,44887
2038.768340,44889
2038.768340,44891
2038.768340,44893
2038.768340,44895
2038.768340,44897
2038.768340,44899
2038.768390,44900
2038.768882,44901
2038.769440,44902
2038.770778,44903
2038.770780,44904
2038.771426,44905
2038.772798,44906
2038.773654,44907
2038.773985,44908
2038.774150,44909
2038.774190,44910
2038.774430,44911
2038.775007,44912
2038.775215,44913
2038.776320,44914
2038.777390,44915
2038.778340,44918
2038.778340,44921
2038.778340,44922
2038.778340,44923
2038.778540,44924
2038.778600,44925
2038.778690,44926
2038.779410,44927
2038.779490,44928
2038.780190,44929
2038.780600,44930
2038.780800,44931
2038.782043,44932
2038.782087,44933
2038.784585,44934
2038.786260,44935
2038.788340,44937
2038.788340,44939
2038.788340,44940
2038.788710,44941
2038.789241,44942
2038.789560,44943
2038.790690,44944
2038.791397,44945
2038.792858,44946
2038.792940,44947
2038.793789,44948
2038.793850,44949
2038.795140,44950
2038.795320,44951
2038.795820,44952
2038.796892,44954
2038.797430,44955
2038.798340,44956
2038.798340,44958
2038.798340,44960
2038.798340,44964
2038.798340,44966
2038.798760,44967
2038.799638,44968
2038.799820,44969
2038.799940,44970
2038.800359,44971
2038.801100,44972
2038.801340,44973
2038.802270,44974
2038.803090,44975
2038.803740,44976
2038.804920,44977
2038.804980,44978
2038.806014,44979
2038.806040,44980
2038.807295,44981
2038.808340,44984
2038.808340,44987
2038.808340,44989
2038.808340,44990
2038.808647,44991
2038.808960,44992
2038.809340,44993
2038.809640,44994
2038.810640,44995
2038.811190,44996
2038.811710,44997
2038.812000,44998
2038.812099,44999
2038.812340,45000
2038.813250,45001
2038.815007,45002
2038.815080,45003
2038.815330,45004
2038.816480,45005
2038.818130,45006
2038.818340,45009
2038.818340,45013
2038.818340,45021
2038.818340,45037
2038.818340,45042
2038.818340,45045
2038.818340,45046
2038.818540,45047
2038.818790,45048
2038.819490,45049
2038.820180,45050
2038.820280,45051
2038.821570,45052
2038.821846,45053
2038.821850,45054
2038.821950,45055
2038.823740,45056
2038.823835,45057
2038.824392,45058
2038.826337,45059
2038.827000,45060
2038.827220,45061
2038.828340,45062
2038.828340,45064
2038.828340,45065
2038.828405,45066
2038.831800,45067
2038.831890,45068
2038.832140,45069
2038.832340,45070
2038.832673,45071
2038.833220,45072
2038.833340,45073
2038.833400,45074
2038.833790,45075
2038.833920,45076
2038.834940,45077
2038.835540,45078
2038.835605,45079
2038.835640,45080
2038.835646,45081
2038.836100,45082
2038.836430,45083
2038.837010,45084
2038.837600,45085
2038.838072,45086
2038.838340,45087
2038.838340,45091
2038.838780,45092
2038.839187,45093
2038.840110,45094
2038.840440,45095
2038.841317,45096
2038.841350,45097
2038.842000,45098
2038.842193,45099
2038.842440,45100
2038.843340,45101
2038.846090,45102
2038.846620,45103
2038.846870,45104
2038.847290,45105
2038.848235,45106
2038.848340,45107
2038.848340,45108
2038.848340,45109
2038.848340,45110
2038.848950,45111
2038.849320,45112
2038.849915,45113
2038.850210,45114
2038.850394,45115
2038.850970,45116
2038.851120,45117
2038.851150,45118
2038.852957,45119
2038.853050,45120
2038.853805,45121
2038.854027,45122
2038.854550,45123
2038.854807,45124
2038.855050,45125
2038.855840,45126
2038.855861,45127
2038.858270,45128
2038.858340,45129
2038.858340,45131
2038.858340,45132
2038.858340,45133
2038.859452,45134
2038.859615,45135
2038.860067,45136
2038.862190,45137
2038.863645,45138
2038.864100,45139
2038.865385,45140
2038.865640,45141
2038.866470,45142
2038.867150,45143
2038.867340,45144
2038.867372,45145
2038.867990,45146
2038.868165,45147
2038.868330,45148
2038.868340,45152
2038.868340,45154
2038.868340,45156
2038.868378,45157
2038.868575,45158
2038.869030,45159
2038.870320,45160
2038.872590,45161
2038.873090,45162
2038.873240,45163
2038.873275,45164
2038.873340,45165
2038.874110,45167
2038.874160,45168
2038.874340,45169
2038.874471,45170
2038.875210,45171
2038.875420,45172
2038.876260,45173
2038.876514,45174
2038.876539,45175
2038.876555,45176
2038.877070,45177
2038.877072,45178
2038.878340,45180
2038.878340,45185
2038.878340,45186
2038.878850,45187
2038.879130,45188
2038.879210,45189
2038.879790,45190
2038.880150,45191
2038.881750,45192
2038.881825,45193
2038.882637,45194
2038.882640,45195
2038.883340,45196
2038.885340,45197
2038.885808,45198
2038.887340,45199
2038.887500,45200
2038.887855,45201
2038.888020,45202
2038.888340,45205
2038.888340,45207
2038.888340,45210
2038.888340,45211
2038.889798,45212
2038.889840,45213
2038.890685,45214
2038.891140,45215
2038.891295,45216
2038.891370,45217
2038.891563,45218
2038.894360,45219
2038.894490,45220
2038.894520,45221
2038.896290,45222
2038.896690,45223
2038.898340,45224
2038.898340,45225
2038.898340,45227
2038.898340,45228
2038.900240,45229
2038.900300,45230
2038.900670,45231
2038.900720,45232
2038.900750,45233
2038.901480,45234
2038.901926,45235
2038.902506,45236
2038.902977,45237
2038.903671,45238
2038.904350,45239
2038.904440,45240
2038.904779,45241
2038.905047,45242
2038.905120,45243
2038.905390,45244
2038.905660,45245
2038.905829,45246
2038.906255,45247
2038.907050,45248
2038.907056,45249
2038.908340,45250
2038.908340,45252
2038.908340,45253
2038.908340,45254
2038.908340,45255
2038.909038,45256
2038.910190,45257
2038.911150,45258
2038.911390,45259
2038.911900,45260
2038.912028,45261
2038.912070,45262
2038.912200,45263
2038.913260,45264
2038.913497,45265
2038.915340,45266
2038.915705,45267
2038.916500,45268
2038.916830,45269
2038.917450,45270
2038.917540,45271
2038.918193,45272
2038.918340,45273
2038.918340,45279
2038.918340,45287
2038.918340,45295
2038.918340,45299
2038.918340,45302
2038.920940,45304
2038.921470,45305
2038.922540,45306
2038.923340,45307
2038.926860,45308
2038.927395,45309
2038.928340,45311
2038.928340,45312
2038.928340,45313
2038.928340,45314
2038.928870,45315
2038.930604,45316
2038.931790,45317
2038.934173,45318
2038.934470,45319
2038.934510,45320
2038.935100,45321
2038.935560,45322
2038.935640,45323
2038.935780,45324
2038.936020,45325
2038.936230,45326
2038.937140,45327
2038.937340,45328
2038.937580,45329
2038.937963,45330
2038.938340,45332
2038.938340,45336
2038.938340,45337
2038.938998,45338
2038.939030,45339
2038.939817,45340
2038.941010,45341
2038.941282,45342
2038.941840,45343
2038.942040,45344
2038.943855,45345
2038.944660,45346
2038.945750,45347
2038.946220,45348
2038.946350,45349
2038.947510,45350
2038.948340,45353
2038.948340,45354
2038.948340,45356
2038.948610,45357
2038.949055,45358
2038.949653,45359
2038.949730,45360
2038.950190,45361
2038.950355,45362
2038.952740,45363
2038.953340,45364
2038.954913,45365
2038.954943,45366
2038.956694,45367
2038.958340,45368
2038.958340,45369
2038.959230,45370
2038.959498,45371
2038.960140,45372
2038.961930,45373
2038.963040,45374
2038.963240,45375
2038.963910,45376
2038.964250,45377
2038.965490,45378
2038.965840,45379
2038.967073,45380
2038.968340,45381
2038.968340,45383
2038.968340,45385
2038.968340,45386
2038.969732,45387
2038.970180,45388
2038.970380,45389
2038.970660,45390
2038.971100,45391
2038.972350,45392
2038.973160,45393
2038.973340,45394
2038.973520,45395
2038.974770,45396
2038.976010,45397
2038.976180,45398
2038.978340,45399
2038.978340,45400
2038.978340,45401
2038.978340,45402
2038.978560,45403
2038.978787,45404
2038.979565,45405
2038.979740,45406
2038.980240,45407
2038.981466,45408
2038.982837,45409
2038.983764,45410
2038.984715,45411
2038.984990,45412
2038.985340,45413
2038.986510,45414
2038.988110,45415
2038.988340,45419
2038.988340,45420
2038.988340,45423
2038.988340,45425
2038.989001,45426
2038.989110,45427
2038.989780,45428
2038.991115,45429
2038.991160,45430
2038.991240,45431
2038.992280,45432
2038.993070,45433
2038.993340,45434
2038.993540,45435
2038.993800,45436
2038.993800,45437
2038.993860,45438
2038.994180,45439
2038.995270,45440
2038.995637,45441
2038.995840,45442
2038.997284,45443
2038.997990,45444
2038.998340,45447
2038.998340,45449
2038.998340,45451
2038.998340,45452
2038.999240,45453
2039.000140,45454
2039.000230,45455
2039.000340,45456
2039.001713,45457
2039.002150,45458
2039.003110,45459
2039.005550,45460
2039.006810,45461
2039.007650,45462
2039.007740,45463
2039.008340,45464
2039.008340,45465
2039.008340,45466
2039.008340,45467
2039.008340,45470
2039.008340,45471
2039.008340,45472
2039.008540,45473
2039.008830,45474
2039.009545,45475
2039.009750,45476
2039.010390,45477
2039.010680,45478
2039.010770,45479
2039.011220,45480
2039.011340,45481
2039.011410,45482
2039.011720,45483
2039.012192,45484
2039.015840,45485
2039.016180,45486
2039.016390,45487
2039.017090,45488
2039.017107,45489
2039.018340,45491
2039.018340,45504
2039.018340,45529
2039.018340,45546
2039.018340,45558
2039.018340,45560
2039.018340,45561
2039.018720,45562
2039.019294,45563
2039.019640,45564
2039.021660,45565
2039.022140,45566
2039.022854,45567
2039.023070,45568
2039.023100,45569
2039.023450,45570
2039.023930,45571
2039.023980,45572
2039.024114,45573
2039.024340,45574
2039.025600,45575
2039.025791,45576
2039.026159,45577
2039.026655,45578
2039.026660,45579
2039.027178,45580
2039.027545,45581
2039.027640,45582
2039.027940,45583
2039.028340,45584
2039.028340,45588
2039.028340,45589
2039.028340,45590
2039.028440,45591
2039.029980,45592
2039.032740,45593
2039.033670,45594
2039.034633,45595
2039.035120,45596
2039.035457,45597
2039.035800,45598
2039.036215,45599
2039.037626,45600
2039.038279,45601
2039.038340,45604
2039.038340,45606
2039.038340,45607
2039.038340,45608
2039.038940,45609
2039.039740,45610
2039.039970,45611
2039.040070,45612
2039.041870,45613
2039.042050,45614
2039.042328,45615
2039.042640,45616
2039.043000,45617
2039.043340,45618
2039.043860,45619
2039.044380,45620
2039.044685,45622
2039.045410,45623
2039.046685,45624
2039.047610,45625
2039.047970,45626
2039.048340,45627
2039.048340,45630
2039.048340,45631
2039.048643,45632
2039.048693,45633
2039.048747,45634
2039.048840,45635
2039.048960,45636
2039.049100,45638
2039.049590,45639
2039.049820,45640
2039.050518,45641
2039.050650,45642
2039.050750,45643
2039.052450,45644
2039.052940,45645
2039.053319,45646
2039.053340,45647
2039.053990,45648
2039.054145,45649
2039.054500,45650
2039.054913,45651
2039.054961,45652
2039.055332,45653
2039.055750,45654
2039.056220,45655
2039.057500,45656
2039.058340,45657
2039.058340,45661
2039.058340,45664
2039.058340,45665
2039.061040,45666
2039.061520,45667
2039.062121,45668
2039.062288,45669
2039.063231,45670
2039.063810,45671
2039.065255,45672
2039.066130,45673
2039.066760,45674
2039.067073,45675
2039.068340,45676
2039.068340,45680
2039.068340,45682
2039.068340,45683
2039.068597,45684
2039.068890,45685
2039.068964,45686
2039.069410,45687
2039.070020,45688
2039.070040,45689
2039.070546,45690
2039.071375,45691
2039.071870,45693
2039.072250,45694
2039.072340,45695
2039.072740,45696
2039.074410,45697
2039.074870,45698
2039.075180,45699
2039.075470,45700
2039.077623,45701
2039.078340,45702
2039.078340,45706
2039.078340,45707
2039.079920,45708
2039.080310,45709
2039.080470,45710
2039.080740,45711
2039.081107,45712
2039.081281,45713
2039.081360,45714
2039.081840,45715
2039.081910,45716
2039.083241,45717
2039.083275,45718
2039.083870,45719
2039.085118,45722
2039.085815,45723
2039.086990,45724
2039.088340,45725
2039.088340,45727
2039.088340,45728
2039.088840,45729
2039.089440,45730
2039.092247,45731
2039.092292,45732
2039.092440,45733
2039.094593,45734
2039.097673,45735
2039.098340,45736
2039.098340,45738
2039.098340,45739
2039.098340,45740
2039.098340,45742
2039.098833,45743
2039.098910,45744
2039.099340,45745
2039.099910,45746
2039.100629,45747
2039.101540,45748
2039.102490,45749
2039.102555,45750
2039.103023,45751
2039.103340,45752
2039.104430,45753
2039.105580,45754
2039.105890,45755
2039.105930,45756
2039.106099,45757
2039.106290,45758
2039.108340,45760
2039.108340,45762
2039.108340,45763
2039.108715,45764
2039.109316,45765
2039.109811,45766
2039.109870,45767
2039.110110,45768
2039.110220,45769
2039.110950,45770
2039.110990,45771
2039.111840,45772
2039.113130,45773
2039.113340,45774
2039.113340,45775
2039.113439,45776
2039.114000,45777
2039.114328,45778
2039.114640,45779
2039.114980,45780
2039.116230,45781
2039.117070,45782
2039.117080,45783
2039.117430,45784
2039.117772,45785
2039.117925,45786
2039.118340,45787
2039.118340,45795
2039.118340,45800
2039.118340,45802
2039.118340,45809
2039.118340,45816
2039.118890,45817
2039.119180,45818
2039.120650,45819
2039.121615,45820
2039.122990,45821
2039.123133,45823
2039.123340,45824
2039.124106,45825
2039.124598,45826
2039.125405,45827
2039.125430,45828
2039.125535,45829
2039.125949,45830
2039.126460,45831
2039.126530,45832
2039.126857,45833
2039.127627,45834
2039.128340,45836
2039.128340,45838
2039.128340,45840
2039.128340,45841
2039.128440,45843
2039.129600,45844
2039.130335,45845
2039.131460,45846
2039.132005,45847
2039.132330,45848
2039.132750,45849
2039.133150,45850
2039.133590,45851
2039.133738,45852
2039.133940,45853
2039.134330,45854
2039.135265,45855
2039.135420,45856
2039.135840,45857
2039.135840,45858
2039.138030,45859
2039.138340,45860
2039.138340,45861
2039.138340,45864
2039.138360,45865
2039.138420,45866
2039.139800,45867
2039.139920,45868
2039.141385,45869
2039.142664,45870
2039.143340,45871
2039.143540,45872
2039.144006,45873
2039.144559,45874
2039.144690,45875
2039.144880,45876
2039.145234,45877
2039.146220,45878
2039.146250,45879
2039.147741,45880
2039.147920,45881
2039.148140,45882
2039.148340,45883
2039.148340,45884
2039.148340,45885
2039.149240,45886
2039.150340,45887
2039.152741,45888
2039.152874,45889
2039.153005,45890
2039.153090,45891
2039.153340,45892
2039.153340,45893
2039.155695,45894
2039.155790,45895
2039.156205,45896
2039.156760,45897
2039.157068,45898
2039.158290,45899
2039.158340,45900
2039.158340,45902
2039.158340,45903
2039.158340,45906
2039.160475,45907
2039.160540,45908
2039.162030,45909
2039.162250,45910
2039.164130,45911
2039.164240,45912
2039.164310,45913
2039.164320,45914
2039.164840,45915
2039.165465,45916
2039.165720,45917
2039.166440,45918
2039.166960,45919
2039.168173,45920
2039.168340,45921
2039.168340,45926
2039.168340,45930
2039.169580,45931
2039.169740,45932
2039.170080,45933
2039.171064,45934
2039.171640,45935
2039.172830,45936
2039.173160,45937
2039.173340,45938
2039.173540,45939
2039.176435,45940
2039.177090,45941
2039.178340,45942
2039.178340,45944
2039.178340,45952
2039.178803,45953
2039.178900,45954
2039.178910,45955
2039.179940,45956
2039.180105,45957
2039.180690,45958
2039.181080,45959
2039.181130,45960
2039.181715,45961
2039.181949,45962
2039.182670,45963
2039.183390,45964
2039.183480,45965
2039.183688,45966
2039.183970,45967
2039.184329,45968
2039.184570,45969
2039.185040,45970
2039.185140,45971
2039.185260,45972
2039.185490,45973
2039.185950,45974
2039.186298,45975
2039.186578,45976
2039.187026,45977
2039.188340,45978
2039.188340,45980
2039.188340,45981
2039.188370,45982
2039.188926,45983
2039.189240,45984
2039.191030,45985
2039.191358,45986
2039.191621,45987
2039.192480,45988
2039.192750,45989
2039.193340,45990
2039.193908,45991
2039.194639,45992
2039.195054,45993
2039.196310,45994
2039.197700,45995
2039.197710,45996
2039.198060,45997
2039.198210,45998
2039.198340,45999
2039.198340,46000
2039.198340,46003
2039.198340,46005
2039.198340,46006
2039.199012,46007
2039.199080,46008
2039.199340,46009
2039.200850,46010
2039.201010,46011
2039.201390,46012
2039.202200,46013
2039.202440,46014
2039.203960,46015
2039.204120,46016
2039.205000,46017
2039.205140,46018
2039.205660,46019
2039.205895,46020
2039.206612,46021
2039.208340,46025
2039.208340,46026
2039.208340,46028
2039.208340,46030
2039.208340,46032
2039.208556,46033
2039.211843,46034
2039.213340,46035
2039.214440,46036
2039.215840,46037
2039.218340,46040
2039.218340,46047
2039.218340,46059
2039.218340,46062
2039.218340,46065
2039.218475,46066
2039.219268,46067
2039.219885,46068
2039.220640,46069
2039.221440,46070
2039.221719,46071
2039.221735,46072
2039.221940,46073
2039.222380,46074
2039.222920,46075
2039.223030,46076
2039.223340,46077
2039.223870,46078
2039.224580,46079
2039.225130,46080
2039.225560,46081
2039.225620,46082
2039.226006,46083
2039.226140,46084
2039.227940,46085
2039.228340,46087
2039.228340,46091
2039.228340,46092
2039.228360,46093
2039.228805,46094
2039.229440,46095
2039.230185,46096
2039.231580,46097
2039.232530,46098
2039.232697,46099
2039.234737,46100
2039.234990,46101
2039.235110,46102
2039.235465,46103
2039.236600,46104
2039.236630,46105
2039.237152,46106
2039.237763,46107
2039.238340,46108
2039.238340,46111
2039.238340,46115
2039.238340,46117
2039.238340,46118
2039.238440,46119
2039.238560,46120
2039.238940,46121
2039.239769,46122
2039.241130,46123
2039.241220,46124
2039.241305,46125
2039.241868,46126
2039.241955,46127
2039.241990,46128
2039.244340,46129
2039.244440,46130
2039.246320,46131
2039.246320,46132
2039.246990,46133
2039.247110,46134
2039.247120,46135
2039.247368,46136
2039.247616,46137
2039.247780,46138
2039.248340,46141
2039.248340,46142
2039.248340,46144
2039.248340,46145
2039.248710,46146
2039.249120,46147
2039.249934,46148
2039.250120,46149
2039.250730,46150
2039.251530,46151
2039.251930,46152
2039.251940,46153
2039.253095,46154
2039.253340,46155
2039.253694,46156
2039.254270,46157
2039.254620,46158
2039.255240,46159
2039.256750,46160
2039.256998,46161
2039.257984,46162
2039.258160,46163
2039.258299,46164
2039.258340,46165
2039.258340,46166
2039.258340,46168
2039.258340,46169
2039.258420,46170
2039.258765,46171
2039.259110,46172
2039.259175,46173
2039.259220,46174
2039.260063,46175
2039.261070,46176
2039.262121,46177
2039.262290,46178
2039.262395,46179
2039.262960,46180
2039.263340,46181
2039.264585,46182
2039.265001,46183
2039.266040,46184
2039.266240,46185
2039.266450,46186
2039.266950,46187
2039.268040,46191
2039.268340,46193
2039.268340,46194
2039.268340,46198
2039.268905,46199
2039.269873,46200
2039.270140,46201
2039.270677,46202
2039.272340,46203
2039.272342,46204
2039.272722,46205
2039.272800,46206
2039.273840,46207
2039.274340,46208
2039.274530,46209
2039.274880,46210
2039.275122,46211
2039.275840,46212
2039.278340,46215
2039.278340,46218
2039.278470,46219
2039.279180,46220
2039.279415,46221
2039.281170,46222
2039.281810,46223
2039.281940,46224
2039.281949,46225
2039.282090,46226
2039.282390,46227
2039.282740,46228
2039.284840,46229
2039.285156,46230
2039.285910,46231
2039.287950,46232
2039.288340,46233
2039.288340,46236
2039.288340,46237
2039.288340,46238
2039.288361,46239
2039.288780,46240
2039.289390,46241
2039.290530,46242
2039.290950,46243
2039.291820,46245
2039.291860,46246
2039.292395,46247
2039.292975,46248
2039.293155,46249
2039.293240,46250
2039.294870,46251
2039.296136,46253
2039.296465,46254
2039.297640,46255
2039.297995,46256
2039.298290,46257
2039.298340,46262
2039.298340,46264
2039.298340,46265
2039.298340,46266
2039.298390,46267
2039.299270,46268
2039.299420,46269
2039.299960,46270
2039.300750,46271
2039.301310,46272
2039.301640,46273
2039.301655,46274
2039.302540,46275
2039.302625,46276
2039.302810,46277
2039.303980,46278
2039.304380,46279
2039.305914,46280
2039.306740,46282
2039.307890,46283
2039.307985,46284
2039.308090,46285
2039.308200,46286
2039.308340,46287
2039.308340,46289
2039.309257,46290
2039.309700,46291
2039.310194,46292
2039.310690,46293
2039.310840,46294
2039.311166,46295
2039.311180,46296
2039.311690,46297
2039.311700,46298
2039.311722,46299
2039.311781,46300
2039.311919,46301
2039.312170,46302
2039.312250,46303
2039.312440,46304
2039.312657,46305
2039.312990,46306
2039.313240,46307
2039.313340,46308
2039.313900,46309
2039.314970,46310
2039.315544,46311
2039.315990,46312
2039.316230,46313
2039.316269,46314
2039.316440,46315
2039.318195,46316
2039.318340,46317
2039.318340,46320
2039.318340,46328
2039.318340,46332
2039.318340,46336
2039.318340,46339
2039.318340,46341
2039.318760,46342
2039.319580,46343
2039.320440,46344
2039.320870,46345
2039.321940,46346
2039.323025,46347
2039.323063,46348
2039.324330,46349
2039.324525,46350
2039.324650,46351
2039.325330,46352
2039.326132,46353
2039.326205,46354
2039.326450,46355
2039.327382,46356
2039.328340,46357
2039.328340,46358
2039.328340,46361
2039.328340,46362
2039.328590,46363
2039.328705,46364
2039.328800,46365
2039.329190,46366
2039.329950,46367
2039.330136,46368
2039.331160,46369
2039.331850,46370
2039.333340,46371
2039.334280,46372
2039.334300,46373
2039.334970,46374
2039.335143,46375
2039.335690,46376
2039.336127,46377
2039.336500,46378
2039.337135,46379
2039.337440,46380
2039.337750,46381
2039.338010,46382
2039.338335,46383
2039.338340,46385
2039.338340,46387
2039.338340,46388
2039.338440,46389
2039.339157,46390
2039.339210,46391
2039.339280,46392
2039.339480,46393
2039.339860,46394
2039.340096,46395
2039.340166,46396
2039.340754,46397
2039.341230,46398
2039.341380,46399
2039.341802,46400
2039.342650,46401
2039.343240,46402
2039.343467,46403
2039.344137,46404
2039.344137,46405
2039.344140,46406
2039.344200,46407
2039.344455,46408
2039.344795,46409
2039.345455,46410
2039.345680,46411
2039.346440,46412
2039.346952,46413
2039.347030,46414
2039.347940,46415
2039.348340,46416
2039.348340,46419
2039.348340,46420
2039.348340,46422
2039.348740,46423
2039.350250,46424
2039.351340,46425
2039.351380,46426
2039.352140,46427
2039.352486,46428
2039.352840,46429
2039.353600,46430
2039.353760,46432
2039.353770,46433
2039.354160,46434
2039.354940,46435
2039.355040,46436
2039.355230,46437
2039.355445,46438
2039.357140,46439
2039.357640,46440
2039.358340,46441
2039.358340,46445
2039.358340,46447
2039.358340,46450
2039.358651,46451
2039.358940,46452
2039.358940,46453
2039.360440,46455
2039.361135,46456
2039.361283,46457
2039.361300,46458
2039.361790,46459
2039.362500,46460
2039.363140,46461
2039.363340,46462
2039.363990,46463
2039.364340,46464
2039.364610,46465
2039.365440,46466
2039.365539,46467
2039.365580,46468
2039.366120,46469
2039.368340,46472
2039.368340,46474
2039.368340,46476
2039.368593,46477
2039.369040,46478
2039.369080,46479
2039.369780,46480
2039.369805,46481
2039.370190,46482
2039.371640,46483
2039.372240,46484
2039.372380,46485
2039.372448,46486
2039.372822,46487
2039.373340,46488
2039.373560,46489
2039.374545,46490
2039.375060,46491
2039.376110,46492
2039.376290,46493
2039.376512,46494
2039.376792,46495
2039.377240,46496
2039.378340,46497
2039.378340,46499
2039.378340,46501
2039.378340,46502
2039.378340,46503
2039.378340,46504
2039.378800,46505
2039.379040,46506
2039.379650,46507
2039.381710,46508
2039.383511,46509
2039.384840,46510
2039.385470,46511
2039.386360,46512
2039.386515,46513
2039.387775,46514
2039.388340,46515
2039.388340,46518
2039.388340,46519
2039.388340,46524
2039.388340,46526
2039.388340,46527
2039.388340,46529
2039.388340,46530
2039.389670,46531
2039.389900,46532
2039.389940,46533
2039.389950,46534
2039.390400,46535
2039.390540,46536
2039.391609,46537
2039.392600,46538
2039.393420,46539
2039.393510,46540
2039.393995,46541
2039.394430,46542
2039.395090,46543
2039.395109,46544
2039.395240,46545
2039.396932,46546
2039.396980,46547
2039.397030,46548
2039.397780,46549
2039.397960,46550
2039.398070,46551
2039.398340,46554
2039.398340,46558
2039.398570,46559
2039.398947,46560
2039.401080,46561
2039.401340,46562
2039.401660,46563
2039.402568,46564
2039.402741,46565
2039.403340,46566
2039.403805,46567
2039.405552,46568
2039.405798,46569
2039.406010,46570
2039.406340,46571
2039.407056,46572
2039.407110,46573
2039.408200,46574
2039.408340,46576
2039.408340,46579
2039.408340,46581
2039.408340,46583
2039.408750,46584
2039.409345,46585
2039.409560,46586
2039.411740,46587
2039.412740,46588
2039.412805,46589
2039.414180,46590
2039.414320,46591
2039.416880,46592
2039.417090,46593
2039.417320,46594
2039.418185,46595
2039.418340,46596
2039.418340,46604
2039.418340,46612
2039.418340,46616
2039.418340,46619
2039.420040,46620
2039.420250,46621
2039.420450,46622
2039.420490,46623
2039.422040,46624
2039.422640,46625
2039.423155,46626
2039.423440,46627
2039.424040,46628
2039.425007,46629
2039.425580,46630
2039.426250,46631
2039.426360,46632
2039.426403,46633
2039.426947,46634
2039.427167,46635
2039.427500,46636
2039.428158,46637
2039.428340,46641
2039.428340,46645
2039.428340,46650
2039.428340,46651
2039.428630,46652
2039.429213,46653
2039.431949,46654
2039.432320,46655
2039.432740,46656
2039.435160,46657
2039.435770,46658
2039.436050,46659
2039.438110,46660
2039.438340,46661
2039.438340,46662
2039.438340,46663
2039.438340,46666
2039.438340,46668
2039.438340,46669
2039.438940,46670
2039.438967,46671
2039.439850,46672
2039.441340,46673
2039.441792,46674
2039.441940,46675
2039.443438,46676
2039.443810,46677
2039.443947,46678
2039.444017,46679
2039.444272,46680
2039.444640,46683
2039.444710,46684
2039.445290,46685
2039.445763,46686
2039.445840,46687
2039.446340,46688
2039.446344,46689
2039.446480,46690
2039.447440,46691
2039.448218,46692
2039.448340,46694
2039.448340,46695
2039.448740,46696
2039.449070,46697
2039.449660,46698
2039.451350,46699
2039.451650,46700
2039.452380,46701
2039.453620,46702
2039.454515,46703
2039.455275,46704
2039.455468,46705
2039.456670,46706
2039.456680,46707
2039.457470,46708
2039.458340,46710
2039.458340,46712
2039.458340,46713
2039.458340,46716
2039.459330,46717
2039.459350,46718
2039.460660,46719
2039.461290,46720
2039.461330,46721
2039.461470,46722
2039.462340,46723
2039.463210,46724
2039.463346,46725
2039.463520,46726
2039.465006,46727
2039.465750,46728
2039.465880,46729
2039.465890,46730
2039.468010,46731
2039.468340,46733
2039.468340,46736
2039.468340,46737
2039.468340,46738
2039.468340,46739
2039.468520,46740
2039.469910,46741
2039.470361,46742
2039.472071,46743
2039.472190,46744
2039.472350,46745
2039.473595,46746
2039.474374,46747
2039.474533,46748
2039.475080,46749
2039.475173,46750
2039.476571,46751
2039.476610,46752
2039.476649,46753
2039.477783,46754
2039.478340,46755
2039.478340,46757
2039.478340,46758
2039.478340,46762
2039.478340,46766
2039.478690,46767
2039.479333,46768
2039.479777,46769
2039.480645,46770
2039.480720,46771
2039.480840,46772
2039.480970,46773
2039.481318,46775
2039.482207,46776
2039.482560,46777
2039.482870,46778
2039.482881,46779
2039.483770,46780
2039.485300,46781
2039.485568,46782
2039.486140,46783
2039.486450,46784
2039.486460,46785
2039.486640,46786
2039.487093,46787
2039.487940,46788
2039.488340,46791
2039.488340,46792
2039.488340,46795
2039.488340,46796
2039.489194,46797
2039.489670,46798
2039.489730,46799
2039.490224,46800
2039.490760,46801
2039.491015,46802
2039.491350,46803
2039.491850,46804
2039.492090,46805
2039.492230,46806
2039.492300,46807
2039.493395,46808
2039.493930,46809
2039.495010,46810
2039.495415,46811
2039.497210,46812
2039.497617,46813
2039.497840,46814
2039.497990,46815
2039.498070,46816
2039.498080,46817
2039.498340,46820
2039.498340,46823
2039.498340,46824
2039.498840,46825
2039.499685,46826
2039.500830,46827
2039.501320,46828
2039.501390,46830
2039.501855,46831
2039.502510,46832
2039.502559,46833
2039.502710,46834
2039.503169,46835
2039.503170,46836
2039.503540,46837
2039.503870,46838
2039.504460,46839
2039.504890,46840
2039.505420,46841
2039.506080,46842
2039.506440,46843
2039.506840,46844
2039.507840,46845
2039.508340,46846
2039.508340,46848
2039.508340,46851
2039.508340,46852
2039.508940,46853
2039.509302,46854
2039.509680,46855
2039.511485,46856
2039.512340,46857
2039.513328,46858
2039.513638,46859
2039.514838,46860
2039.516703,46861
2039.517030,46862
2039.518110,46863
2039.518220,46864
2039.518340,46867
2039.518340,46872
2039.518340,46881
2039.518340,46892
2039.518340,46894
2039.518340,46895
2039.519280,46896
2039.519590,46897
2039.520277,46898
2039.520970,46899
2039.521060,46900
2039.521895,46901
2039.522020,46902
2039.522050,46903
2039.523290,46904
2039.524570,46905
2039.524645,46906
2039.524840,46909
2039.525963,46910
2039.526240,46911
2039.527170,46912
2039.527340,46913
2039.528140,46914
2039.528340,46915
2039.528340,46917
2039.528340,46918
2039.528340,46919
2039.528535,46920
2039.528915,46921
2039.528963,46922
2039.529730,46923
2039.529840,46924
2039.529911,46925
2039.530430,46928
2039.530769,46929
2039.531230,46930
2039.531950,46931
2039.533207,46932
2039.533340,46933
2039.533340,46934
2039.533900,46935
2039.534840,46936
2039.534930,46937
2039.535100,46938
2039.535330,46939
2039.535340,46940
2039.535370,46941
2039.535460,46942
2039.535765,46943
2039.535990,46944
2039.536560,46945
2039.536630,46946
2039.537265,46947
2039.538340,46951
2039.538340,46954
2039.538340,46956
2039.538340,46957
2039.538760,46958
2039.538913,46959
2039.539340,46960
2039.539439,46961
2039.539485,46962
2039.540640,46963
2039.540680,46964
2039.541419,46965
2039.541500,46966
2039.543340,46967
2039.543340,46968
2039.543410,46969
2039.543580,46970
2039.544290,46971
2039.545210,46972
2039.545690,46973
2039.545930,46974
2039.546240,46975
2039.546330,46976
2039.546531,46977
2039.547250,46978
2039.547260,46979
2039.548340,46980
2039.548340,46981
2039.548340,46982
2039.549490,46983
2039.549640,46984
2039.550270,46985
2039.550780,46986
2039.553720,46987
2039.554160,46988
2039.554340,46989
2039.554500,46990
2039.555680,46991
2039.555697,46992
2039.557521,46993
2039.557925,46994
2039.558280,46995
2039.558316,46996
2039.558340,46999
2039.558340,47002
2039.558340,47003
2039.558340,47005
2039.558340,47006
2039.558440,47007
2039.560040,47008
2039.560360,47009
2039.560950,47010
2039.561095,47011
2039.561360,47012
2039.564840,47013
2039.566080,47014
2039.566163,47015
2039.566220,47016
2039.566303,47017
2039.566390,47018
2039.568110,47019
2039.568340,47022
2039.568340,47026
2039.568340,47036
2039.568340,47039
2039.568380,47040
2039.568410,47041
2039.568700,47042
2039.569310,47043
2039.569840,47044
2039.569942,47045
2039.572638,47046
2039.573054,47047
2039.573290,47048
2039.573340,47049
2039.575040,47050
2039.575400,47051
2039.575640,47052
2039.575984,47053
2039.576740,47054
2039.577770,47055
2039.577880,47056
2039.578340,47057
2039.578340,47059
2039.578340,47062
2039.579075,47063
2039.580840,47064
2039.580980,47065
2039.581196,47066
2039.581950,47068
2039.582165,47069
2039.582330,47070
2039.582340,47071
2039.582404,47072
2039.582640,47073
2039.583600,47074
2039.584640,47075
2039.585250,47077
2039.585740,47078
2039.585802,47079
2039.586140,47080
2039.586210,47081
2039.588340,47083
2039.588340,47087
2039.588340,47089
2039.588690,47090
2039.589730,47091
2039.589800,47092
2039.590194,47093
2039.591730,47094
2039.591850,47095
2039.591921,47096
2039.592940,47097
2039.593270,47098
2039.593630,47099
2039.593833,47100
2039.594671,47101
2039.595090,47102
2039.595190,47103
2039.596140,47104
2039.596248,47105
2039.596950,47106
2039.597955,47107
2039.598340,47109
2039.598340,47110
2039.598340,47112
2039.598340,47114
2039.598340,47117
2039.598340,47118
2039.598340,47119
2039.598340,47120
2039.599510,47121
2039.599970,47122
2039.600050,47123
2039.600190,47124
2039.602270,47125
2039.602360,47126
2039.602644,47127
2039.602670,47128
2039.602895,47129
2039.603090,47130
2039.604042,47131
2039.604140,47132
2039.604970,47133
2039.605985,47134
2039.606635,47135
2039.606833,47136
2039.607587,47137
2039.608075,47138
2039.608340,47139
2039.608340,47140
2039.608340,47141
2039.609765,47142
2039.610340,47143
2039.612250,47144
2039.613340,47145
2039.613720,47146
2039.613810,47147
2039.614190,47148
2039.614340,47149
2039.614420,47150
2039.615070,47151
2039.615720,47152
2039.617200,47153
2039.617240,47154
2039.618340,47156
2039.618340,47160
2039.618340,47164
2039.618340,47166
2039.618340,47169
2039.618527,47170
2039.619200,47171
2039.619310,47172
2039.619407,47173
2039.620340,47174
2039.622297,47175
2039.622710,47176
2039.623430,47177
2039.624205,47178
2039.624840,47179
2039.626194,47180
2039.628340,47181
2039.628340,47186
2039.628340,47190
2039.628410,47191
2039.628430,47192
2039.628990,47193
2039.630250,47194
2039.630540,47195
2039.630950,47196
2039.631418,47197
2039.632440,47198
2039.632720,47204
2039.632770,47205
2039.632910,47206
2039.633090,47207
2039.633540,47208
2039.635510,47209
2039.635670,47210
2039.635940,47211
2039.636360,47212
2039.636405,47213
2039.637195,47214
2039.637733,47215
2039.638219,47216
2039.638340,47218
2039.638340,47220
2039.638340,47222
2039.638340,47223
2039.638340,47224
2039.638519,47225
2039.638800,47226
2039.640026,47227
2039.640610,47228
2039.641640,47229
2039.642290,47230
2039.642350,47231
2039.642579,47232
2039.642980,47233
2039.643926,47234
2039.643940,47235
2039.644885,47236
2039.645890,47237
2039.646070,47238
2039.646730,47239
2039.646840,47240
2039.647140,47241
2039.647232,47242
2039.647640,47243
2039.648340,47244
2039.648340,47246
2039.648340,47248
2039.649350,47249
2039.649540,47250
2039.650340,47251
2039.650980,47252
2039.651540,47253
2039.651670,47254
2039.653215,47255
2039.653340,47256
2039.653800,47257
2039.653930,47258
2039.655355,47259
2039.656856,47260
2039.656890,47261
2039.657480,47262
2039.658340,47264
2039.658340,47268
2039.658340,47272
2039.658340,47273
2039.658570,47274
2039.659269,47275
2039.661090,47276
2039.662220,47277
2039.662450,47278
2039.663150,47279
2039.663260,47280
2039.663340,47281
2039.663830,47282
2039.664356,47283
2039.665735,47284
2039.666455,47285
2039.666856,47286
2039.666901,47287
2039.667170,47288
2039.667330,47289
2039.667630,47290
2039.667740,47291
2039.667900,47292
2039.668340,47298
2039.668340,47301
2039.668340,47304
2039.668340,47306
2039.669020,47307
2039.669980,47308
2039.670570,47309
2039.670950,47310
2039.671220,47311
2039.671673,47312
2039.671899,47313
2039.672040,47314
2039.672940,47315
2039.673540,47316
2039.674570,47317
2039.675260,47318
2039.677230,47319
2039.677450,47320
2039.678340,47324
2039.678340,47332
2039.678340,47333
2039.678340,47334
2039.678940,47335
2039.680075,47336
2039.680720,47337
2039.681050,47338
2039.681090,47340
2039.681260,47341
2039.681940,47342
2039.681950,47343
2039.683140,47344
2039.683940,47345
2039.684737,47346
2039.685275,47347
2039.685753,47348
2039.686730,47349
2039.687360,47350
2039.687440,47351
2039.687810,47352
2039.688340,47354
2039.688340,47357
2039.688340,47358
2039.689110,47359
2039.689390,47360
2039.689905,47361
2039.690685,47362
2039.691200,47363
2039.691480,47364
2039.691802,47365
2039.691870,47366
2039.692115,47367
2039.692960,47368
2039.693187,47369
2039.694863,47370
2039.695930,47371
2039.696265,47372
2039.696475,47373
2039.697360,47374
2039.697610,47375
2039.698331,47376
2039.698340,47377
2039.698565,47378
2039.699380,47379
2039.699636,47380
2039.699870,47381
2039.700710,47382
2039.701640,47383
2039.702040,47384
2039.702110,47385
2039.702878,47386
2039.703305,47387
2039.704640,47388
2039.706040,47389
2039.706350,47390
2039.706670,47391
2039.707010,47392
2039.707501,47393
2039.708340,47394
2039.708340,47397
2039.708340,47398
2039.708840,47399
2039.709240,47400
2039.709380,47401
2039.709580,47402
2039.709610,47403
2039.709940,47405
2039.710662,47406
2039.710730,47407
2039.712540,47408
2039.712730,47409
2039.713826,47410
2039.714220,47411
2039.714380,47412
2039.714590,47413
2039.716350,47414
2039.717700,47415
2039.717890,47416
2039.718340,47417
2039.718340,47420
2039.718340,47430
2039.718340,47433
2039.718340,47435
2039.718340,47438
2039.719550,47439
2039.719687,47440
2039.719970,47441
2039.720669,47442
2039.722150,47443
2039.722540,47444
2039.723945,47445
2039.725920,47446
2039.726140,47447
2039.726257,47448
2039.726965,47449
2039.727425,47450
2039.727775,47451
2039.728310,47452
2039.728340,47453
2039.728340,47454
2039.728340,47455
2039.728340,47459
2039.728420,47460
2039.728840,47461
2039.729249,47462
2039.729580,47463
2039.729590,47464
2039.731840,47465
2039.732210,47466
2039.732587,47467
2039.732650,47468
2039.732790,47469
2039.733820,47470
2039.735140,47471
2039.735250,47472
2039.735940,47473
2039.736260,47474
2039.736409,47475
2039.737040,47476
2039.737090,47477
2039.737110,47478
2039.738340,47480
2039.738340,47481
2039.739720,47482
2039.739940,47483
2039.742138,47484
2039.742240,47485
2039.742300,47486
2039.742580,47487
2039.743230,47488
2039.743595,47489
2039.744050,47490
2039.744110,47491
2039.745920,47492
2039.747840,47493
2039.747910,47494
2039.747940,47495
2039.748340,47496
2039.748340,47498
2039.748340,47499
2039.748340,47500
2039.748430,47501
2039.748470,47502
2039.752073,47503
2039.754030,47504
2039.755470,47505
2039.756600,47506
2039.757140,47507
2039.757460,47508
2039.757585,47509
2039.757742,47510
2039.758340,47511
2039.758340,47513
2039.758340,47514
2039.758340,47517
2039.758340,47518
2039.758758,47519
2039.758770,47520
2039.759225,47521
2039.760340,47522
2039.760375,47523
2039.760810,47524
2039.761440,47525
2039.761465,47526
2039.761507,47527
2039.761566,47528
2039.761574,47529
2039.761691,47530
2039.762340,47531
2039.763022,47532
2039.763340,47533
2039.764040,47534
2039.764185,47535
2039.765279,47536
2039.767270,47537
2039.767640,47538
2039.767870,47539
2039.767920,47540
2039.768340,47541
2039.768340,47544
2039.768340,47550
2039.768340,47551
2039.768340,47552
2039.770340,47553
2039.771040,47554
2039.771840,47555
2039.771910,47556
2039.772500,47557
2039.772660,47558
2039.772915,47559
2039.773010,47560
2039.773042,47561
2039.773380,47562
2039.773820,47563
2039.774340,47564
2039.774840,47565
2039.775340,47566
2039.775450,47567
2039.775840,47568
2039.776120,47569
2039.776520,47570
2039.778340,47573
2039.778340,47574
2039.778340,47575
2039.778430,47576
2039.778660,47577
2039.779040,47578
2039.779482,47579
2039.779740,47580
2039.779740,47581
2039.780340,47582
2039.780940,47583
2039.780955,47584
2039.781500,47585
2039.782149,47586
2039.782730,47587
2039.783040,47588
2039.784370,47589
2039.784540,47590
2039.786730,47591
2039.787030,47592
2039.788180,47593
2039.788340,47594
2039.788340,47595
2039.789270,47596
2039.789326,47597
2039.789741,47598
2039.789830,47599
2039.790070,47600
2039.790245,47601
2039.790520,47602
2039.790950,47603
2039.791640,47604
2039.791653,47605
2039.793010,47606
2039.793088,47607
2039.793209,47608
2039.794640,47609
2039.794980,47610
2039.795830,47611
2039.796340,47612
2039.797690,47613
2039.797750,47614
2039.797890,47615
2039.798010,47616
2039.798310,47617
2039.798340,47618
2039.798340,47622
2039.798340,47623
2039.798810,47624
2039.800940,47625
2039.800981,47626
2039.801120,47627
2039.801230,47628
2039.802120,47629
2039.802194,47630
2039.802563,47631
2039.802670,47632
2039.803440,47633
2039.804040,47634
2039.804160,47635
2039.804380,47636
2039.804780,47637
2039.806540,47638
2039.807560,47639
2039.808340,47640
2039.808340,47642
2039.808340,47643
2039.808340,47644
2039.808340,47645
2039.808600,47646
2039.809640,47647
2039.810500,47648
2039.812056,47649
2039.812155,47650
2039.812293,47651
2039.812330,47652
2039.812520,47653
2039.812592,47654
2039.812670,47655
2039.813340,47657
2039.814220,47658
2039.814350,47659
2039.815770,47660
2039.815855,47661
2039.816500,47662
2039.817940,47663
2039.818140,47664
2039.818200,47665
2039.818240,47666
2039.818340,47671
2039.818340,47677
2039.818340,47681
2039.818340,47683
2039.818340,47686
2039.818340,47694
2039.818600,47695
2039.819890,47696
2039.820540,47697
2039.820770,47698
2039.820940,47699
2039.821040,47700
2039.822075,47702
2039.822530,47703
2039.823310,47704
2039.823340,47705
2039.824109,47706
2039.824785,47707
2039.825330,47708
2039.825610,47709
2039.825610,47710
2039.825640,47711
2039.825790,47712
2039.826790,47713
2039.827717,47714
2039.828340,47715
2039.828340,47716
2039.828340,47718
2039.828340,47719
2039.828499,47720
2039.828655,47721
2039.828840,47722
2039.830830,47723
2039.831090,47724
2039.831340,47725
2039.831370,47726
2039.832180,47727
2039.832660,47728
2039.832970,47729
2039.834342,47730
2039.835210,47731
2039.835280,47732
2039.835410,47733
2039.835500,47734
2039.835880,47735
2039.836071,47736
2039.836110,47737
2039.836475,47738
2039.838010,47739
2039.838340,47740
2039.838340,47741
2039.839020,47742
2039.839900,47743
2039.840830,47744
2039.842395,47745
2039.842740,47746
2039.843114,47747
2039.843360,47748
2039.844049,47749
2039.844590,47750
2039.845007,47751
2039.845610,47752
2039.845640,47753
2039.846100,47754
2039.846820,47755
2039.846975,47756
2039.847275,47757
2039.848340,47759
2039.848340,47761
2039.848340,47767
2039.848340,47771
2039.849184,47772
2039.849850,47773
2039.851150,47774
2039.851620,47775
2039.851780,47776
2039.852074,47777
2039.852980,47778
2039.854210,47779
2039.854370,47780
2039.854420,47781
2039.854779,47782
2039.855340,47783
2039.855450,47784
2039.856183,47785
2039.856410,47786
2039.856880,47787
2039.858340,47788
2039.858340,47789
2039.858340,47792
2039.858340,47794
2039.858340,47796
2039.858340,47797
2039.859170,47798
2039.859830,47799
2039.860640,47800
2039.860980,47801
2039.861340,47802
2039.861468,47803
2039.861708,47804
2039.861920,47805
2039.862390,47806
2039.862439,47807
2039.862680,47808
2039.862705,47809
2039.862830,47810
2039.863702,47811
2039.863850,47812
2039.865696,47813
2039.865840,47814
2039.866750,47815
2039.866984,47816
2039.867000,47817
2039.867110,47818
2039.867310,47819
2039.867476,47820
2039.868340,47824
2039.868340,47825
2039.868340,47826
2039.868802,47827
2039.869570,47828
2039.869930,47829
2039.870760,47830
2039.871530,47831
2039.871710,47832
2039.872200,47833
2039.872650,47834
2039.873805,47835
2039.873840,47836
2039.874030,47837
2039.874280,47838
2039.874350,47839
2039.874360,47840
2039.874983,47841
2039.875160,47842
2039.876040,47843
2039.876260,47844
2039.876780,47845
2039.877240,47846
2039.877999,47847
2039.878300,47848
2039.878340,47849
2039.878340,47850
2039.878340,47851
2039.878340,47853
2039.878430,47854
2039.878560,47855
2039.879040,47856
2039.879070,47857
2039.879080,47858
2039.879110,47859
2039.879857,47860
2039.881158,47861
2039.881220,47862
2039.881240,47863
2039.882050,47864
2039.882660,47865
2039.883170,47866
2039.883175,47867
2039.885707,47868
2039.885900,47869
2039.886030,47870
2039.888277,47871
2039.888340,47872
2039.888340,47873
2039.888340,47876
2039.888340,47877
2039.888530,47878
2039.889199,47879
2039.889410,47880
2039.889838,47882
2039.891080,47883
2039.892090,47884
2039.892540,47885
2039.893350,47886
2039.893940,47887
2039.894919,47888
2039.895380,47889
2039.895862,47890
2039.897627,47891
2039.898340,47896
2039.898340,47897
2039.898340,47901
2039.899680,47902
2039.900440,47903
2039.900960,47904
2039.901515,47905
2039.902111,47906
2039.903036,47907
2039.903340,47908
2039.904070,47909
2039.904090,47910
2039.904332,47911
2039.906140,47912
2039.906430,47913
2039.906544,47914
2039.907410,47915
2039.907817,47916
2039.908340,47920
2039.908340,47921
2039.908340,47922
2039.908340,47923
2039.909160,47924
2039.909410,47925
2039.910530,47926
2039.910680,47927
2039.910760,47928
2039.910810,47929
2039.912140,47930
2039.913329,47931
2039.914200,47932
2039.914559,47933
2039.918340,47935
2039.918340,47941
2039.918340,47954
2039.918340,47958
2039.918340,47960
2039.918340,47964
2039.918430,47965
2039.918710,47966
2039.919090,47967
2039.922640,47968
2039.923040,47969
2039.924235,47970
2039.924240,47971
2039.924368,47972
2039.924785,47973
2039.925089,47974
2039.925840,47978
2039.926260,47979
2039.926840,47980
2039.927390,47981
2039.927540,47982
2039.928340,47983
2039.928340,47984
2039.928340,47986
2039.928340,47989
2039.928599,47990
2039.929815,47991
2039.929950,47992
2039.931160,47993
2039.931900,47994
2039.931929,47995
2039.931950,47996
2039.932053,47997
2039.933040,47998
2039.935300,47999
2039.935480,48000
2039.935555,48001
2039.936440,48002
2039.937930,48003
2039.938340,48004
2039.938340,48007
2039.938580,48008
2039.938880,48009
2039.939585,48010
2039.939940,48011
2039.940325,48012
2039.940750,48013
2039.941340,48014
2039.941635,48015
2039.942695,48016
2039.943290,48017
2039.943720,48018
2039.945440,48020
2039.945700,48021
2039.947050,48022
2039.948340,48023
2039.948340,48027
2039.948340,48028
2039.948340,48029
2039.948440,48030
2039.950340,48031
2039.950760,48032
2039.951320,48033
2039.951416,48034
2039.951820,48035
2039.952113,48036
2039.952230,48037
2039.953340,48038
2039.953830,48039
2039.953875,48040
2039.954670,48041
2039.955090,48042
2039.956340,48044
2039.958340,48045
2039.958340,48046
2039.958340,48048
2039.958601,48049
2039.958640,48050
2039.959130,48051
2039.959230,48052
2039.960840,48053
2039.960935,48054
2039.961060,48055
2039.961080,48056
2039.961810,48057
2039.963562,48058
2039.964849,48059
2039.965210,48060
2039.965340,48062
2039.965640,48063
2039.965780,48064
2039.965916,48065
2039.966386,48066
2039.966640,48067
2039.966890,48068
2039.967720,48069
2039.967776,48070
2039.968340,48071
2039.968340,48075
2039.968340,48077
2039.968340,48078
2039.968570,48079
2039.968640,48080
2039.968937,48081
2039.969660,48082
2039.969700,48083
2039.969730,48084
2039.970115,48085
2039.970330,48086
2039.972510,48087
2039.974050,48088
2039.974380,48089
2039.975430,48090
2039.975560,48091
2039.976055,48092
2039.977010,48093
2039.977200,48094
2039.977495,48095
2039.978340,48096
2039.978340,48100
2039.978340,48105
2039.978340,48107
2039.978340,48108
2039.979494,48109
2039.979615,48110
2039.979780,48111
2039.980011,48112
2039.981070,48113
2039.981500,48114
2039.984400,48115
2039.985680,48116
2039.985785,48117
2039.986470,48118
2039.987806,48119
2039.988055,48120
2039.988340,48121
2039.988340,48122
2039.988340,48125
2039.988340,48126
2039.988340,48127
2039.988781,48128
2039.989711,48129
2039.991590,48130
2039.992740,48131
2039.992950,48136
2039.993122,48137
2039.994120,48138
2039.994530,48139
2039.994910,48140
2039.995850,48141
2039.996140,48142
2039.997020,48143
2039.997740,48144
2039.997870,48145
2039.998340,48146
2039.998340,48151
2039.998340,48156
2039.998340,48157
2039.998340,48158
2039.999140,48159
2039.999190,48160
2039.999300,48161
2040.002440,48162
2040.002840,48163
2040.002999,48164
2040.003450,48165
2040.004152,48166
2040.005675,48167
2040.006200,48168
2040.006336,48169
2040.006590,48170
2040.007470,48171
2040.008140,48172
2040.008340,48175
2040.008340,48177
2040.008340,48181
2040.008340,48182
2040.008599,48183
2040.011340,48184
2040.012280,48185
2040.012900,48186
2040.013800,48187
2040.014229,48188
2040.015060,48189
2040.016973,48190
2040.017395,48191
2040.017540,48192
2040.018242,48193
2040.018340,48195
2040.018340,48205
2040.018340,48226
2040.018340,48248
2040.018340,48251
2040.018340,48253
2040.018340,48254
2040.018680,48255
2040.018890,48256
2040.019074,48257
2040.019202,48258
2040.019467,48259
2040.020240,48260
2040.020759,48261
2040.021440,48262
2040.021479,48264
2040.021930,48265
2040.021950,48266
2040.021954,48267
2040.022456,48268
2040.022550,48269
2040.022730,48270
2040.023320,48271
2040.023757,48272
2040.025490,48273
2040.025810,48275
2040.025820,48276
2040.026425,48277
2040.027270,48278
2040.027750,48279
2040.028340,48280
2040.028340,48281
2040.028340,48282
2040.028340,48283
2040.028710,48284
2040.028935,48285
2040.029050,48286
2040.029114,48287
2040.029380,48288
2040.030231,48289
2040.030310,48290
2040.030446,48291
2040.030705,48292
2040.031829,48293
2040.032348,48294
2040.032915,48295
2040.033008,48296
2040.033900,48297
2040.034226,48298
2040.034340,48299
2040.034820,48300
2040.034902,48301
2040.034939,48302
2040.035512,48303
2040.035659,48304
2040.036056,48305
2040.036820,48306
2040.037420,48307
2040.038078,48308
2040.038340,48310
2040.038353,48311
2040.038520,48312
2040.038898,48313
2040.039383,48314
2040.039749,48316
2040.039942,48317
2040.041000,48318
2040.041490,48319
2040.044250,48320
2040.044760,48321
2040.044810,48322
2040.044855,48323
2040.044860,48324
2040.045209,48325
2040.045443,48326
2040.046980,48327
2040.047048,48328
2040.048340,48329
2040.048340,48331
2040.048340,48333
2040.048340,48336
2040.048340,48337
2040.048520,48338
2040.050200,48339
2040.050310,48340
2040.050730,48341
2040.051253,48342
2040.051744,48343
2040.053340,48345
2040.053340,48346
2040.053340,48347
2040.055396,48348
2040.055529,48349
2040.055850,48350
2040.056340,48352
2040.056375,48353
2040.057337,48354
2040.058340,48356
2040.058534,48357
2040.058960,48358
2040.059190,48359
2040.059523,48360
2040.060073,48361
2040.061176,48362
2040.061850,48363
2040.062964,48364
2040.063159,48365
2040.063350,48366
2040.064650,48367
2040.065064,48368
2040.065095,48369
2040.065203,48370
2040.065419,48371
2040.066101,48372
2040.066950,48373
2040.067564,48374
2040.067950,48375
2040.068340,48376
2040.068340,48378
2040.068340,48380
2040.068340,48381
2040.069910,48382
2040.069917,48383
2040.069954,48384
2040.070125,48385
2040.070263,48386
2040.071203,48387
2040.071282,48388
2040.071445,48389
2040.072220,48390
2040.072979,48391
2040.073204,48392
2040.073644,48393
2040.073891,48394
2040.074051,48395
2040.074870,48396
2040.075490,48397
2040.075525,48398
2040.075579,48399
2040.075897,48400
2040.076690,48401
2040.077918,48402
2040.078340,48403
2040.078340,48404
2040.078340,48405
2040.078340,48407
2040.078940,48408
2040.079529,48409
2040.079775,48410
2040.080829,48411
2040.081920,48412
2040.081990,48413
2040.083340,48414
2040.083340,48415
2040.085900,48416
2040.086460,48417
2040.088170,48418
2040.088340,48419
2040.088340,48422
2040.088340,48423
2040.088376,48424
2040.089439,48425
2040.090082,48426
2040.090521,48427
2040.090738,48428
2040.090965,48429
2040.091125,48430
2040.092518,48431
2040.092707,48432
2040.092990,48433
2040.093192,48434
2040.093549,48435
2040.093750,48438
2040.095551,48439
2040.095750,48440
2040.097909,48441
2040.097954,48442
2040.098340,48446
2040.098340,48448
2040.099738,48449
2040.100110,48450
2040.100220,48451
2040.100475,48452
2040.100540,48453
2040.100750,48454
2040.100940,48455
2040.102566,48456
2040.102611,48457
2040.104280,48458
2040.105297,48459
2040.105700,48460
2040.106585,48461
2040.107060,48462
2040.107132,48463
2040.107140,48464
2040.107811,48465
2040.108090,48468
2040.108340,48469
2040.108340,48471
2040.108340,48473
2040.108340,48474
2040.108340,48475
2040.109648,48476
2040.109690,48477
2040.111956,48478
2040.112000,48479
2040.114580,48480
2040.115380,48481
2040.115850,48482
2040.116740,48483
2040.117780,48484
2040.118080,48486
2040.118108,48487
2040.118174,48488
2040.118340,48489
2040.118340,48493
2040.118340,48502
2040.118340,48508
2040.118340,48514
2040.118340,48515
2040.118340,48516
2040.119346,48517
2040.120158,48518
2040.120330,48519
2040.120810,48520
2040.122600,48521
2040.122755,48522
2040.123340,48524
2040.123606,48525
2040.125403,48526
2040.125675,48527
2040.125990,48528
2040.126806,48529
2040.126922,48530
2040.127648,48531
2040.128340,48533
2040.128340,48535
2040.128340,48537
2040.128340,48539
2040.128660,48540
2040.129098,48541
2040.131095,48542
2040.131255,48543
2040.132365,48544
2040.132607,48545
2040.133708,48546
2040.134725,48547
2040.135000,48548
2040.135130,48549
2040.135790,48550
2040.136340,48551
2040.137333,48552
2040.137800,48553
2040.138340,48554
2040.139728,48555
2040.140340,48558
2040.140670,48559
2040.142333,48560
2040.142440,48562
2040.143033,48563
2040.143060,48564
2040.144352,48565
2040.144812,48566
2040.145144,48567
2040.145607,48568
2040.146055,48569
2040.146674,48570
2040.146895,48571
2040.147073,48572
2040.147572,48573
2040.147737,48574
2040.148330,48575
2040.148340,48576
2040.148340,48577
2040.148340,48580
2040.148340,48582
2040.148575,48583
2040.148750,48584
2040.149817,48585
2040.150360,48586
2040.150690,48587
2040.151274,48588
2040.151673,48589
2040.151927,48590
2040.152938,48591
2040.153340,48592
2040.153798,48593
2040.154530,48594
2040.154884,48595
2040.155899,48596
2040.156137,48597
2040.156175,48598
2040.156630,48600
2040.156680,48601
2040.157335,48602
2040.158219,48603
2040.158340,48606
2040.158340,48608
2040.158340,48609
2040.159250,48610
2040.160344,48611
2040.160725,48612
2040.162020,48613
2040.162100,48614
2040.162504,48615
2040.163005,48616
2040.164322,48617
2040.165780,48618
2040.166340,48619
2040.166633,48620
2040.167190,48621
2040.167653,48622
2040.168340,48623
2040.168340,48624
2040.168340,48627
2040.168340,48631
2040.168455,48632
2040.168464,48633
2040.168690,48634
2040.168810,48635
2040.168826,48636
2040.170350,48637
2040.171310,48638
2040.171568,48639
2040.172360,48640
2040.172533,48641
2040.173224,48642
2040.173486,48643
2040.173650,48644
2040.173700,48645
2040.173804,48646
2040.173830,48647
2040.175298,48648
2040.175383,48649
2040.175608,48650
2040.178340,48651
2040.178340,48652
2040.178393,48653
2040.179220,48654
2040.179431,48655
2040.180927,48656
2040.181036,48657
2040.182855,48658
2040.183420,48659
2040.184020,48661
2040.184168,48662
2040.185163,48663
2040.185790,48664
2040.186206,48665
2040.187500,48666
2040.188340,48668
2040.188340,48670
2040.188340,48672
2040.188897,48673
2040.189570,48674
2040.189813,48675
2040.189870,48676
2040.189950,48677
2040.190115,48678
2040.190146,48679
2040.190150,48680
2040.190676,48681
2040.191340,48682
2040.192207,48683
2040.192350,48684
2040.192750,48685
2040.193680,48686
2040.194106,48687
2040.194733,48688
2040.195389,48689
2040.195533,48690
2040.195549,48691
2040.195620,48692
2040.195940,48693
2040.196368,48694
2040.196620,48695
2040.196810,48696
2040.196889,48697
2040.196920,48698
2040.197599,48699
2040.197708,48700
2040.197992,48701
2040.198340,48702
2040.198340,48703
2040.198340,48705
2040.198340,48706
2040.198400,48707
2040.198620,48708
2040.198665,48709
2040.198850,48710
2040.199870,48711
2040.199950,48712
2040.200916,48713
2040.201086,48714
2040.202027,48715
2040.202041,48716
2040.203149,48717
2040.203340,48718
2040.205443,48719
2040.206730,48720
2040.208300,48721
2040.208340,48722
2040.208340,48729
2040.208340,48730
2040.208340,48732
2040.208488,48733
2040.210185,48734
2040.210493,48735
2040.210981,48736
2040.213807,48737
2040.214089,48738
2040.214335,48739
2040.214640,48740
2040.214878,48741
2040.215062,48742
2040.215271,48743
2040.215340,48744
2040.215925,48745
2040.216043,48746
2040.216424,48747
2040.216894,48748
2040.217740,48749
2040.218304,48750
2040.218340,48751
2040.218340,48758
2040.218340,48761
2040.218340,48764
2040.218340,48765
2040.218340,48769
2040.218340,48770
2040.218440,48771
2040.218911,48772
2040.220208,48773
2040.221190,48774
2040.221342,48775
2040.222240,48776
2040.223046,48777
2040.224200,48778
2040.224285,48779
2040.224350,48780
2040.224450,48781
2040.224973,48782
2040.225541,48783
2040.225760,48784
2040.225900,48785
2040.226855,48786
2040.227340,48787
2040.228340,48788
2040.228340,48789
2040.228340,48791
2040.228340,48792
2040.228340,48793
2040.228420,48794
2040.230150,48795
2040.231207,48796
2040.232495,48797
2040.232623,48798
2040.232740,48799
2040.233357,48800
2040.233857,48801
2040.235025,48802
2040.236017,48803
2040.236710,48804
2040.236887,48805
2040.237663,48806
2040.238340,48807
2040.238340,48810
2040.238340,48811
2040.238340,48813
2040.238340,48814
2040.238340,48816
2040.238474,48817
2040.238539,48818
2040.238821,48819
2040.240250,48820
2040.240600,48821
2040.241208,48822
2040.241522,48823
2040.241856,48824
2040.241990,48825
2040.242785,48826
2040.243076,48827
2040.243206,48828
2040.243375,48829
2040.245190,48830
2040.245438,48831
2040.245617,48832
2040.246042,48833
2040.246509,48834
2040.246954,48835
2040.246956,48836
2040.248340,48840
2040.248340,48841
2040.248527,48842
2040.250154,48843
2040.250260,48844
2040.250388,48845
2040.250782,48846
2040.252220,48847
2040.252330,48848
2040.252880,48849
2040.253260,48850
2040.253340,48851
2040.253374,48852
2040.254097,48853
2040.254304,48854
2040.255124,48855
2040.255194,48856
2040.255340,48857
2040.255361,48858
2040.256085,48859
2040.257230,48861
2040.257592,48862
2040.258340,48864
2040.258340,48866
2040.258340,48867
2040.258758,48868
2040.258915,48869
2040.258946,48870
2040.259105,48871
2040.259960,48872
2040.260921,48873
2040.261034,48874
2040.261100,48875
2040.261106,48876
2040.261107,48877
2040.261110,48878
2040.261424,48879
2040.262560,48880
2040.262940,48881
2040.264430,48882
2040.264473,48883
2040.264655,48884
2040.265180,48885
2040.267150,48886
2040.267505,48887
2040.267640,48888
2040.267960,48889
2040.268340,48890
2040.268340,48897
2040.268340,48903
2040.268340,48905
2040.268340,48908
2040.268340,48909
2040.269006,48910
2040.271819,48911
2040.272540,48912
2040.273866,48913
2040.274435,48914
2040.275250,48915
2040.275310,48916
2040.275400,48917
2040.275440,48918
2040.276340,48919
2040.278340,48920
2040.278340,48922
2040.278340,48923
2040.278340,48924
2040.278340,48925
2040.278340,48926
2040.278340,48927
2040.278591,48928
2040.278703,48929
2040.279137,48930
2040.279830,48931
2040.279930,48932
2040.280340,48933
2040.280803,48934
2040.281181,48935
2040.281830,48936
2040.284053,48937
2040.284130,48938
2040.284451,48939
2040.284578,48940
2040.285821,48941
2040.286103,48942
2040.287485,48943
2040.288340,48945
2040.288340,48946
2040.288340,48948
2040.288340,48949
2040.288340,48950
2040.288340,48951
2040.290137,48952
2040.291333,48953
2040.291426,48954
2040.291882,48955
2040.291902,48956
2040.292614,48957
2040.292690,48958
2040.293340,48961
2040.294246,48962
2040.294816,48963
2040.294830,48964
2040.294957,48965
2040.295016,48966
2040.297534,48967
2040.297889,48968
2040.298100,48969
2040.298130,48970
2040.298340,48973
2040.298340,48981
2040.298340,48983
2040.298340,48984
2040.298340,48986
2040.298340,48987
2040.298526,48988
2040.299315,48989
2040.299590,48990
2040.302248,48991
2040.303170,48992
2040.303215,48993
2040.303754,48994
2040.304173,48995
2040.305031,48996
2040.305149,48997
2040.305510,48998
2040.305630,48999
2040.306195,49000
2040.307135,49001
2040.308340,49002
2040.308340,49006
2040.308340,49007
2040.308340,49008
2040.308340,49009
2040.308610,49010
2040.308890,49011
2040.308916,49012
2040.309596,49013
2040.309999,49014
2040.312340,49015
2040.312420,49016
2040.313082,49017
2040.314450,49018
2040.314600,49019
2040.314615,49020
2040.314618,49021
2040.315624,49022
2040.315625,49023
2040.316340,49024
2040.316956,49025
2040.317046,49026
2040.317420,49028
2040.317560,49029
2040.317640,49030
2040.317798,49031
2040.318340,49036
2040.318340,49043
2040.318340,49047
2040.318340,49048
2040.318340,49051
2040.318380,49052
2040.318740,49053
2040.319010,49054
2040.319165,49055
2040.320140,49056
2040.320425,49057
2040.320889,49058
2040.321160,49059
2040.321250,49060
2040.321510,49061
2040.322387,49062
2040.322604,49063
2040.322673,49064
2040.324567,49065
2040.325291,49066
2040.325913,49067
2040.326607,49068
2040.327366,49069
2040.328340,49072
2040.328340,49074
2040.328340,49075
2040.331027,49076
2040.331555,49077
2040.332380,49078
2040.332616,49080
2040.332959,49081
2040.333672,49082
2040.333680,49083
2040.334854,49084
2040.335060,49085
2040.335161,49086
2040.335736,49087
2040.335971,49088
2040.337604,49089
2040.337781,49090
2040.337848,49091
2040.338245,49092
2040.338340,49095
2040.338340,49098
2040.338340,49102
2040.338520,49103
2040.339180,49104
2040.340101,49105
2040.340270,49106
2040.340570,49107
2040.341310,49108
2040.346116,49109
2040.346260,49110
2040.347642,49111
2040.348170,49112
2040.348340,49114
2040.348340,49115
2040.348540,49116
2040.349425,49117
2040.350946,49118
2040.351548,49119
2040.351570,49120
2040.351659,49121
2040.351757,49122
2040.352074,49123
2040.352187,49124
2040.353276,49125
2040.353296,49126
2040.354093,49127
2040.354517,49128
2040.354910,49129
2040.354933,49130
2040.356324,49131
2040.356440,49132
2040.357245,49133
2040.358220,49134
2040.358340,49137
2040.358340,49140
2040.358571,49141
2040.359668,49142
2040.360270,49143
2040.360513,49144
2040.360970,49145
2040.361512,49146
2040.361535,49147
2040.361750,49148
2040.361996,49149
2040.362200,49150
2040.362416,49151
2040.362522,49152
2040.363272,49153
2040.363340,49154
2040.363380,49155
2040.364097,49156
2040.364130,49157
2040.365008,49158
2040.365326,49159
2040.365718,49160
2040.366350,49161
2040.366442,49162
2040.366786,49163
2040.366960,49164
2040.368340,49165
2040.368340,49168
2040.368340,49169
2040.368825,49170
2040.369023,49171
2040.369657,49172
2040.370518,49173
2040.372110,49174
2040.372898,49175
2040.373340,49176
2040.374780,49177
2040.375029,49178
2040.375531,49179
2040.375630,49180
2040.375660,49181
2040.376057,49182
2040.376065,49183
2040.376640,49184
2040.376760,49185
2040.377770,49186
2040.377831,49187
2040.378264,49188
2040.378340,49189
2040.378340,49191
2040.378340,49194
2040.378610,49195
2040.378670,49196
2040.379050,49197
2040.379302,49198
2040.379575,49199
2040.380180,49200
2040.380822,49201
2040.380938,49202
2040.380990,49203
2040.381340,49204
2040.381860,49205
2040.383490,49206
2040.384174,49207
2040.384628,49208
2040.385434,49209
2040.386740,49210
2040.387270,49215
2040.387410,49216
2040.388030,49217
2040.388300,49218
2040.388340,49219
2040.388340,49220
2040.388340,49222
2040.388340,49224
2040.389340,49225
2040.389340,49226
2040.391824,49227
2040.392738,49228
2040.392800,49229
2040.393286,49230
2040.393721,49231
2040.394130,49232
2040.395317,49233
2040.395600,49234
2040.395880,49235
2040.396774,49236
2040.397975,49237
2040.398340,49240
2040.398340,49242
2040.400204,49243
2040.400660,49244
2040.400876,49245
2040.401054,49246
2040.401430,49247
2040.401580,49248
2040.401770,49249
2040.402682,49250
2040.403030,49251
2040.403247,49252
2040.403262,49253
2040.403689,49254
2040.404132,49255
2040.404450,49256
2040.404798,49257
2040.405826,49258
2040.406350,49259
2040.406490,49260
2040.406720,49261
2040.406947,49262
2040.407750,49263
2040.408080,49264
2040.408240,49265
2040.408340,49273
2040.408340,49275
2040.408340,49277
2040.408340,49279
2040.408480,49280
2040.408660,49281
2040.408810,49282
2040.409183,49283
2040.410195,49284
2040.411430,49287
2040.412340,49288
2040.412958,49289
2040.413070,49290
2040.414154,49291
2040.414380,49292
2040.414382,49293
2040.415340,49294
2040.415581,49295
2040.415640,49296
2040.417020,49297
2040.417570,49298
2040.418067,49299
2040.418340,49300
2040.418340,49307
2040.418340,49316
2040.418340,49324
2040.418340,49326
2040.418730,49327
2040.418853,49328
2040.419566,49329
2040.420080,49330
2040.421789,49331
2040.422459,49332
2040.423340,49333
2040.423340,49335
2040.426700,49336
2040.428140,49337
2040.428340,49338
2040.428340,49339
2040.428340,49341
2040.428340,49344
2040.428874,49345
2040.429175,49346
2040.429590,49347
2040.429790,49348
2040.432340,49349
2040.432860,49350
2040.432929,49351
2040.433278,49352
2040.433360,49353
2040.434340,49354
2040.435261,49355
2040.436613,49356
2040.437783,49357
2040.437880,49358
2040.438224,49359
2040.438340,49361
2040.438340,49362
2040.438423,49363
2040.439340,49364
2040.439820,49365
2040.440175,49366
2040.440460,49367
2040.441120,49368
2040.441566,49369
2040.441776,49370
2040.442126,49371
2040.442163,49372
2040.442770,49373
2040.445050,49374
2040.445131,49375
2040.445470,49376
2040.446092,49377
2040.447537,49378
2040.448340,49379
2040.448340,49380
2040.448340,49381
2040.448340,49384
2040.449153,49385
2040.449405,49386
2040.450965,49387
2040.451147,49388
2040.451264,49389
2040.451547,49390
2040.451900,49391
2040.452074,49392
2040.452710,49393
2040.452720,49394
2040.452730,49395
2040.453046,49396
2040.453150,49397
2040.453238,49398
2040.453340,49399
2040.453340,49400
2040.455258,49401
2040.455432,49402
2040.455951,49403
2040.456494,49404
2040.457209,49405
2040.458200,49406
2040.458340,49407
2040.458340,49408
2040.458340,49409
2040.458340,49410
2040.458527,49411
2040.459738,49412
2040.460990,49413
2040.461126,49414
2040.462612,49415
2040.462651,49416
2040.462990,49417
2040.464520,49418
2040.464548,49419
2040.465340,49420
2040.465604,49421
2040.466300,49422
2040.466340,49425
2040.466439,49426
2040.467530,49427
2040.468084,49428
2040.468340,49429
2040.468340,49430
2040.468340,49431
2040.468340,49432
2040.468340,49433
2040.468340,49434
2040.468397,49435
2040.468451,49436
2040.469250,49437
2040.470888,49438
2040.471719,49439
2040.471823,49440
2040.472020,49441
2040.472251,49442
2040.472717,49443
2040.473770,49444
2040.474674,49445
2040.475038,49446
2040.476870,49447
2040.477520,49448
2040.478220,49449
2040.478340,49450
2040.478340,49452
2040.478340,49453
2040.478950,49454
2040.479536,49455
2040.481744,49456
2040.483340,49457
2040.484259,49458
2040.484426,49459
2040.484735,49460
2040.485516,49461
2040.485683,49462
2040.486055,49463
2040.486603,49464
2040.487340,49465
2040.487360,49466
2040.488340,49467
2040.488340,49468
2040.488340,49469
2040.488340,49473
2040.488340,49477
2040.488340,49478
2040.489240,49479
2040.489340,49480
2040.490080,49481
2040.490330,49482
2040.491450,49483
2040.492051,49484
2040.492590,49485
2040.492653,49486
2040.493110,49487
2040.493340,49488
2040.493410,49489
2040.494169,49490
2040.494195,49491
2040.496012,49492
2040.497975,49493
2040.498340,49494
2040.498340,49497
2040.498340,49498
2040.498340,49501
2040.498500,49502
2040.498654,49503
2040.499731,49504
2040.499815,49505
2040.500180,49506
2040.500330,49507
2040.501262,49508
2040.501273,49509
2040.501846,49510
2040.501948,49511
2040.503430,49512
2040.504241,49513
2040.505084,49514
2040.505309,49515
2040.505519,49516
2040.505980,49517
2040.506089,49518
2040.506995,49519
2040.507735,49520
2040.508340,49524
2040.508340,49526
2040.508340,49527
2040.508563,49528
2040.510590,49529
2040.510676,49530
2040.512340,49531
2040.513136,49532
2040.513382,49533
2040.513413,49534
2040.514967,49535
2040.515823,49536
2040.516223,49537
2040.516288,49538
2040.518340,49539
2040.518340,49546
2040.518340,49550
2040.518340,49561
2040.518340,49563
2040.518514,49564
2040.518790,49565
2040.519220,49566
2040.519320,49567
2040.519749,49568
2040.520090,49569
2040.520538,49570
2040.522111,49571
2040.522524,49572
2040.523203,49573
2040.523340,49574
2040.523442,49575
2040.523650,49576
2040.523668,49577
2040.523877,49578
2040.524679,49579
2040.524750,49580
2040.524953,49581
2040.525058,49582
2040.525680,49583
2040.525990,49584
2040.526240,49585
2040.526350,49586
2040.526700,49587
2040.527074,49588
2040.527596,49589
2040.528340,49591
2040.528340,49592
2040.528340,49594
2040.528340,49595
2040.528340,49597
2040.528340,49598
2040.528340,49599
2040.529749,49600
2040.530160,49601
2040.530413,49602
2040.530443,49603
2040.530497,49604
2040.530603,49605
2040.531500,49606
2040.531858,49607
2040.533582,49608
2040.534301,49609
2040.534322,49610
2040.535880,49611
2040.536389,49612
2040.537109,49613
2040.537254,49614
2040.537340,49616
2040.537504,49617
2040.538340,49618
2040.538340,49620
2040.538340,49622
2040.539134,49623
2040.539284,49624
2040.539398,49625
2040.540303,49626
2040.541920,49627
2040.541945,49628
2040.542059,49629
2040.543404,49630
2040.543500,49631
2040.543629,49632
2040.543730,49633
2040.544070,49634
2040.544594,49635
2040.545646,49636
2040.546307,49637
2040.546600,49638
2040.547676,49639
2040.548340,49641
2040.548340,49642
2040.548340,49643
2040.548340,49644
2040.548340,49646
2040.548340,49647
2040.548810,49648
2040.549471,49649
2040.549620,49650
2040.549930,49651
2040.550234,49652
2040.551067,49653
2040.552645,49654
2040.552908,49655
2040.553699,49656
2040.553779,49657
2040.558340,49658
2040.558340,49659
2040.558340,49662
2040.558965,49663
2040.559259,49664
2040.560480,49665
2040.561776,49666
2040.563233,49667
2040.563372,49668
2040.563631,49669
2040.564540,49670
2040.566010,49671
2040.566390,49672
2040.567773,49673
2040.567892,49674
2040.567950,49675
2040.568340,49676
2040.568340,49677
2040.568340,49678
2040.568340,49681
2040.568340,49683
2040.568340,49684
2040.568547,49685
2040.568594,49686
2040.568800,49687
2040.569126,49688
2040.570233,49689
2040.570350,49690
2040.570699,49691
2040.572340,49692
2040.574776,49693
2040.574835,49694
2040.574920,49695
2040.575518,49696
2040.577340,49697
2040.578195,49698
2040.578340,49700
2040.578340,49703
2040.578340,49704
2040.578782,49705
2040.578888,49706
2040.579455,49707
2040.579879,49708
2040.580680,49709
2040.581231,49710
2040.582720,49711
2040.585700,49712
2040.585820,49713
2040.587060,49714
2040.587604,49715
2040.587688,49716
2040.588340,49718
2040.588340,49719
2040.588340,49723
2040.588668,49724
2040.588700,49725
2040.588741,49726
2040.588807,49727
2040.588889,49728
2040.589500,49729
2040.589540,49730
2040.589800,49731
2040.589960,49732
2040.591955,49733
2040.592670,49734
2040.592810,49735
2040.593340,49736
2040.593934,49737
2040.595990,49738
2040.596234,49739
2040.596499,49740
2040.597340,49741
2040.597375,49742
2040.597918,49743
2040.598340,49744
2040.598340,49745
2040.598340,49746
2040.598340,49747
2040.598340,49748
2040.598410,49749
2040.598648,49750
2040.600115,49751
2040.601690,49752
2040.601942,49753
2040.602237,49754
2040.602445,49755
2040.602552,49756
2040.602710,49757
2040.603844,49758
2040.604630,49759
2040.605645,49760
2040.605789,49761
2040.606896,49762
2040.606988,49763
2040.607241,49764
2040.607920,49765
2040.608340,49766
2040.608340,49767
2040.608340,49775
2040.608340,49776
2040.608340,49779
2040.608340,49781
2040.609122,49782
2040.609636,49783
2040.609791,49784
2040.610432,49785
2040.610720,49786
2040.612296,49787
2040.613576,49788
2040.613774,49789
2040.615008,49790
2040.615771,49791
2040.616746,49792
2040.617669,49793
2040.617860,49794
2040.618139,49795
2040.618240,49796
2040.618340,49797
2040.618340,49800
2040.618340,49808
2040.618340,49815
2040.618340,49822
2040.618340,49823
2040.618340,49824
2040.619028,49825
2040.619150,49826
2040.619613,49827
2040.621274,49828
2040.621340,49829
2040.622000,49830
2040.622920,49831
2040.623834,49832
2040.625292,49833
2040.625360,49834
2040.625670,49835
2040.625758,49836
2040.625879,49837
2040.627152,49838
2040.627870,49839
2040.628204,49840
2040.628340,49841
2040.628340,49842
2040.628340,49844
2040.630836,49845
2040.631370,49846
2040.631950,49847
2040.633840,49848
2040.634269,49849
2040.635310,49850
2040.635517,49851
2040.636187,49852
2040.636350,49853
2040.636500,49854
2040.636588,49855
2040.636670,49856
2040.636920,49857
2040.637034,49858
2040.638340,49861
2040.638340,49862
2040.638340,49863
2040.638543,49864
2040.640247,49865
2040.640360,49866
2040.641000,49867
2040.641660,49868
2040.642277,49869
2040.643276,49870
2040.643840,49871
2040.645119,49872
2040.645744,49873
2040.645840,49874
2040.646528,49875
2040.648032,49876
2040.648340,49878
2040.648340,49881
2040.648718,49882
2040.649340,49884
2040.649808,49885
2040.650635,49886
2040.651070,49887
2040.651735,49888
2040.653100,49889
2040.653200,49890
2040.653340,49891
2040.654100,49892
2040.654725,49893
2040.655480,49894
2040.658130,49895
2040.658340,49897
2040.658340,49898
2040.658340,49901
2040.658656,49902
2040.659552,49903
2040.659884,49904
2040.660855,49905
2040.661357,49906
2040.661650,49907
2040.661680,49908
2040.661966,49909
2040.662320,49910
2040.662340,49911
2040.662890,49912
2040.663540,49913
2040.663758,49914
2040.664340,49915
2040.667005,49916
2040.668340,49917
2040.668340,49918
2040.668340,49919
2040.668853,49920
2040.669921,49921
2040.670280,49923
2040.674062,49924
2040.675120,49925
2040.675965,49926
2040.677040,49927
2040.677270,49928
2040.677305,49929
2040.677573,49930
2040.677890,49931
2040.678340,49932
2040.678340,49933
2040.678550,49934
2040.679339,49935
2040.680835,49936
2040.681375,49937
2040.681680,49938
2040.681937,49939
2040.682870,49940
2040.682930,49941
2040.683340,49942
2040.683360,49943
2040.683710,49944
2040.683776,49945
2040.684707,49946
2040.685399,49947
2040.686630,49948
2040.687239,49949
2040.687393,49950
2040.688004,49951
2040.688020,49952
2040.688340,49954
2040.688340,49955
2040.688340,49958
2040.688340,49959
2040.688668,49960
2040.690000,49961
2040.692087,49962
2040.692940,49963
2040.694772,49964
2040.695038,49965
2040.695470,49966
2040.695718,49967
2040.697586,49968
2040.698300,49969
2040.698340,49970
2040.698340,49972
2040.698340,49974
2040.698340,49975
2040.698340,49977
2040.699088,49978
2040.699296,49979
2040.699430,49980
2040.699546,49981
2040.701500,49982
2040.701510,49983
2040.701980,49984
2040.702260,49985
2040.703190,49986
2040.703980,49987
2040.704991,49988
2040.706345,49989
2040.708340,49991
2040.708340,49992
2040.708340,49994
2040.708340,49996
2040.708679,49997
2040.708845,49998
2040.708935,49999
2040.709090,50001
2040.709963,50002
2040.710420,50003
2040.710980,50004
2040.711067,50005
2040.711614,50006
2040.711736,50007
2040.712370,50008
2040.712827,50009
2040.713349,50010
2040.714763,50011
2040.714930,50012
2040.715129,50013
2040.715569,50014
2040.715992,50015
2040.716820,50016
2040.717921,50017
2040.718340,50023
2040.718340,50031
2040.718340,50038
2040.718340,50039
2040.718340,50042
2040.719266,50043
2040.719916,50044
2040.720480,50045
2040.721340,50046
2040.723412,50047
2040.723490,50048
2040.723800,50049
2040.724350,50050
2040.724480,50051
2040.724630,50052
2040.725300,50053
2040.725720,50054
2040.725810,50055
2040.726950,50056
2040.727181,50057
2040.727680,50058
2040.728012,50059
2040.728340,50060
2040.728340,50061
2040.728340,50062
2040.728477,50063
2040.729059,50064
2040.729641,50065
2040.731210,50066
2040.731276,50067
2040.731340,50068
2040.731850,50069
2040.732290,50070
2040.732298,50071
2040.732340,50072
2040.734350,50073
2040.734990,50074
2040.736297,50075
2040.736536,50076
2040.738340,50077
2040.738340,50081
2040.738340,50082
2040.738340,50083
2040.738340,50084
2040.738915,50085
2040.739090,50086
2040.739427,50087
2040.740325,50088
2040.740513,50089
2040.740727,50090
2040.741699,50091
2040.742340,50092
2040.744400,50093
2040.744870,50094
2040.747918,50095
2040.748340,50096
2040.748340,50097
2040.748340,50098
2040.748340,50099
2040.749067,50100
2040.749340,50101
2040.749695,50102
2040.750104,50103
2040.750452,50104
2040.751921,50105
2040.754630,50106
2040.755518,50107
2040.755789,50108
2040.757590,50109
2040.757960,50110
2040.758273,50111
2040.758340,50112
2040.758340,50114
2040.758340,50116
2040.759930,50117
2040.760930,50118
2040.760963,50119
2040.763440,50120
2040.763566,50121
2040.763990,50122
2040.764072,50123
2040.764731,50124
2040.765437,50125
2040.767179,50126
2040.767990,50127
2040.768122,50128
2040.768309,50129
2040.768340,50130
2040.768340,50131
2040.768340,50133
2040.768340,50134
2040.768410,50135
2040.769077,50136
2040.771870,50137
2040.772340,50138
2040.772694,50139
2040.773540,50140
2040.774450,50141
2040.774570,50142
2040.775029,50143
2040.775570,50144
2040.775948,50145
2040.776152,50146
2040.776429,50147
2040.777300,50148
2040.777570,50149
2040.778340,50150
2040.778340,50151
2040.778903,50152
2040.779220,50153
2040.780315,50154
2040.780400,50155
2040.780652,50156
2040.780700,50157
2040.781939,50158
2040.782180,50159
2040.782241,50160
2040.783262,50161
2040.783288,50162
2040.783620,50163
2040.783630,50164
2040.783860,50165
2040.784264,50166
2040.785214,50167
2040.785390,50168
2040.785800,50169
2040.785843,50170
2040.786550,50174
2040.788340,50175
2040.788340,50176
2040.788340,50177
2040.788340,50180
2040.788366,50181
2040.788613,50182
2040.788860,50183
2040.789100,50184
2040.789738,50185
2040.791065,50186
2040.791153,50187
2040.791788,50188
2040.792878,50189
2040.792946,50190
2040.794678,50191
2040.794810,50192
2040.795310,50193
2040.795413,50194
2040.795930,50195
2040.797450,50196
2040.798180,50197
2040.798340,50198
2040.798340,50201
2040.799283,50202
2040.799331,50203
2040.800713,50204
2040.801340,50205
2040.801614,50206
2040.803280,50207
2040.805948,50208
2040.808340,50209
2040.808340,50211
2040.808340,50212
2040.808956,50213
2040.810201,50214
2040.810665,50215
2040.811177,50216
2040.813053,50217
2040.813140,50218
2040.814020,50219
2040.814348,50220
2040.815890,50221
2040.817260,50222
2040.817340,50223
2040.817536,50224
2040.818340,50227
2040.818340,50234
2040.818340,50242
2040.818340,50244
2040.818340,50245
2040.818340,50246
2040.818951,50247
2040.819410,50248
2040.820521,50249
2040.820619,50250
2040.821066,50251
2040.822221,50252
2040.824661,50253
2040.825650,50254
2040.825739,50255
2040.826151,50256
2040.827180,50257
2040.828037,50258
2040.828340,50259
2040.828340,50261
2040.828340,50265
2040.829532,50266
2040.830107,50267
2040.830438,50268
2040.830890,50269
2040.830930,50270
2040.833004,50271
2040.834186,50272
2040.834680,50273
2040.835025,50274
2040.835979,50275
2040.836821,50276
2040.837440,50277
2040.837740,50278
2040.838340,50279
2040.838340,50283
2040.838340,50284
2040.838340,50285
2040.838840,50286
2040.839480,50287
2040.840112,50288
2040.840650,50289
2040.842130,50290
2040.842190,50291
2040.842286,50292
2040.843221,50293
2040.843374,50294
2040.844120,50295
2040.845010,50296
2040.845340,50297
2040.845436,50298
2040.845565,50299
2040.845640,50300
2040.846840,50301
2040.847723,50302
2040.848340,50303
2040.848340,50304
2040.850936,50305
2040.852530,50306
2040.852896,50307
2040.854255,50308
2040.854560,50309
2040.857387,50310
2040.858319,50311
2040.858340,50312
2040.858340,50313
2040.858340,50315
2040.859136,50316
2040.859163,50317
2040.860196,50318
2040.861497,50319
2040.863980,50320
2040.864336,50321
2040.864655,50322
2040.865840,50323
2040.866717,50324
2040.866986,50325
2040.867424,50326
2040.867521,50327
2040.868340,50328
2040.868340,50329
2040.869220,50330
2040.869552,50331
2040.869730,50332
2040.873278,50333
2040.878340,50334
2040.878340,50336
2040.878340,50337
2040.879730,50338
2040.880060,50339
2040.880125,50340
2040.882485,50341
2040.883170,50342
2040.883416,50343
2040.885028,50344
2040.886774,50345
2040.887741,50346
2040.888291,50347
2040.888340,50348
2040.888340,50350
2040.889459,50351
2040.892567,50352
2040.893340,50353
2040.893348,50354
2040.893409,50355
2040.894106,50356
2040.895664,50357
2040.896283,50358
2040.897340,50359
2040.897540,50360
2040.898340,50361
2040.898340,50362
2040.899730,50363
2040.900489,50364
2040.902374,50365
2040.906490,50366
2040.906863,50367
2040.907340,50368
2040.908340,50369
2040.908340,50371
2040.908340,50372
2040.909940,50373
2040.910720,50374
2040.912994,50375
2040.914819,50376
2040.918340,50377
2040.918340,50380
2040.918340,50386
2040.918340,50388
2040.918340,50389
2040.918958,50390
2040.920317,50391
2040.920868,50392
2040.922350,50393
2040.922434,50394
2040.923040,50395
2040.928340,50407
2040.928660,50408
2040.930940,50409
2040.931965,50410
2040.933908,50411
2040.933977,50412
2040.935090,50413
2040.935706,50414
2040.936570,50415
2040.938340,50416
2040.938915,50417
2040.939023,50418
2040.939240,50419
2040.940325,50420
2040.941292,50421
2040.942971,50422
2040.943134,50423
2040.943345,50424
2040.951458,50425
2040.951585,50426
2040.951650,50427
2040.952208,50428
2040.961565,50429
2040.961740,50430
2040.964540,50431
2040.966650,50432
2040.968340,50436
2040.968340,50437
2040.969230,50438
2040.970959,50439
2040.974300,50440
2040.977040,50441
2040.980309,50442
2040.985740,50443
2040.986560,50444
2040.991264,50445
2041.001569,50446
2041.004381,50447
2041.015820,50448
2041.016100,50449
2041.016176,50450
2041.017490,50451
2041.017800,50452
2041.017850,50453
2041.018090,50454
2041.018120,50455
